candidate_name,role,seniority,phrasing,true_skills
Ravi Kapoor,ml_engineer,Intern,mixed,machine learning|pytorch|tensorflow
Dhruv Shetty,data_scientist,Junior,full,cloud|machine learning|pandas|python|scikit-learn|statistics
Lalita Dubey,nlp_engineer,Junior,abbr,deep learning|python|pytorch|scikit-learn|text classification
Akash Jain,data_analyst,Intern,mixed,data analysis|excel|html/css|node.js|power bi|python
Akash Patel,backend_developer,Mid,full,java|postgresql|spring boot|sql
Zoya Varma,frontend_developer,Junior,full,git|html/css|javascript|machine learning|numpy
Shreya Desai,devops_engineer,Senior,mixed,ci/cd|cloud|docker|git|kubernetes|linux|rest api
Shreya Deshpande,data_engineer,Intern,abbr,docker|kubernetes|natural language processing|pandas|python|sql
Ravi Chandran,ml_engineer,Intern,mixed,cloud|python|pytorch|tableau|tensorflow
Manish Kulkarni,data_scientist,Intern,mixed,machine learning|power bi|sql|statistics|tableau
Shreya Venkatesh,nlp_engineer,Senior,full,deep learning|docker|mongodb|natural language processing|python|pytorch|text classification
Qamar Agarwal,data_analyst,Intern,mixed,data analysis|excel|python|sql
Kavya Agarwal,backend_developer,Mid,full,git|mongodb|postgresql|python|rest api|spring boot|sql
Priya Pillai,frontend_developer,Intern,full,git|javascript
Vikram Krishnan,devops_engineer,Senior,mixed,ci/cd|cloud|docker|kubernetes|linux|tableau
Sahana Saxena,data_engineer,Senior,mixed,cloud|docker|kubernetes|linux|pandas|postgresql|python|sql|statistics|tableau
Ananya Dubey,ml_engineer,Intern,abbr,deep learning|git|natural language processing|python|scikit-learn|sql
Omkar Kulkarni,data_scientist,Mid,abbr,cloud|data analysis|machine learning|mongodb|numpy|pandas|power bi|scikit-learn|sql|statistics
Yash Tiwari,nlp_engineer,Junior,mixed,artificial intelligence|deep learning|python|pytorch|scikit-learn|tensorflow|text classification
Harini Kaur,data_analyst,Junior,abbr,data analysis|excel|power bi|python|tableau
Mohit Chopra,backend_developer,Junior,full,java|linux|postgresql|rest api|spring boot
Jatin Verma,frontend_developer,Senior,full,git|html/css|javascript|react|rest api|text classification
Yamini Reddy,devops_engineer,Intern,full,ci/cd|cloud|kubernetes|python|rest api
Kavya Varma,data_engineer,Mid,full,ci/cd|cloud|linux|mongodb|postgresql|python|sql
Meera Raghavan,ml_engineer,Junior,abbr,deep learning|pytorch|scikit-learn|tensorflow
Vinay Raghavan,data_scientist,Intern,abbr,data analysis|node.js|python|rest api|statistics|tableau
Bhargav Chandran,nlp_engineer,Senior,full,deep learning|natural language processing|numpy|python|pytorch|text classification
Rakesh Patel,data_analyst,Mid,full,ci/cd|data analysis|excel|linux|power bi|tableau
Lakshmi Varma,backend_developer,Senior,mixed,java|postgresql|rest api|spring boot|sql
Yash Agarwal,frontend_developer,Intern,mixed,html/css|javascript|machine learning|node.js|power bi
Kavya Deshpande,devops_engineer,Mid,mixed,ci/cd|cloud|docker|java|linux|python
Jaya Malhotra,data_engineer,Junior,mixed,ci/cd|cloud|docker|postgresql|sql
Pooja Venkatesh,ml_engineer,Intern,mixed,deep learning|pytorch|scikit-learn
Bhargav Venkatesh,data_scientist,Intern,full,data analysis|natural language processing|scikit-learn|sql|statistics|text classification
Vidya Chandran,nlp_engineer,Senior,abbr,artificial intelligence|deep learning|machine learning|natural language processing|numpy|python|pytorch|text classification
Lalita Kumar,data_analyst,Senior,abbr,data analysis|excel|pandas|postgresql|power bi|scikit-learn|sql|tableau
Yash Ghosh,backend_developer,Mid,mixed,git|java|postgresql|python|rest api|spring boot
Varun Prasad,frontend_developer,Senior,abbr,git|html/css|javascript|node.js|react|rest api
Farhan Ghosh,devops_engineer,Mid,abbr,ci/cd|cloud|java|kubernetes|linux|python
Rajesh Desai,data_engineer,Intern,mixed,docker|pandas|postgresql|sql
Lakshmi Malhotra,ml_engineer,Senior,abbr,cloud|deep learning|machine learning|python|pytorch|scikit-learn|sql|statistics|tensorflow
Rohan Kumar,data_scientist,Senior,mixed,cloud|data analysis|machine learning|pandas|python|scikit-learn|sql|statistics|tableau|text classification
Zoya Gupta,nlp_engineer,Intern,mixed,cloud|deep learning|pytorch|text classification
Naveen Dubey,data_analyst,Senior,mixed,data analysis|excel|power bi|react|rest api|sql|statistics|tableau
Qamar Nambiar,backend_developer,Senior,full,docker|java|postgresql|rest api|scikit-learn|spring boot|sql
Pooja Sharma,frontend_developer,Mid,mixed,git|html/css|java|javascript|react
Bhargav Varma,devops_engineer,Mid,full,ci/cd|cloud|docker|kubernetes|postgresql|python
Pallavi Patel,data_engineer,Senior,full,cloud|docker|linux|mongodb|pandas|postgresql|python|sql
Aniket Joshi,ml_engineer,Mid,full,deep learning|machine learning|pandas|python|pytorch|tensorflow
Rahul Chandran,data_scientist,Mid,abbr,data analysis|machine learning|pandas|sql|statistics|tableau
Ritu Raghavan,nlp_engineer,Intern,full,deep learning|docker|python|rest api|text classification
Ganesh Iyer,data_analyst,Junior,mixed,data analysis|excel|git|html/css|power bi|statistics|tableau
Kabir Chopra,backend_developer,Junior,mixed,git|kubernetes|linux|postgresql|python|rest api|spring boot|sql
Omkar Menon,frontend_developer,Mid,full,cloud|git|javascript|react|rest api
Sanjay Balan,devops_engineer,Junior,mixed,ci/cd|docker|kubernetes|linux
Pranav Nair,data_engineer,Senior,mixed,cloud|docker|postgresql|python|sql
Bhavna Malhotra,ml_engineer,Senior,full,deep learning|git|machine learning|pandas|python|pytorch|scikit-learn|tensorflow
Darshan Kumar,data_scientist,Junior,mixed,cloud|data analysis|deep learning|machine learning|pandas|power bi|python
Kavya Balan,nlp_engineer,Junior,full,ci/cd|cloud|deep learning|docker|python|pytorch|text classification
Lakshmi Agarwal,data_analyst,Mid,full,data analysis|excel|pandas|postgresql|power bi|sql
Aniket Gupta,backend_developer,Junior,abbr,docker|java|javascript|rest api|spring boot|sql
Vidya Deshpande,frontend_developer,Senior,abbr,git|html/css|javascript|react
Rohan Nair,devops_engineer,Mid,abbr,ci/cd|cloud|git|kubernetes|linux
Madhav Krishnan,data_engineer,Intern,full,cloud|mongodb|postgresql|sql|tensorflow
Shreya Prasad,ml_engineer,Senior,full,cloud|deep learning|machine learning|numpy|pandas|python|pytorch|scikit-learn|tensorflow
Tarun Subramanian,data_scientist,Senior,mixed,cloud|data analysis|machine learning|numpy|pandas|power bi|python|sql|statistics|text classification
Manish Reddy,nlp_engineer,Senior,mixed,deep learning|natural language processing|python|pytorch|statistics|text classification
Vidya Patel,data_analyst,Senior,full,data analysis|excel|power bi|sql|tableau
Rhea Joshi,backend_developer,Intern,abbr,kubernetes|linux|rest api|spring boot|sql
Aniket Verma,frontend_developer,Junior,mixed,git|javascript|node.js|pandas|react|statistics
Siddharth Nair,devops_engineer,Mid,mixed,ci/cd|cloud|docker|linux
Indira Reddy,data_engineer,Senior,full,cloud|docker|html/css|postgresql|python|rest api|sql
Vidya Raghavan,ml_engineer,Intern,full,deep learning|python|statistics|tensorflow
Kabir Nair,data_scientist,Junior,mixed,data analysis|docker|java|numpy|pandas|power bi|python|scikit-learn|sql
Sameer Varma,nlp_engineer,Mid,full,cloud|deep learning|python|pytorch|scikit-learn|text classification
Dhruv Tiwari,data_analyst,Mid,mixed,data analysis|power bi|sql|tableau
Varun Kapoor,backend_developer,Intern,mixed,docker|git|java|machine learning|spring boot|sql|text classification
Sahana Tiwari,frontend_developer,Junior,abbr,cloud|git|javascript|kubernetes|react
Deepa Patel,devops_engineer,Junior,abbr,ci/cd|docker|kubernetes|linux|tableau
Omkar Sharma,data_engineer,Intern,mixed,cloud|kubernetes|linux|postgresql|python
Aditi Desai,ml_engineer,Junior,abbr,computer vision|deep learning|natural language processing|python|scikit-learn|tensorflow
Rahul Prasad,data_scientist,Junior,full,cloud|data analysis|pandas|python|scikit-learn|statistics
Pooja Nambiar,nlp_engineer,Senior,mixed,deep learning|linux|natural language processing|numpy|python|pytorch|text classification
Abhay Dubey,data_analyst,Senior,mixed,data analysis|excel|power bi|python|sql|statistics|tableau
Suresh Kaur,backend_developer,Mid,mixed,git|java|linux|postgresql|python|rest api|sql|statistics
Priya Iyer,frontend_developer,Senior,mixed,docker|git|html/css|javascript|natural language processing|react
Pooja Pillai,devops_engineer,Intern,abbr,deep learning|docker|kubernetes|linux|natural language processing|python
Kavya Saxena,data_engineer,Intern,mixed,ci/cd|docker|java|postgresql|python
Sahana Raghavan,ml_engineer,Mid,mixed,cloud|deep learning|docker|machine learning|numpy|python|pytorch|scikit-learn|sql
Ananya Singh,data_scientist,Mid,mixed,cloud|data analysis|deep learning|machine learning|pandas|python|sql|text classification
Madhav Tiwari,nlp_engineer,Intern,mixed,natural language processing|pytorch|text classification
Omkar Chopra,data_analyst,Senior,full,data analysis|docker|excel|pandas|power bi|python|pytorch|sql|tableau
Deepa Dubey,backend_developer,Mid,mixed,git|java|linux|postgresql|python|spring boot|sql
Aarav Nair,frontend_developer,Mid,abbr,git|javascript|node.js|react
Madhav Pillai,devops_engineer,Junior,mixed,ci/cd|computer vision|docker|kubernetes|linux|postgresql|python|tensorflow
Divya Ghosh,data_engineer,Junior,mixed,cloud|docker|python|sql
Manish Iyer,ml_engineer,Intern,mixed,cloud|deep learning|machine learning|pandas|python|pytorch
Jatin Krishnan,data_scientist,Senior,abbr,data analysis|machine learning|numpy|pandas|python|scikit-learn|sql|statistics|tableau|text classification
Divya Saxena,nlp_engineer,Intern,abbr,cloud|python|pytorch|scikit-learn|text classification
Dhruv Kumar,data_analyst,Mid,mixed,data analysis|excel|sql|tableau
Lalita Raghavan,backend_developer,Mid,mixed,java|mongodb|postgresql|rest api|spring boot
Rajesh Kapoor,frontend_developer,Mid,full,docker|git|html/css|node.js|react
Neha Prasad,devops_engineer,Intern,full,cloud|docker|kubernetes|python
Nandini Chopra,data_engineer,Senior,mixed,cloud|docker|postgresql|python|rest api|sql
Chetan Menon,ml_engineer,Intern,mixed,deep learning|machine learning|tensorflow
Udhav Chandran,data_scientist,Junior,abbr,machine learning|pandas|python|statistics
Harini Kulkarni,nlp_engineer,Intern,mixed,ci/cd|cloud|deep learning|pandas|python|text classification
Sneha Chopra,data_analyst,Intern,mixed,cloud|data analysis|sql|tableau
Priya Tiwari,backend_developer,Senior,abbr,docker|git|java|kubernetes|linux|postgresql|rest api|spring boot|sql
Parvati Nambiar,frontend_developer,Junior,full,cloud|html/css|javascript|react|rest api|sql
Hema Chopra,devops_engineer,Junior,mixed,ci/cd|cloud|docker|git|kubernetes
Vishal Saxena,data_engineer,Junior,full,cloud|docker|postgresql|python
Kabir Naidu,ml_engineer,Junior,mixed,cloud|machine learning|python|scikit-learn|statistics|tensorflow
Ritu Chopra,data_scientist,Senior,full,data analysis|machine learning|pandas|python|sql|statistics
Tarun Gupta,nlp_engineer,Junior,abbr,deep learning|docker|machine learning|natural language processing|pytorch|scikit-learn|text classification
Aditi Deshpande,data_analyst,Intern,mixed,data analysis|power bi|tableau
Sameer Chopra,backend_developer,Intern,mixed,git|postgresql|rest api|spring boot
Shreya Sharma,frontend_developer,Junior,mixed,git|html/css|react
Shreya Dubey,devops_engineer,Junior,full,ci/cd|docker|kubernetes|linux
Qamar Naidu,data_engineer,Mid,full,docker|kubernetes|postgresql|python|sql
Kabir Hegde,ml_engineer,Junior,abbr,computer vision|pandas|python|pytorch|scikit-learn|sql|tensorflow
Uma Tiwari,data_scientist,Mid,abbr,data analysis|excel|machine learning|pandas|python|scikit-learn|sql|statistics
Rakesh Tiwari,nlp_engineer,Mid,mixed,cloud|deep learning|docker|natural language processing|numpy|pytorch|text classification
Aarav Hegde,data_analyst,Junior,mixed,data analysis|pandas|power bi|sql|statistics|tableau
Chetan Kulkarni,backend_developer,Junior,full,docker|java|linux|mongodb|postgresql|rest api|spring boot
Aniket Reddy,frontend_developer,Junior,full,docker|git|html/css|react
Tanvi Desai,devops_engineer,Intern,full,ci/cd|docker|git|linux|pandas|python
Bhargav Kumar,data_engineer,Junior,full,ci/cd|cloud|docker|postgresql|python
Aarav Ghosh,ml_engineer,Intern,abbr,cloud|machine learning|numpy|python|scikit-learn|statistics
Gaurav Dubey,data_scientist,Senior,full,data analysis|machine learning|pandas|python|sql|statistics
Pranav Kaur,nlp_engineer,Junior,full,deep learning|javascript|natural language processing|pytorch|text classification
Tanvi Verma,data_analyst,Senior,full,data analysis|excel|postgresql|power bi|sql|statistics|tableau
Darshan Rao,backend_developer,Senior,full,docker|java|linux|postgresql|rest api|spring boot|sql
Rohan Subramanian,frontend_developer,Senior,abbr,docker|git|html/css|javascript|natural language processing|pytorch|react|rest api
Vishal Venkatesh,devops_engineer,Junior,abbr,ci/cd|data analysis|docker|kubernetes|linux|python
Hema Tiwari,data_engineer,Mid,full,ci/cd|cloud|linux|postgresql|python|sql
Sanjay Reddy,ml_engineer,Junior,mixed,deep learning|machine learning|mongodb|natural language processing|python|pytorch
Shreya Kapoor,data_scientist,Senior,mixed,cloud|data analysis|deep learning|machine learning|pandas|python|scikit-learn|sql|statistics|tableau
Tarun Kulkarni,nlp_engineer,Intern,mixed,deep learning|docker|natural language processing|pytorch
Gaurav Verma,data_analyst,Senior,abbr,data analysis|excel|power bi|sql|tableau
Sanjay Raghavan,backend_developer,Senior,mixed,artificial intelligence|docker|git|java|mongodb|postgresql|python|rest api|spring boot|sql|text classification
Aniket Nambiar,frontend_developer,Senior,mixed,git|html/css|javascript|node.js|react|rest api
Bhavna Iyer,devops_engineer,Mid,mixed,cloud|docker|kubernetes|linux
Sahana Ghosh,data_engineer,Intern,mixed,ci/cd|docker|mongodb|postgresql|sql
Yash Jain,ml_engineer,Mid,full,deep learning|pandas|python|pytorch|scikit-learn|sql|statistics|tensorflow
Nisha Rao,data_scientist,Mid,mixed,data analysis|deep learning|excel|machine learning|pandas|python|statistics|tableau
Mohit Saxena,nlp_engineer,Junior,full,deep learning|docker|natural language processing|python|pytorch|scikit-learn|text classification
Suresh Saxena,data_analyst,Senior,abbr,data analysis|excel|pandas|power bi|python|sql|tableau
Bhargav Kulkarni,backend_developer,Junior,full,java|kubernetes|mongodb|postgresql|rest api|sql|tableau
Suresh Gupta,frontend_developer,Mid,full,html/css|javascript|react|rest api
Akash Kapoor,devops_engineer,Intern,mixed,ci/cd|docker|kubernetes|postgresql|spring boot
Deepa Kapoor,data_engineer,Senior,abbr,ci/cd|cloud|docker|linux|pandas|postgresql|python|sql
Meera Nambiar,ml_engineer,Mid,abbr,deep learning|machine learning|python|pytorch|tensorflow
Trisha Sharma,data_scientist,Intern,mixed,data analysis|python|scikit-learn|statistics|tensorflow
Farhan Naidu,nlp_engineer,Intern,mixed,deep learning|numpy|python|pytorch
Dhruv Pillai,data_analyst,Senior,mixed,data analysis|excel|power bi|python|sql|tableau
Aarav Chandran,backend_developer,Senior,mixed,java|postgresql|pytorch|rest api|spring boot|sql
Neha Raghavan,frontend_developer,Senior,full,git|html/css|java|javascript|react|rest api
Jaya Agarwal,devops_engineer,Senior,mixed,ci/cd|cloud|computer vision|docker|kubernetes|linux
Manish Balan,data_engineer,Junior,full,ci/cd|cloud|kubernetes|postgresql|python|spring boot|sql
Parvati Ghosh,ml_engineer,Senior,full,deep learning|machine learning|numpy|python|pytorch|scikit-learn|tensorflow
Bhargav Patel,data_scientist,Junior,mixed,machine learning|python|scikit-learn|sql|statistics
Kabir Jain,nlp_engineer,Mid,full,deep learning|git|machine learning|natural language processing|python|text classification
Divya Balan,data_analyst,Senior,abbr,data analysis|docker|excel|pandas|power bi|python|react|sql|tableau
Nisha Joshi,backend_developer,Senior,abbr,git|java|linux|mongodb|postgresql|rest api|spring boot|sql
Kavya Dubey,frontend_developer,Mid,abbr,git|html/css|javascript|node.js|python|pytorch|rest api
Swathi Prasad,devops_engineer,Junior,abbr,ci/cd|cloud|docker|html/css|kubernetes|postgresql
Sameer Verma,data_engineer,Senior,mixed,artificial intelligence|cloud|docker|pandas|postgresql|python|sql
Kabir Patel,ml_engineer,Mid,mixed,deep learning|machine learning|numpy|pandas|python|pytorch|statistics|tableau|tensorflow
Ananya Agarwal,data_scientist,Intern,full,data analysis|pandas|statistics
Nandini Deshpande,nlp_engineer,Junior,abbr,deep learning|docker|mongodb|natural language processing|numpy|python|scikit-learn|sql|text classification
Jaya Balan,data_analyst,Junior,full,data analysis|excel|kubernetes|python|sql|statistics|tableau
Divya Kapoor,backend_developer,Senior,abbr,cloud|docker|java|postgresql|python|rest api|spring boot|sql
Swathi Singh,frontend_developer,Mid,abbr,html/css|javascript|react
Ganesh Shetty,devops_engineer,Senior,abbr,ci/cd|cloud|docker|kubernetes|linux
Chetan Dubey,data_engineer,Junior,mixed,ci/cd|cloud|data analysis|kubernetes|postgresql|python|sql
Abhay Joshi,ml_engineer,Intern,abbr,cloud|computer vision|machine learning|mongodb|pytorch|scikit-learn|sql
Meera Balan,data_scientist,Mid,abbr,cloud|data analysis|machine learning|numpy|pandas|power bi|python|statistics
Zoya Menon,nlp_engineer,Mid,abbr,artificial intelligence|cloud|deep learning|kubernetes|machine learning|natural language processing|python|pytorch|spring boot
Nisha Varma,data_analyst,Mid,mixed,data analysis|docker|excel|numpy|power bi|tableau
Chetan Varma,backend_developer,Mid,mixed,java|rest api|spring boot|sql
Omkar Shetty,frontend_developer,Mid,abbr,docker|html/css|javascript|node.js|react
Divya Nair,devops_engineer,Intern,abbr,cloud|docker|html/css|kubernetes|linux
Manish Nair,data_engineer,Mid,mixed,ci/cd|cloud|docker|kubernetes|mongodb|postgresql|sql
Dhruv Dubey,ml_engineer,Junior,mixed,cloud|deep learning|docker|html/css|pytorch|scikit-learn|tensorflow
Sneha Nair,data_scientist,Intern,mixed,ci/cd|cloud|data analysis|machine learning|statistics|tableau
Naveen Chandran,nlp_engineer,Senior,mixed,artificial intelligence|deep learning|natural language processing|node.js|numpy|python|pytorch|text classification
Ishaan Subramanian,data_analyst,Senior,full,data analysis|excel|power bi|sql|statistics|tableau
Varun Chopra,backend_developer,Mid,mixed,docker|java|linux|mongodb|postgresql|pytorch|spring boot|sql
Arjun Malhotra,frontend_developer,Mid,full,cloud|computer vision|docker|git|javascript|react
Rakesh Reddy,devops_engineer,Intern,abbr,cloud|kubernetes|linux
Akash Kumar,data_engineer,Junior,full,ci/cd|cloud|docker|postgresql|python|sql
Sneha Agarwal,ml_engineer,Intern,abbr,computer vision|deep learning|linux|machine learning|pytorch
Neha Chopra,data_scientist,Intern,mixed,data analysis|pandas|statistics
Swathi Naidu,nlp_engineer,Mid,full,artificial intelligence|deep learning|natural language processing|pytorch|text classification
Nisha Shetty,data_analyst,Mid,full,excel|power bi|python|sql|tableau
Dhruv Hegde,backend_developer,Junior,full,java|postgresql|python|rest api|sql
Vikram Verma,frontend_developer,Mid,abbr,git|html/css|javascript|pandas
Harini Desai,devops_engineer,Junior,mixed,ci/cd|cloud|java|kubernetes|linux|python
Nandini Subramanian,data_engineer,Mid,mixed,cloud|docker|kubernetes|mongodb|pandas|postgresql|python|sql
Rohan Dubey,ml_engineer,Senior,full,deep learning|machine learning|numpy|python|pytorch|scikit-learn|tensorflow
Vishal Singh,data_scientist,Intern,full,data analysis|deep learning|pandas|python|sql
Omkar Saxena,nlp_engineer,Junior,abbr,deep learning|natural language processing|python|text classification
Varun Iyer,data_analyst,Mid,abbr,data analysis|docker|excel|pandas|sql|tableau
Charu Gupta,backend_developer,Mid,abbr,java|mongodb|postgresql|rest api|spring boot
Kabir Malhotra,frontend_developer,Junior,abbr,data analysis|git|javascript|node.js|react|sql
Ishaan Sharma,devops_engineer,Mid,full,ci/cd|cloud|java|kubernetes|linux|postgresql
Chetan Joshi,data_engineer,Senior,mixed,cloud|docker|linux|mongodb|pandas|postgresql|python|sql
Hema Venkatesh,ml_engineer,Mid,mixed,cloud|docker|machine learning|pandas|python|pytorch|scikit-learn|statistics|tensorflow
Arjun Prasad,data_scientist,Intern,mixed,machine learning|pandas|python
Ganesh Raghavan,nlp_engineer,Senior,full,deep learning|docker|machine learning|natural language processing|numpy|postgresql|python|pytorch|text classification
Pallavi Nair,data_analyst,Mid,abbr,cloud|data analysis|excel|pandas|power bi|python|sql
Chetan Jain,backend_developer,Senior,mixed,java|numpy|postgresql|python|rest api|spring boot|sql
Tarun Hegde,frontend_developer,Junior,mixed,git|html/css|react|rest api
Bhargav Mehta,devops_engineer,Senior,mixed,ci/cd|cloud|docker|kubernetes|linux|pandas|scikit-learn
Pranav Hegde,data_engineer,Mid,abbr,cloud|docker|kubernetes|numpy|pandas|postgresql|python
Sahana Gupta,ml_engineer,Senior,mixed,deep learning|html/css|machine learning|python|pytorch|scikit-learn|statistics|tensorflow
Trisha Raghavan,data_scientist,Junior,mixed,data analysis|machine learning|numpy|pandas|python|sql
Sameer Iyer,nlp_engineer,Junior,mixed,deep learning|mongodb|numpy|python|pytorch|text classification
Akash Saxena,data_analyst,Senior,mixed,data analysis|excel|kubernetes|pandas|postgresql|power bi|sql|tableau
Sanjay Verma,backend_developer,Intern,full,java|postgresql|sql
Pranav Menon,frontend_developer,Intern,full,git|javascript|machine learning
Udhav Verma,devops_engineer,Intern,abbr,ci/cd|docker|excel|linux|python
Rahul Mehta,data_engineer,Senior,mixed,cloud|docker|linux|pandas|postgresql|python|sql
Vidya Singh,ml_engineer,Senior,abbr,deep learning|machine learning|python|pytorch|scikit-learn|tensorflow
Aditi Ghosh,data_scientist,Junior,abbr,data analysis|pandas|python|scikit-learn|sql|tableau|text classification
Kavya Naidu,nlp_engineer,Mid,abbr,artificial intelligence|deep learning|machine learning|natural language processing|numpy|pytorch|text classification
Farhan Deshpande,data_analyst,Junior,abbr,data analysis|excel|pandas|postgresql|sql|tableau
Ravi Deshpande,backend_developer,Senior,abbr,java|postgresql|python|rest api|spring boot|sql
Bhavna Sharma,frontend_developer,Mid,abbr,ci/cd|git|javascript|react
Kavya Hegde,devops_engineer,Mid,full,ci/cd|docker|java|kubernetes|linux|postgresql
Ganesh Jain,data_engineer,Intern,abbr,cloud|linux|pandas|postgresql|python
Jaya Hegde,ml_engineer,Junior,mixed,deep learning|python|scikit-learn|tensorflow
Pooja Desai,data_scientist,Junior,abbr,cloud|data analysis|numpy|pandas|python|statistics
Kavya Singh,nlp_engineer,Junior,mixed,deep learning|docker|natural language processing|numpy|python|text classification
Vinay Nambiar,data_analyst,Senior,mixed,data analysis|excel|git|node.js|power bi|sql|tableau
Sahana Chandran,backend_developer,Senior,mixed,git|java|kubernetes|natural language processing|postgresql|rest api|spring boot|sql
Zoya Kapoor,frontend_developer,Mid,full,git|html/css|node.js|react|rest api
Nandini Raghavan,devops_engineer,Junior,mixed,ci/cd|cloud|git|java|kubernetes|linux
Rhea Pillai,data_engineer,Senior,abbr,ci/cd|cloud|docker|postgresql|python|sql
Swathi Desai,ml_engineer,Senior,mixed,deep learning|machine learning|python|pytorch|scikit-learn|tensorflow
Ishaan Dubey,data_scientist,Senior,abbr,data analysis|deep learning|docker|machine learning|pandas|python|sql|statistics|tableau
Nikhil Chopra,nlp_engineer,Intern,mixed,artificial intelligence|deep learning|mongodb|natural language processing|text classification
Lakshmi Ghosh,data_analyst,Mid,abbr,data analysis|postgresql|power bi|sql|tableau
Sonal Venkatesh,backend_developer,Junior,full,docker|git|java|mongodb|postgresql|rest api|sql
Tanvi Patel,frontend_developer,Senior,abbr,git|html/css|javascript|react|rest api
Ritu Sharma,devops_engineer,Mid,mixed,ci/cd|docker|kubernetes|linux
Nandini Naidu,data_engineer,Mid,mixed,ci/cd|cloud|docker|kubernetes|linux|python|sql
Deepa Malhotra,ml_engineer,Mid,full,deep learning|python|pytorch|scikit-learn|tensorflow
Kavya Chopra,data_scientist,Mid,abbr,data analysis|numpy|pandas|python|sql|statistics|text classification
Harini Agarwal,nlp_engineer,Intern,full,natural language processing|numpy|python|pytorch|scikit-learn
Lakshmi Nair,data_analyst,Intern,full,data analysis|power bi|sql
Tanvi Gupta,backend_developer,Intern,mixed,java|postgresql|sql
Charu Chopra,frontend_developer,Intern,full,git|html/css
Tanvi Agarwal,devops_engineer,Intern,abbr,ci/cd|docker|git|kubernetes|python|statistics
Gaurav Patel,data_engineer,Junior,abbr,cloud|mongodb|postgresql|python|sql
Madhav Singh,ml_engineer,Intern,mixed,cloud|machine learning|natural language processing|numpy|python|pytorch|statistics
Priya Prasad,data_scientist,Junior,full,cloud|data analysis|machine learning|pandas|python
Farhan Reddy,nlp_engineer,Junior,full,deep learning|docker|natural language processing|python|pytorch
Sanjay Malhotra,data_analyst,Senior,abbr,data analysis|excel|java|kubernetes|pandas|power bi|python|sql|tableau
Jaya Verma,backend_developer,Intern,full,html/css|javascript|rest api|spring boot|sql
Vikram Reddy,frontend_developer,Mid,abbr,docker|git|html/css|linux|react
Mohit Gupta,devops_engineer,Intern,abbr,cloud|computer vision|docker|linux|python
Shreya Jain,data_engineer,Junior,full,ci/cd|cloud|postgresql|python|sql
Yash Krishnan,ml_engineer,Senior,abbr,deep learning|machine learning|numpy|python|pytorch|scikit-learn|tensorflow|text classification
Rakesh Raghavan,data_scientist,Senior,full,computer vision|data analysis|machine learning|pandas|python|sql|statistics
Divya Gupta,nlp_engineer,Senior,full,cloud|deep learning|docker|natural language processing|pandas|python|pytorch|text classification
Dhruv Saxena,data_analyst,Intern,full,excel|power bi|sql
Yash Kaur,backend_developer,Intern,full,java|rest api|spring boot
Ravi Chopra,frontend_developer,Intern,abbr,html/css|javascript
Varun Venkatesh,devops_engineer,Junior,abbr,ci/cd|cloud|java|kubernetes|linux
Ritu Deshpande,data_engineer,Junior,abbr,cloud|docker|git|linux|mongodb|postgresql|python
Suresh Subramanian,ml_engineer,Senior,mixed,deep learning|docker|machine learning|numpy|pandas|python|pytorch|scikit-learn|sql|tensorflow
Anjali Jain,data_scientist,Intern,abbr,cloud|pandas|python|statistics|tableau
Nisha Deshpande,nlp_engineer,Intern,full,deep learning|docker|natural language processing|scikit-learn|text classification
Sanjay Nambiar,data_analyst,Intern,full,excel|pandas|sql|tableau
Bhargav Pillai,backend_developer,Intern,abbr,java|postgresql|sql
Pooja Tiwari,frontend_developer,Mid,full,git|html/css|power bi|react
Sneha Balan,devops_engineer,Senior,abbr,ci/cd|cloud|docker|kubernetes|linux|natural language processing|python
Vishal Mehta,data_engineer,Junior,mixed,ci/cd|docker|postgresql|python|sql
Jatin Kapoor,ml_engineer,Junior,abbr,computer vision|deep learning|machine learning|postgresql|pytorch|tensorflow
Ramya Kapoor,data_scientist,Senior,full,data analysis|machine learning|pandas|python|sql|statistics
Vishal Bhatt,nlp_engineer,Junior,abbr,artificial intelligence|deep learning|numpy|pandas|python|pytorch|scikit-learn|tensorflow|text classification
Nisha Hegde,data_analyst,Intern,mixed,pandas|power bi|sql|tableau
Parvati Naidu,backend_developer,Junior,mixed,java|linux|python|rest api|spring boot|sql
Swathi Joshi,frontend_developer,Senior,mixed,ci/cd|git|html/css|javascript|react
Ganesh Rao,devops_engineer,Senior,abbr,ci/cd|cloud|docker|html/css|java|kubernetes|linux|postgresql
Aarav Shetty,data_engineer,Junior,mixed,cloud|kubernetes|postgresql|python|sql
Pooja Prasad,ml_engineer,Senior,abbr,deep learning|machine learning|python|pytorch|scikit-learn|statistics|tensorflow
Bhavna Balan,data_scientist,Mid,mixed,cloud|deep learning|machine learning|pandas|power bi|python|sql|statistics|tableau
Naveen Prasad,nlp_engineer,Junior,mixed,deep learning|git|natural language processing|python|text classification
Vishal Tiwari,data_analyst,Intern,abbr,data analysis|excel|postgresql|sql
Parvati Sharma,backend_developer,Senior,full,git|java|numpy|postgresql|power bi|python|rest api|spring boot|sql
Rahul Kaur,frontend_developer,Intern,mixed,git|html/css
Rakesh Pillai,devops_engineer,Mid,abbr,ci/cd|docker|java|kubernetes|linux|postgresql
Lalita Deshpande,data_engineer,Mid,full,docker|kubernetes|postgresql|python|sql
Ganesh Hegde,ml_engineer,Junior,abbr,cloud|computer vision|deep learning|kubernetes|natural language processing|pandas|python|pytorch|scikit-learn
Nikhil Kulkarni,data_scientist,Senior,full,computer vision|data analysis|machine learning|pandas|python|sql|statistics|tableau
Anjali Deshpande,nlp_engineer,Senior,full,deep learning|machine learning|natural language processing|python|pytorch|text classification
Suresh Prasad,data_analyst,Mid,mixed,data analysis|excel|pandas|postgresql|power bi|statistics|tableau
Harini Jain,backend_developer,Junior,full,java|kubernetes|linux|postgresql|rest api|sql
Pooja Kumar,frontend_developer,Senior,abbr,git|html/css|javascript|node.js|react
Uma Patel,devops_engineer,Mid,full,cloud|docker|kubernetes|linux
Jaya Chopra,data_engineer,Junior,abbr,cloud|docker|linux|python|sql
Akash Singh,ml_engineer,Senior,abbr,deep learning|machine learning|python|pytorch|scikit-learn|tensorflow
Ramya Gupta,data_scientist,Intern,mixed,data analysis|deep learning|numpy|python|sql
Vishal Malhotra,nlp_engineer,Intern,abbr,cloud|deep learning|docker|python|pytorch
Ritu Krishnan,data_analyst,Mid,full,excel|postgresql|power bi|sql|tableau
Priya Rao,backend_developer,Junior,abbr,docker|java|rest api|spring boot|sql
Tarun Nambiar,frontend_developer,Senior,abbr,git|html/css|javascript|node.js|react
Manish Deshpande,devops_engineer,Junior,full,ci/cd|cloud|java|kubernetes|linux|text classification
Aarav Rao,data_engineer,Mid,abbr,ci/cd|cloud|mongodb|pandas|postgresql|python|sql
Suresh Kulkarni,ml_engineer,Intern,full,cloud|deep learning|pytorch|statistics|tensorflow
Bhavna Nambiar,data_scientist,Intern,mixed,pandas|sql|statistics
Meera Patel,nlp_engineer,Intern,mixed,deep learning|docker|python|pytorch
Akash Krishnan,data_analyst,Mid,mixed,data analysis|docker|power bi|sql|tableau
Madhav Verma,backend_developer,Intern,mixed,ci/cd|java|rest api|sql
Swathi Agarwal,frontend_developer,Junior,mixed,git|html/css|javascript|rest api
Ramya Nambiar,devops_engineer,Junior,abbr,ci/cd|docker|git|kubernetes|linux
Nisha Venkatesh,data_engineer,Senior,full,cloud|docker|mongodb|postgresql|python|sql
Aarav Tiwari,ml_engineer,Intern,full,natural language processing|numpy|python|scikit-learn|statistics|tensorflow
Harini Saxena,data_scientist,Senior,mixed,data analysis|deep learning|machine learning|pandas|python|scikit-learn|sql|statistics|tableau
Rohan Balan,nlp_engineer,Senior,abbr,deep learning|natural language processing|numpy|python|pytorch|text classification
Farhan Singh,data_analyst,Mid,full,data analysis|excel|python|sql|tableau
Shreya Iyer,backend_developer,Intern,mixed,git|kubernetes|rest api|spring boot|sql
Jatin Menon,frontend_developer,Junior,full,docker|git|html/css|javascript
Ishaan Iyer,devops_engineer,Junior,abbr,ci/cd|cloud|docker|java|linux|postgresql
Udhav Varma,data_engineer,Senior,full,cloud|docker|linux|mongodb|pandas|postgresql|python|sql
Nisha Nambiar,ml_engineer,Senior,full,cloud|deep learning|machine learning|python|pytorch|scikit-learn|tensorflow
Meera Shetty,data_scientist,Senior,full,cloud|data analysis|deep learning|machine learning|numpy|pandas|power bi|python|sql|statistics
Sanjay Chopra,nlp_engineer,Senior,abbr,deep learning|docker|machine learning|natural language processing|python|pytorch|text classification
Pooja Raghavan,data_analyst,Senior,full,data analysis|excel|pandas|power bi|sql|statistics|tableau
Rajesh Kulkarni,backend_developer,Junior,full,java|mongodb|postgresql|python|rest api|sql
Indira Raghavan,frontend_developer,Junior,mixed,docker|git|html/css|javascript|kubernetes
Shreya Ghosh,devops_engineer,Intern,mixed,ci/cd|docker|linux
Yash Varma,data_engineer,Senior,full,cloud|docker|kubernetes|mongodb|pandas|postgresql|python|sql
Pallavi Tiwari,ml_engineer,Mid,mixed,deep learning|docker|machine learning|python|scikit-learn|sql|tensorflow
Nikhil Malhotra,data_scientist,Senior,full,data analysis|machine learning|pandas|python|sql|statistics
Kiran Rao,nlp_engineer,Intern,full,artificial intelligence|deep learning|kubernetes|machine learning|pytorch|text classification
Vikram Nambiar,data_analyst,Senior,abbr,data analysis|excel|pandas|power bi|sql|statistics|tableau
Nisha Singh,backend_developer,Mid,mixed,deep learning|git|java|mongodb|numpy|postgresql|rest api|sql
Akash Agarwal,frontend_developer,Intern,abbr,docker|javascript|react
Manish Varma,devops_engineer,Senior,abbr,ci/cd|cloud|docker|kubernetes|linux|postgresql|rest api
Harini Chopra,data_engineer,Junior,mixed,cloud|docker|power bi|python|scikit-learn|sql
Siddharth Agarwal,ml_engineer,Senior,mixed,computer vision|deep learning|machine learning|node.js|numpy|python|pytorch|rest api|scikit-learn|statistics|tensorflow
Nandini Hegde,data_scientist,Senior,mixed,data analysis|deep learning|machine learning|pandas|power bi|python|scikit-learn|sql|statistics|tableau
Yash Deshpande,nlp_engineer,Intern,abbr,cloud|deep learning|natural language processing|pytorch
Bhargav Raghavan,data_analyst,Intern,full,excel|pandas|sql|tableau
Udhav Dubey,backend_developer,Intern,full,data analysis|java|linux|postgresql|rest api|statistics
Bhargav Bhatt,frontend_developer,Junior,abbr,docker|html/css|javascript|react
Sanjay Iyer,devops_engineer,Intern,mixed,cloud|docker|linux|pytorch
Swathi Subramanian,data_engineer,Intern,abbr,cloud|docker|html/css|sql
Ritu Malhotra,ml_engineer,Junior,full,machine learning|python|pytorch|scikit-learn|statistics
Ritu Verma,data_scientist,Junior,full,cloud|data analysis|deep learning|pandas|sql|statistics|text classification
Arjun Sharma,nlp_engineer,Intern,abbr,machine learning|natural language processing|python|text classification
Sonal Kulkarni,data_analyst,Intern,mixed,data analysis|power bi|tableau
Jatin Kulkarni,backend_developer,Intern,abbr,rest api|spring boot|sql|tableau
Qamar Singh,frontend_developer,Junior,full,git|html/css|react
Siddharth Malhotra,devops_engineer,Senior,mixed,ci/cd|cloud|docker|kubernetes|linux
Aditi Chandran,data_engineer,Senior,abbr,cloud|docker|kubernetes|postgresql|python|sql
Omkar Prasad,ml_engineer,Senior,mixed,cloud|deep learning|machine learning|numpy|pandas|python|pytorch|scikit-learn|statistics|tensorflow
Suresh Bhatt,data_scientist,Mid,full,data analysis|machine learning|numpy|pandas|python|sql
Madhav Kaur,nlp_engineer,Junior,full,deep learning|natural language processing|python|pytorch|scikit-learn
Lakshmi Bhatt,data_analyst,Intern,mixed,data analysis|power bi|sql
Nandini Menon,backend_developer,Mid,full,docker|java|postgresql|python|spring boot|sql
Abhay Kulkarni,frontend_developer,Junior,mixed,docker|git|html/css|react
Ravi Nair,devops_engineer,Senior,mixed,ci/cd|cloud|data analysis|docker|git|kubernetes|linux|python
Vinay Varma,data_engineer,Intern,mixed,cloud|docker|linux|python|tableau
Ramya Singh,ml_engineer,Junior,mixed,deep learning|machine learning|scikit-learn|tensorflow
Kabir Kumar,data_scientist,Mid,mixed,machine learning|numpy|pandas|power bi|python|sql|statistics
Neha Jain,nlp_engineer,Intern,full,cloud|docker|natural language processing|python|pytorch|scikit-learn
Vinay Shetty,data_analyst,Intern,full,data analysis|excel|sql|statistics
Lakshmi Subramanian,backend_developer,Intern,mixed,linux|mongodb|rest api|spring boot|sql
Hema Saxena,frontend_developer,Mid,abbr,data analysis|html/css|javascript|power bi|react
Jaya Shetty,devops_engineer,Mid,full,ci/cd|cloud|kubernetes|linux
Kavya Tiwari,data_engineer,Senior,full,cloud|docker|mongodb|postgresql|python|sql
Uma Venkatesh,ml_engineer,Mid,abbr,deep learning|machine learning|numpy|pandas|python|scikit-learn|sql|tensorflow
Arjun Rao,data_scientist,Intern,full,machine learning|python|statistics
Manish Jain,nlp_engineer,Senior,full,artificial intelligence|deep learning|machine learning|natural language processing|python|pytorch|scikit-learn|text classification
Udhav Shetty,data_analyst,Mid,full,data analysis|postgresql|power bi|python|sql|tableau
Nisha Kumar,backend_developer,Junior,full,java|kubernetes|linux|postgresql|rest api|spring boot
Rahul Deshpande,frontend_developer,Mid,mixed,git|html/css|react
Udhav Malhotra,devops_engineer,Intern,mixed,cloud|docker|excel|linux|python
Sameer Venkatesh,data_engineer,Mid,full,cloud|docker|kubernetes|postgresql|python|sql
Sonal Ghosh,ml_engineer,Senior,full,cloud|computer vision|deep learning|machine learning|python|pytorch|scikit-learn|statistics|tensorflow
Neha Agarwal,data_scientist,Junior,abbr,cloud|data analysis|machine learning|python|scikit-learn|sql|tableau
Zoya Tiwari,nlp_engineer,Intern,full,artificial intelligence|python|pytorch|text classification
Kiran Kulkarni,data_analyst,Senior,mixed,data analysis|excel|mongodb|power bi|python|spring boot|sql|tableau
Sameer Balan,backend_developer,Senior,mixed,data analysis|java|mongodb|postgresql|rest api|spring boot|sql
Vidya Agarwal,frontend_developer,Senior,abbr,excel|git|html/css|javascript|postgresql|react|rest api
Chetan Chopra,devops_engineer,Mid,abbr,ci/cd|cloud|docker|git|kubernetes|python
Anjali Shetty,data_engineer,Intern,full,cloud|linux|postgresql|python
Sneha Hegde,ml_engineer,Mid,full,cloud|deep learning|machine learning|pytorch|scikit-learn|statistics|tensorflow
Darshan Naidu,data_scientist,Senior,full,data analysis|machine learning|pandas|power bi|python|sql|statistics|text classification
Ishaan Shetty,nlp_engineer,Intern,mixed,deep learning|python|pytorch
Qamar Patel,data_analyst,Intern,mixed,data analysis|pandas|power bi|sql
Udhav Saxena,backend_developer,Mid,full,docker|java|rest api|spring boot|sql
Darshan Saxena,frontend_developer,Senior,full,git|html/css|javascript|node.js|react
Hema Krishnan,devops_engineer,Senior,mixed,ci/cd|cloud|docker|git|kubernetes|linux
Meera Nair,data_engineer,Junior,mixed,cloud|docker|kubernetes|python|sql
Rhea Bhatt,ml_engineer,Intern,mixed,cloud|numpy|python|pytorch|rest api|tensorflow
Esha Shetty,data_scientist,Senior,mixed,data analysis|deep learning|machine learning|pandas|power bi|python|sql|statistics|tableau|text classification
Dhruv Sharma,nlp_engineer,Junior,full,artificial intelligence|kubernetes|machine learning|natural language processing|python|pytorch|spring boot|text classification
Rajesh Menon,data_analyst,Mid,abbr,data analysis|excel|power bi|python|sql
Vikram Desai,backend_developer,Intern,full,cloud|docker|java|machine learning|rest api|sql
Chetan Rao,frontend_developer,Mid,full,html/css|javascript|react
Aditi Kapoor,devops_engineer,Intern,abbr,cloud|kubernetes|linux|python|pytorch
Sonal Krishnan,data_engineer,Senior,mixed,cloud|docker|kubernetes|postgresql|python|sql
Nisha Chopra,ml_engineer,Senior,abbr,cloud|deep learning|machine learning|python|pytorch|scikit-learn|tensorflow
Yamini Chandran,data_scientist,Intern,full,machine learning|pandas|postgresql|python|statistics
Aniket Mehta,nlp_engineer,Intern,mixed,cloud|natural language processing|pytorch|text classification
Rahul Chopra,data_analyst,Mid,full,data analysis|excel|pandas|power bi|spring boot|sql
Varun Kumar,backend_developer,Intern,full,pandas|postgresql|python|rest api|spring boot|text classification
Tarun Reddy,frontend_developer,Mid,mixed,git|html/css|javascript|linux
Sneha Rao,devops_engineer,Senior,mixed,ci/cd|cloud|docker|excel|kubernetes|linux|postgresql|python|sql
Tanvi Subramanian,data_engineer,Intern,abbr,cloud|docker|java|python
Rahul Tiwari,ml_engineer,Intern,full,computer vision|machine learning|numpy|python|tensorflow
Kavya Kapoor,data_scientist,Intern,full,cloud|data analysis|pandas|python|text classification
Rhea Kapoor,nlp_engineer,Intern,abbr,artificial intelligence|deep learning|docker|pandas|pytorch|text classification
Rhea Naidu,data_analyst,Mid,full,data analysis|pandas|postgresql|power bi|sql|tableau|text classification
Pranav Venkatesh,backend_developer,Junior,mixed,docker|postgresql|rest api|spring boot|sql
Ganesh Pillai,frontend_developer,Intern,full,excel|javascript|node.js|react
Jaya Prasad,devops_engineer,Junior,mixed,cloud|docker|kubernetes|linux|python
Uma Kaur,data_engineer,Senior,mixed,cloud|computer vision|docker|linux|mongodb|postgresql|python|sql
Udhav Gupta,ml_engineer,Senior,mixed,cloud|deep learning|machine learning|natural language processing|numpy|python|pytorch|scikit-learn|tensorflow
Rhea Ghosh,data_scientist,Intern,abbr,pandas|python|statistics
Arjun Shetty,nlp_engineer,Intern,abbr,cloud|deep learning|natural language processing|python
Ramya Nair,data_analyst,Mid,mixed,cloud|data analysis|postgresql|power bi|python|sql|tableau
Neha Balan,backend_developer,Junior,full,cloud|java|linux|mongodb|postgresql|rest api|sql|text classification
Swathi Kumar,frontend_developer,Intern,abbr,docker|git|react
Siddharth Singh,devops_engineer,Mid,mixed,ci/cd|cloud|docker|linux
Bhavna Deshpande,data_engineer,Intern,mixed,cloud|docker|pandas|python
Neha Desai,ml_engineer,Mid,mixed,java|kubernetes|machine learning|pandas|python|pytorch|scikit-learn|tensorflow
Priya Raghavan,data_scientist,Junior,abbr,data analysis|machine learning|python|sql|text classification
Rohan Malhotra,nlp_engineer,Intern,mixed,docker|python|pytorch|text classification
Rahul Hegde,data_analyst,Senior,mixed,data analysis|excel|pandas|power bi|python|sql|tableau
Neha Hegde,backend_developer,Junior,mixed,docker|git|java|postgresql|python|rest api|spring boot
Arjun Deshpande,frontend_developer,Mid,mixed,git|javascript|react|rest api
Bhargav Verma,devops_engineer,Senior,full,ci/cd|cloud|docker|kubernetes|linux
Swathi Krishnan,data_engineer,Mid,full,ci/cd|cloud|docker|linux|pandas|postgresql|sql
Arjun Krishnan,ml_engineer,Junior,mixed,deep learning|python|pytorch|scikit-learn
Parvati Reddy,data_scientist,Mid,full,deep learning|machine learning|natural language processing|pandas|python|scikit-learn|sql|statistics
Suresh Rao,nlp_engineer,Senior,mixed,artificial intelligence|deep learning|docker|machine learning|natural language processing|python|pytorch|scikit-learn|text classification
Parvati Venkatesh,data_analyst,Junior,mixed,data analysis|excel|power bi|sql
Jaya Rao,backend_developer,Mid,mixed,java|postgresql|rest api|sql|statistics
Dhruv Patel,frontend_developer,Junior,mixed,html/css|javascript|react|sql
Indira Hegde,devops_engineer,Senior,full,ci/cd|cloud|docker|git|kubernetes|linux|postgresql
Yamini Chopra,data_engineer,Mid,mixed,ci/cd|docker|kubernetes|mongodb|postgresql|python|sql
Manish Joshi,ml_engineer,Intern,mixed,deep learning|python|scikit-learn
Pranav Deshpande,data_scientist,Mid,abbr,data analysis|deep learning|java|machine learning|numpy|pandas|python|sql|statistics
Mohit Kaur,nlp_engineer,Junior,mixed,machine learning|mongodb|natural language processing|python|pytorch|text classification
Indira Krishnan,data_analyst,Intern,full,excel|power bi|sql
Gaurav Subramanian,backend_developer,Junior,abbr,docker|java|kubernetes|mongodb|postgresql|rest api|sql
Sanjay Pillai,frontend_developer,Intern,mixed,html/css|javascript|linux|node.js
Rahul Saxena,devops_engineer,Senior,abbr,ci/cd|cloud|docker|git|kubernetes|linux
Kiran Ghosh,data_engineer,Senior,abbr,ci/cd|cloud|docker|postgresql|python|sql
Deepa Menon,ml_engineer,Senior,mixed,deep learning|machine learning|python|pytorch|scikit-learn|tensorflow
Madhav Iyer,data_scientist,Senior,mixed,computer vision|data analysis|machine learning|natural language processing|pandas|python|sql|statistics
Akash Iyer,nlp_engineer,Junior,full,artificial intelligence|natural language processing|python|pytorch|text classification
Rhea Hegde,data_analyst,Junior,full,data analysis|deep learning|excel|postgresql|power bi|statistics|tableau
Rajesh Bhatt,backend_developer,Intern,abbr,java|linux|python|spring boot|sql
Charu Iyer,frontend_developer,Senior,full,git|html/css|java|javascript|linux|react
Aarav Reddy,devops_engineer,Junior,abbr,ci/cd|docker|kubernetes|linux|postgresql
Vinay Dubey,data_engineer,Junior,mixed,cloud|docker|linux|python|sql
Pranav Kulkarni,ml_engineer,Senior,mixed,cloud|computer vision|deep learning|machine learning|natural language processing|numpy|python|pytorch|scikit-learn|statistics|tensorflow
Sahana Kaur,data_scientist,Mid,full,data analysis|deep learning|java|pandas|python|scikit-learn|sql|statistics|tableau|text classification
Ishaan Naidu,nlp_engineer,Junior,mixed,artificial intelligence|cloud|deep learning|numpy|python|pytorch|text classification
Bhargav Agarwal,data_analyst,Intern,full,excel|machine learning|sql|tableau
Harini Patel,backend_developer,Junior,abbr,java|javascript|postgresql|python|spring boot|sql
Ravi Balan,frontend_developer,Junior,mixed,git|javascript|python|react|sql
Ishaan Tiwari,devops_engineer,Senior,mixed,ci/cd|cloud|docker|java|kubernetes|linux|postgresql
Indira Agarwal,data_engineer,Junior,abbr,docker|pandas|postgresql|python|sql
Tanvi Dubey,ml_engineer,Intern,abbr,cloud|pytorch|scikit-learn|tensorflow
Lakshmi Prasad,data_scientist,Senior,abbr,cloud|data analysis|machine learning|pandas|python|sql|statistics
Deepa Kulkarni,nlp_engineer,Junior,abbr,artificial intelligence|deep learning|natural language processing|pytorch|text classification
Ramya Desai,data_analyst,Mid,mixed,data analysis|excel|pandas|postgresql|power bi|sql
Meera Dubey,backend_developer,Intern,full,linux|postgresql|rest api|sql
Neha Chandran,frontend_developer,Junior,full,git|html/css|javascript
Omkar Bhatt,devops_engineer,Senior,mixed,ci/cd|cloud|docker|git|java|kubernetes|linux
Lakshmi Jain,data_engineer,Mid,mixed,cloud|docker|postgresql|python|text classification
Rohan Rao,ml_engineer,Senior,abbr,deep learning|machine learning|numpy|python|pytorch|scikit-learn|tensorflow
Akash Chandran,data_scientist,Junior,mixed,data analysis|machine learning|power bi|python|sql|tableau
Omkar Nambiar,nlp_engineer,Senior,mixed,deep learning|natural language processing|python|pytorch|text classification
Aditi Raghavan,data_analyst,Senior,abbr,data analysis|excel|pandas|power bi|python|sql|tableau
Abhay Pillai,backend_developer,Intern,mixed,java|postgresql|rest api
Aarav Nambiar,frontend_developer,Junior,full,git|javascript|node.js|react
Divya Joshi,devops_engineer,Intern,full,ci/cd|deep learning|java|kubernetes|linux|scikit-learn
Darshan Venkatesh,data_engineer,Senior,abbr,cloud|docker|postgresql|python|sql
Darshan Chandran,ml_engineer,Mid,full,computer vision|deep learning|docker|machine learning|numpy|python|scikit-learn|statistics|tensorflow
Qamar Mehta,data_scientist,Mid,full,data analysis|pandas|python|sql|statistics
Siddharth Iyer,nlp_engineer,Mid,mixed,artificial intelligence|deep learning|natural language processing|pytorch|text classification
Shreya Pillai,data_analyst,Intern,mixed,data analysis|power bi|sql
Qamar Desai,backend_developer,Intern,mixed,java|linux|postgresql|spring boot
Varun Deshpande,frontend_developer,Mid,mixed,html/css|javascript|power bi|react|tableau
Pallavi Krishnan,devops_engineer,Intern,abbr,ci/cd|docker|excel|linux
Kabir Tiwari,data_engineer,Mid,full,cloud|docker|linux|numpy|postgresql|sql|tensorflow
Bhargav Jain,ml_engineer,Intern,mixed,cloud|deep learning|docker|pytorch|scikit-learn|sql
Qamar Gupta,data_scientist,Intern,mixed,data analysis|kubernetes|machine learning|python
Jaya Mehta,nlp_engineer,Mid,mixed,cloud|deep learning|docker|machine learning|natural language processing|python|text classification
Jaya Ghosh,data_analyst,Junior,mixed,data analysis|excel|postgresql|power bi|sql
Sahana Singh,backend_developer,Intern,abbr,git|java|kubernetes|spring boot|sql
Anjali Singh,frontend_developer,Intern,abbr,javascript|pandas|react|sql
Ishaan Gupta,devops_engineer,Junior,abbr,ci/cd|cloud|docker|kubernetes|postgresql|python
Omkar Nair,data_engineer,Mid,full,cloud|docker|mongodb|pandas|postgresql|sql
Ramya Subramanian,ml_engineer,Junior,full,machine learning|python|pytorch|tensorflow
Vinay Jain,data_scientist,Senior,abbr,data analysis|machine learning|pandas|postgresql|python|scikit-learn|sql|statistics
Nandini Sharma,nlp_engineer,Mid,abbr,natural language processing|python|pytorch|scikit-learn|text classification
Jaya Nambiar,data_analyst,Junior,mixed,data analysis|excel|sql|tableau
Pallavi Subramanian,backend_developer,Senior,mixed,java|postgresql|rest api|spring boot|sql
Pooja Joshi,frontend_developer,Intern,mixed,docker|git|javascript|rest api
Divya Dubey,devops_engineer,Junior,abbr,ci/cd|cloud|docker|kubernetes|python
Bhavna Pillai,data_engineer,Senior,mixed,cloud|docker|linux|mongodb|postgresql|python|sql|text classification
Divya Venkatesh,ml_engineer,Senior,mixed,cloud|deep learning|machine learning|python|pytorch|scikit-learn|tensorflow
Jatin Iyer,data_scientist,Mid,full,data analysis|machine learning|pandas|sql|statistics
Lalita Patel,nlp_engineer,Junior,mixed,deep learning|docker|git|natural language processing|node.js|python|text classification
Charu Raghavan,data_analyst,Mid,full,data analysis|excel|pandas|python|sql|tableau
Tarun Patel,backend_developer,Intern,mixed,docker|linux|rest api|spring boot|sql
Rhea Mehta,frontend_developer,Senior,full,data analysis|git|html/css|javascript|node.js|pandas|react|rest api
Siddharth Raghavan,devops_engineer,Mid,full,ci/cd|cloud|docker|kubernetes
Deepa Nambiar,data_engineer,Mid,full,cloud|docker|pandas|postgresql|sql|tensorflow
Gaurav Balan,ml_engineer,Junior,full,docker|pandas|python|pytorch|scikit-learn|tensorflow
Pranav Agarwal,data_scientist,Mid,mixed,cloud|data analysis|deep learning|machine learning|pandas|scikit-learn|sql|statistics|text classification
Shreya Nair,nlp_engineer,Junior,full,data analysis|deep learning|python|pytorch|text classification
Chetan Patel,data_analyst,Intern,full,data analysis|excel|sql
Bhargav Kapoor,backend_developer,Intern,abbr,artificial intelligence|postgresql|rest api|spring boot
Rajesh Sharma,frontend_developer,Senior,full,docker|git|html/css|javascript|linux|node.js|react|rest api
Yash Patel,devops_engineer,Junior,abbr,ci/cd|cloud|docker|linux|power bi|tableau
Lakshmi Balan,data_engineer,Mid,full,ci/cd|cloud|docker|kubernetes|mongodb|python|sql
Trisha Kaur,ml_engineer,Senior,mixed,cloud|computer vision|deep learning|docker|machine learning|python|pytorch|scikit-learn|sql|statistics|tensorflow
Kabir Agarwal,data_scientist,Junior,mixed,data analysis|machine learning|python|sql
Naveen Balan,nlp_engineer,Intern,full,cloud|deep learning|natural language processing|numpy|pandas|postgresql|pytorch
Abhay Venkatesh,data_analyst,Mid,full,data analysis|excel|spring boot|sql|tableau
Abhay Nair,backend_developer,Senior,mixed,java|numpy|postgresql|python|rest api|spring boot|sql
Naveen Bhatt,frontend_developer,Junior,mixed,excel|git|html/css|python|react
Sahana Sharma,devops_engineer,Intern,abbr,cloud|docker|java|kubernetes|linux|sql
Akash Malhotra,data_engineer,Senior,mixed,ci/cd|cloud|docker|linux|postgresql|python|sql
Meera Jain,ml_engineer,Intern,abbr,cloud|deep learning|docker|pandas|pytorch|scikit-learn
Gaurav Malhotra,data_scientist,Intern,abbr,deep learning|pandas|python|sql
Pranav Pillai,nlp_engineer,Mid,mixed,deep learning|docker|machine learning|natural language processing|python|pytorch
Parvati Prasad,data_analyst,Mid,mixed,data analysis|excel|numpy|postgresql|power bi|scikit-learn|sql
Jaya Kulkarni,backend_developer,Mid,abbr,java|postgresql|spring boot|sql
Indira Shetty,frontend_developer,Intern,mixed,git|javascript
Trisha Bhatt,devops_engineer,Intern,full,ci/cd|cloud|docker|postgresql
Ganesh Ghosh,data_engineer,Junior,full,cloud|docker|python|sql
Rohan Pillai,ml_engineer,Junior,full,deep learning|html/css|machine learning|python|react|tensorflow
Madhav Prasad,data_scientist,Senior,full,cloud|data analysis|machine learning|numpy|pandas|python|sql|statistics
Naveen Menon,nlp_engineer,Mid,mixed,artificial intelligence|cloud|deep learning|natural language processing|numpy|postgresql|python|pytorch|text classification
Ritu Venkatesh,data_analyst,Intern,abbr,data analysis|power bi|tableau
Rhea Rao,backend_developer,Senior,full,docker|java|kubernetes|linux|postgresql|python|rest api|spring boot|sql
Bhavna Agarwal,frontend_developer,Intern,full,git|javascript|node.js
Rohan Kulkarni,devops_engineer,Mid,mixed,ci/cd|deep learning|docker|git|kubernetes|linux|scikit-learn
Ramya Bhatt,data_engineer,Intern,mixed,cloud|docker|kubernetes|linux|postgresql|python|pytorch
Nikhil Balan,ml_engineer,Intern,abbr,deep learning|kubernetes|machine learning|python
Neha Ghosh,data_scientist,Senior,abbr,data analysis|deep learning|machine learning|pandas|python|sql|statistics
Ramya Shetty,nlp_engineer,Senior,full,deep learning|machine learning|natural language processing|python|pytorch|text classification
Aditi Naidu,data_analyst,Junior,mixed,data analysis|excel|sql|tableau
Sonal Bhatt,backend_developer,Junior,abbr,docker|java|kubernetes|linux|mongodb|postgresql|rest api|sql
Ishaan Balan,frontend_developer,Senior,abbr,git|html/css|javascript|python|react
Vinay Pillai,devops_engineer,Mid,mixed,ci/cd|docker|kubernetes|linux
Harini Rao,data_engineer,Intern,mixed,ci/cd|linux|postgresql|python|sql
Ravi Kaur,ml_engineer,Intern,mixed,cloud|deep learning|docker|pandas|react|scikit-learn|statistics|tensorflow
Aarav Balan,data_scientist,Mid,full,cloud|data analysis|deep learning|machine learning|power bi|python|sql|statistics|tableau|text classification
Arjun Balan,nlp_engineer,Intern,abbr,natural language processing|numpy|python|pytorch|scikit-learn
Tanvi Menon,data_analyst,Mid,full,data analysis|power bi|python|sql|tableau
Esha Mehta,backend_developer,Mid,full,git|java|kubernetes|linux|python|rest api|spring boot|sql
Bhavna Naidu,frontend_developer,Mid,abbr,git|javascript|node.js|pandas|react
Uma Chandran,devops_engineer,Senior,full,ci/cd|cloud|docker|kubernetes|linux|python|react
Parvati Verma,data_engineer,Mid,mixed,ci/cd|cloud|docker|kubernetes|mongodb|python|sql
Trisha Kulkarni,ml_engineer,Mid,abbr,deep learning|machine learning|natural language processing|python|pytorch|scikit-learn|statistics|tableau
Ravi Gupta,data_scientist,Intern,mixed,kubernetes|linux|python|sql|statistics
Ishaan Deshpande,nlp_engineer,Junior,mixed,deep learning|docker|java|machine learning|natural language processing|numpy|python|pytorch|scikit-learn
Qamar Ghosh,data_analyst,Junior,abbr,data analysis|excel|power bi|sql
Kiran Chandran,backend_developer,Intern,mixed,java|kubernetes|postgresql|python|spring boot
Harini Varma,frontend_developer,Intern,mixed,data analysis|html/css|javascript
Aditi Rao,devops_engineer,Mid,abbr,ci/cd|cloud|docker|linux|postgresql
Udhav Venkatesh,data_engineer,Junior,full,docker|linux|mongodb|postgresql|python|sql
Yash Bhatt,ml_engineer,Intern,abbr,mongodb|pytorch|scikit-learn|tensorflow
Naveen Verma,data_scientist,Junior,mixed,cloud|data analysis|deep learning|machine learning|python|statistics|text classification
Jaya Menon,nlp_engineer,Mid,mixed,deep learning|html/css|natural language processing|numpy|pytorch|text classification
Jatin Reddy,data_analyst,Senior,abbr,data analysis|excel|postgresql|power bi|sql|statistics|tableau
Meera Desai,backend_developer,Mid,full,git|java|postgresql|spring boot|sql
Parvati Balan,frontend_developer,Mid,mixed,docker|html/css|java|javascript|react
Aniket Subramanian,devops_engineer,Intern,abbr,cloud|docker|git|kubernetes
Meera Bhatt,data_engineer,Mid,full,cloud|docker|pandas|postgresql|python
Rakesh Kaur,ml_engineer,Junior,mixed,deep learning|machine learning|natural language processing|pandas|scikit-learn|tensorflow
Vikram Patel,data_scientist,Intern,full,deep learning|machine learning|sql|statistics
Dhruv Raghavan,nlp_engineer,Mid,mixed,deep learning|natural language processing|numpy|python|pytorch
Pranav Balan,data_analyst,Mid,full,excel|kubernetes|power bi|python|spring boot|sql|statistics|tableau
Jaya Kapoor,backend_developer,Intern,mixed,postgresql|rest api|spring boot|text classification
Vinay Malhotra,frontend_developer,Intern,mixed,docker|git|html/css
Mohit Kulkarni,devops_engineer,Senior,full,ci/cd|cloud|docker|git|kubernetes|linux|mongodb|postgresql|python
Tanvi Venkatesh,data_engineer,Mid,mixed,cloud|docker|kubernetes|mongodb|postgresql|sql
Vikram Pillai,ml_engineer,Junior,full,ci/cd|computer vision|python|pytorch|scikit-learn|tensorflow
Varun Hegde,data_scientist,Senior,mixed,data analysis|deep learning|machine learning|numpy|pandas|power bi|python|sql|statistics
Sameer Agarwal,nlp_engineer,Mid,mixed,artificial intelligence|cloud|deep learning|natural language processing|python|pytorch|sql|text classification
Zoya Desai,data_analyst,Junior,mixed,data analysis|html/css|pandas|power bi|sql|tableau
Ritu Singh,backend_developer,Mid,mixed,java|kubernetes|linux|pandas|postgresql|python|spring boot|sql
Lalita Verma,frontend_developer,Intern,mixed,docker|html/css|node.js|react
Vishal Subramanian,devops_engineer,Senior,full,ci/cd|cloud|docker|java|kubernetes|linux|python
Rohan Krishnan,data_engineer,Junior,mixed,cloud|docker|pandas|postgresql|python
Rakesh Saxena,ml_engineer,Intern,mixed,machine learning|pytorch|tensorflow
Charu Chandran,data_scientist,Junior,full,cloud|data analysis|machine learning|python|statistics
Darshan Varma,nlp_engineer,Intern,full,artificial intelligence|deep learning|machine learning|natural language processing|python|pytorch
Rajesh Reddy,data_analyst,Intern,mixed,power bi|sql|tableau
Shreya Joshi,backend_developer,Senior,full,java|postgresql|python|rest api|spring boot|sql
Zoya Chandran,frontend_developer,Mid,abbr,docker|git|html/css|react
Hema Subramanian,devops_engineer,Senior,mixed,ci/cd|cloud|docker|kubernetes|linux|postgresql
Trisha Dubey,data_engineer,Senior,abbr,cloud|deep learning|docker|kubernetes|pandas|postgresql|python|sql
Aarav Raghavan,ml_engineer,Mid,mixed,deep learning|docker|machine learning|numpy|python|pytorch|sql|tensorflow
Darshan Patel,data_scientist,Junior,abbr,machine learning|python|sql|statistics
Ganesh Chandran,nlp_engineer,Junior,abbr,deep learning|docker|natural language processing|python|scikit-learn|text classification
Indira Chopra,data_analyst,Mid,abbr,data analysis|excel|postgresql|power bi|tableau
Lalita Shetty,backend_developer,Intern,full,java|linux|postgresql|python|spring boot
Uma Iyer,frontend_developer,Senior,mixed,git|html/css|javascript|machine learning|react|scikit-learn
Bhavna Kaur,devops_engineer,Intern,abbr,ci/cd|cloud|linux|postgresql
Aarav Menon,data_engineer,Junior,mixed,cloud|docker|kubernetes|python|sql
Anjali Desai,ml_engineer,Senior,abbr,deep learning|docker|machine learning|natural language processing|pandas|python|pytorch|scikit-learn|statistics|tensorflow
Jatin Desai,data_scientist,Senior,full,data analysis|machine learning|pandas|power bi|python|sql|statistics|text classification
Darshan Shetty,nlp_engineer,Mid,abbr,artificial intelligence|deep learning|natural language processing|python|pytorch
Bhargav Nambiar,data_analyst,Junior,full,data analysis|excel|postgresql|sql|tableau
Esha Desai,backend_developer,Mid,mixed,java|mongodb|postgresql|python|rest api|sql
Manish Subramanian,frontend_developer,Junior,mixed,git|javascript|node.js|react
Hema Reddy,devops_engineer,Senior,mixed,ci/cd|cloud|docker|git|kubernetes|linux
Pallavi Menon,data_engineer,Mid,abbr,docker|postgresql|python|sql
Abhay Krishnan,ml_engineer,Intern,mixed,cloud|deep learning|docker|pandas|python|tensorflow
Shreya Rao,data_scientist,Intern,full,cloud|machine learning|pandas|statistics|tableau
Neha Patel,nlp_engineer,Intern,abbr,artificial intelligence|deep learning|natural language processing|pytorch|tableau
Trisha Saxena,data_analyst,Mid,abbr,data analysis|excel|postgresql|power bi|python|tableau
Charu Ghosh,backend_developer,Mid,full,docker|kubernetes|mongodb|postgresql|rest api|spring boot|sql
Sahana Naidu,frontend_developer,Senior,abbr,git|html/css|javascript|numpy|react|rest api|scikit-learn
Sneha Desai,devops_engineer,Intern,mixed,cloud|docker|kubernetes
Rajesh Balan,data_engineer,Junior,mixed,ci/cd|cloud|kubernetes|postgresql|python|sql
Tanvi Tiwari,ml_engineer,Mid,full,deep learning|docker|machine learning|numpy|python|pytorch|scikit-learn
Divya Shetty,data_scientist,Mid,mixed,cloud|data analysis|machine learning|numpy|pandas|python|scikit-learn|statistics|text classification
Charu Tiwari,nlp_engineer,Intern,abbr,deep learning|natural language processing|pytorch
Charu Menon,data_analyst,Intern,mixed,data analysis|docker|excel|kubernetes|tableau
Sneha Gupta,backend_developer,Senior,full,java|kubernetes|linux|mongodb|postgresql|python|rest api|spring boot|sql
Qamar Saxena,frontend_developer,Intern,mixed,git|html/css
Shreya Verma,devops_engineer,Junior,full,ci/cd|cloud|java|kubernetes|linux|python|scikit-learn
Siddharth Desai,data_engineer,Intern,full,cloud|mongodb|pandas|postgresql|python
Akash Deshpande,ml_engineer,Junior,abbr,computer vision|deep learning|docker|natural language processing|python|pytorch|scikit-learn
Varun Balan,data_scientist,Senior,mixed,data analysis|linux|machine learning|pandas|python|rest api|sql|statistics
Vinay Naidu,nlp_engineer,Senior,full,cloud|deep learning|docker|java|natural language processing|python|pytorch|text classification
Vidya Nair,data_analyst,Junior,abbr,data analysis|linux|pandas|power bi|sql|statistics|tableau
Rahul Sharma,backend_developer,Mid,mixed,java|linux|postgresql|rest api|spring boot
Mohit Reddy,frontend_developer,Intern,abbr,git|python|react|rest api|sql
Aditi Prasad,devops_engineer,Mid,mixed,ci/cd|cloud|git|java|kubernetes|linux
Hema Kaur,data_engineer,Intern,full,cloud|docker|linux|postgresql|text classification
Akash Rao,ml_engineer,Senior,mixed,deep learning|machine learning|python|pytorch|scikit-learn|tensorflow
Pranav Patel,data_scientist,Junior,full,data analysis|python|spring boot|sql|statistics
Aarav Kulkarni,nlp_engineer,Junior,mixed,kubernetes|natural language processing|python|pytorch|text classification
Yamini Varma,data_analyst,Mid,abbr,data analysis|excel|power bi|python|sql|statistics
Varun Dubey,backend_developer,Mid,full,git|java|linux|rest api|spring boot|sql
Ganesh Patel,frontend_developer,Junior,full,docker|git|html/css|javascript
Hema Malhotra,devops_engineer,Junior,mixed,cloud|docker|git|kubernetes|linux
Neha Saxena,data_engineer,Intern,abbr,postgresql|python|sql
Sneha Mehta,ml_engineer,Intern,full,linux|pytorch|scikit-learn|sql|tensorflow
Ganesh Varma,data_scientist,Intern,full,cloud|machine learning|pandas|python
Yamini Jain,nlp_engineer,Senior,mixed,deep learning|natural language processing|python|pytorch|text classification
Harini Menon,data_analyst,Senior,mixed,data analysis|excel|power bi|sql|tableau
Jatin Raghavan,backend_developer,Junior,full,docker|git|java|python|rest api|spring boot|sql
Yash Venkatesh,frontend_developer,Intern,full,html/css|javascript
Charu Sharma,devops_engineer,Junior,full,ci/cd|cloud|kubernetes|linux
Yamini Kulkarni,data_engineer,Senior,abbr,cloud|docker|postgresql|python|sql
Harini Mehta,ml_engineer,Mid,mixed,cloud|deep learning|python|pytorch|scikit-learn|sql|statistics|tensorflow
Sneha Joshi,data_scientist,Mid,mixed,cloud|machine learning|pandas|python|sql|statistics|tableau
Bhargav Naidu,nlp_engineer,Intern,full,deep learning|docker|natural language processing|pytorch
Chetan Desai,data_analyst,Junior,abbr,data analysis|excel|pandas|power bi|sql|statistics
Mohit Menon,backend_developer,Senior,abbr,docker|excel|java|mongodb|postgresql|python|rest api|spring boot|sql|tableau
Yash Prasad,frontend_developer,Mid,mixed,deep learning|html/css|javascript|node.js|react|rest api|scikit-learn
Manish Ghosh,devops_engineer,Mid,mixed,ci/cd|cloud|docker|java|linux|pandas|python
Naveen Reddy,data_engineer,Intern,abbr,cloud|machine learning|postgresql|python
Zoya Reddy,ml_engineer,Senior,mixed,cloud|deep learning|docker|machine learning|natural language processing|pandas|python|pytorch|scikit-learn|tensorflow
Bhargav Balan,data_scientist,Intern,full,node.js|pandas|python|sql
Darshan Menon,nlp_engineer,Senior,mixed,deep learning|natural language processing|python|pytorch|scikit-learn|text classification
Abhay Verma,data_analyst,Junior,abbr,excel|power bi|sql|tableau
Udhav Joshi,backend_developer,Junior,full,git|java|linux|postgresql|spring boot|sql
Nikhil Prasad,frontend_developer,Senior,abbr,git|html/css|javascript|node.js|react
Madhav Venkatesh,devops_engineer,Senior,abbr,ci/cd|cloud|docker|kubernetes|linux|mongodb|python
Rajesh Saxena,data_engineer,Junior,full,ci/cd|docker|mongodb|postgresql|python|sql
Lalita Reddy,ml_engineer,Mid,mixed,cloud|docker|machine learning|python|pytorch|scikit-learn|statistics|tensorflow
Esha Iyer,data_scientist,Intern,mixed,data analysis|machine learning|power bi|python
Neha Naidu,nlp_engineer,Senior,abbr,deep learning|git|natural language processing|node.js|python|pytorch|text classification
Indira Saxena,data_analyst,Mid,abbr,data analysis|excel|python|sql|statistics|tableau
Dhruv Mehta,backend_developer,Junior,mixed,git|java|postgresql|spring boot|sql
Pallavi Desai,frontend_developer,Junior,mixed,git|javascript|react
Manish Prasad,devops_engineer,Mid,mixed,cloud|docker|kubernetes|linux
Farhan Chandran,data_engineer,Junior,abbr,ci/cd|cloud|pandas|postgresql|python|sql
Indira Gupta,ml_engineer,Intern,mixed,deep learning|machine learning|python
Jatin Joshi,data_scientist,Junior,full,machine learning|numpy|pandas|power bi|python|sql|text classification
Arjun Hegde,nlp_engineer,Mid,full,deep learning|docker|natural language processing|python|pytorch
Yamini Subramanian,data_analyst,Junior,abbr,data analysis|power bi|python|sql|tableau
Ananya Iyer,backend_developer,Junior,mixed,docker|java|kubernetes|linux|postgresql|rest api|sql
Zoya Venkatesh,frontend_developer,Senior,abbr,git|html/css|javascript|react|rest api
Abhay Rao,devops_engineer,Senior,abbr,ci/cd|cloud|docker|java|kubernetes|linux|python
Bhavna Shetty,data_engineer,Senior,full,ci/cd|cloud|docker|kubernetes|postgresql|python|sql
Pranav Kumar,ml_engineer,Intern,mixed,machine learning|scikit-learn|statistics|tensorflow
Vidya Saxena,data_scientist,Senior,full,data analysis|machine learning|pandas|python|sql|statistics
Lalita Saxena,nlp_engineer,Mid,mixed,artificial intelligence|cloud|deep learning|natural language processing|power bi|python|scikit-learn|text classification
Ravi Kulkarni,data_analyst,Mid,full,data analysis|excel|pandas|power bi|tableau
Kabir Bhatt,backend_developer,Junior,full,docker|java|kubernetes|linux|postgresql|spring boot|sql
Pooja Hegde,frontend_developer,Mid,mixed,git|html/css|kubernetes|react
Zoya Krishnan,devops_engineer,Junior,mixed,ci/cd|cloud|kubernetes|linux|python|sql
Sahana Shetty,data_engineer,Senior,mixed,cloud|docker|kubernetes|linux|pandas|postgresql|python|sql
Deepa Chandran,ml_engineer,Intern,abbr,cloud|machine learning|pandas|python|pytorch|statistics
Hema Jain,data_scientist,Junior,mixed,pandas|python|sql|statistics
Suresh Desai,nlp_engineer,Intern,full,deep learning|excel|natural language processing|python|pytorch
Mohit Deshpande,data_analyst,Junior,abbr,excel|power bi|sql|tableau
Aditi Bhatt,backend_developer,Intern,full,postgresql|rest api|spring boot|text classification
Nandini Shetty,frontend_developer,Mid,abbr,docker|html/css|javascript|react|statistics
Tarun Shetty,devops_engineer,Intern,mixed,artificial intelligence|ci/cd|cloud|docker|postgresql
Hema Balan,data_engineer,Senior,abbr,cloud|docker|git|pandas|postgresql|python|rest api|sql
Sneha Saxena,ml_engineer,Mid,abbr,deep learning|javascript|machine learning|pytorch|scikit-learn|tensorflow
Ishaan Jain,data_scientist,Junior,full,docker|pandas|power bi|python|react|sql|statistics
Trisha Menon,nlp_engineer,Mid,mixed,deep learning|python|pytorch|text classification
Anjali Raghavan,data_analyst,Intern,abbr,excel|sql|tableau
Siddharth Reddy,backend_developer,Intern,abbr,linux|rest api|spring boot|sql
Ritu Naidu,frontend_developer,Intern,mixed,computer vision|html/css|javascript|statistics
Gaurav Bhatt,devops_engineer,Mid,full,ci/cd|docker|kubernetes|linux
Sanjay Prasad,data_engineer,Senior,mixed,ci/cd|cloud|docker|kubernetes|linux|postgresql|python|sql
Kabir Raghavan,ml_engineer,Mid,full,cloud|docker|machine learning|python|pytorch|scikit-learn|tensorflow
Akash Tiwari,data_scientist,Mid,mixed,data analysis|machine learning|pandas|python|scikit-learn|sql
Akash Verma,nlp_engineer,Junior,full,cloud|docker|natural language processing|python|pytorch|scikit-learn|text classification
Vinay Patel,data_analyst,Mid,abbr,data analysis|excel|pandas|power bi|sql|statistics
Sonal Subramanian,backend_developer,Mid,full,java|kubernetes|postgresql|python|spring boot|sql
Sonal Raghavan,frontend_developer,Senior,abbr,git|html/css|javascript|node.js|react|rest api
Siddharth Ghosh,devops_engineer,Intern,mixed,ci/cd|cloud|kubernetes|python
Rajesh Raghavan,data_engineer,Mid,full,ci/cd|cloud|docker|linux|mongodb|postgresql|python
Jatin Naidu,ml_engineer,Mid,mixed,computer vision|deep learning|python|pytorch|scikit-learn|tensorflow
Vishal Shetty,data_scientist,Senior,mixed,cloud|data analysis|deep learning|machine learning|numpy|pandas|python|sql|statistics|text classification
Pallavi Verma,nlp_engineer,Senior,mixed,cloud|deep learning|natural language processing|python|pytorch|scikit-learn|text classification
Tarun Balan,data_analyst,Mid,abbr,data analysis|excel|power bi|python|tableau
Charu Nair,backend_developer,Intern,mixed,git|java|kubernetes|postgresql|spring boot
Darshan Ghosh,frontend_developer,Junior,abbr,html/css|javascript|node.js|python|react|text classification
Tanvi Hegde,devops_engineer,Junior,full,ci/cd|cloud|docker|kubernetes|postgresql
Priya Desai,data_engineer,Intern,abbr,docker|kubernetes|pandas|python|sql
Aditi Verma,ml_engineer,Intern,full,cloud|deep learning|machine learning|scikit-learn|text classification
Omkar Kapoor,data_scientist,Senior,full,cloud|data analysis|deep learning|machine learning|pandas|power bi|python|sql|statistics|text classification
Esha Pillai,nlp_engineer,Senior,abbr,ci/cd|deep learning|docker|natural language processing|numpy|pandas|python|pytorch|text classification
Vikram Saxena,data_analyst,Mid,mixed,data analysis|excel|power bi|pytorch|tableau
Rohan Raghavan,backend_developer,Mid,mixed,git|java|linux|mongodb|pandas|postgresql|python|rest api|spring boot
Lakshmi Patel,frontend_developer,Intern,full,javascript|react|tableau
Deepa Chopra,devops_engineer,Junior,mixed,ci/cd|cloud|docker|java|kubernetes|python
Nandini Saxena,data_engineer,Mid,mixed,ci/cd|cloud|docker|linux|postgresql|sql
Vikram Dubey,ml_engineer,Senior,mixed,deep learning|machine learning|natural language processing|python|pytorch|scikit-learn|tensorflow
Kiran Shetty,data_scientist,Intern,abbr,numpy|pandas|python|statistics
Sameer Nambiar,nlp_engineer,Intern,mixed,deep learning|docker|pytorch|scikit-learn|text classification
Sonal Nambiar,data_analyst,Intern,abbr,data analysis|power bi|sql
Ishaan Reddy,backend_developer,Senior,abbr,docker|java|kubernetes|linux|postgresql|rest api|spring boot|sql
Farhan Subramanian,frontend_developer,Mid,abbr,git|html/css|react
Neha Varma,devops_engineer,Mid,abbr,ci/cd|cloud|docker|linux
Ishaan Bhatt,data_engineer,Junior,full,cloud|postgresql|python|sql
Priya Malhotra,ml_engineer,Intern,mixed,deep learning|python|tensorflow
Vikram Mehta,data_scientist,Senior,abbr,data analysis|deep learning|machine learning|pandas|python|sql|statistics|text classification
Meera Rao,nlp_engineer,Mid,mixed,cloud|deep learning|machine learning|natural language processing|python|pytorch
Vinay Menon,data_analyst,Junior,full,data analysis|docker|mongodb|power bi|sql|statistics|tableau
Esha Singh,backend_developer,Senior,mixed,ci/cd|java|postgresql|rest api|spring boot|sql
Sahana Reddy,frontend_developer,Junior,mixed,docker|html/css|javascript|react
Chetan Saxena,devops_engineer,Senior,mixed,ci/cd|cloud|docker|kubernetes|linux|node.js
Siddharth Gupta,data_engineer,Junior,mixed,docker|pandas|postgresql|python|sql
Vishal Ghosh,ml_engineer,Senior,abbr,deep learning|machine learning|python|pytorch|scikit-learn|tensorflow
Charu Reddy,data_scientist,Senior,mixed,data analysis|linux|machine learning|pandas|python|scikit-learn|sql|statistics|tableau
Meera Singh,nlp_engineer,Senior,mixed,artificial intelligence|cloud|deep learning|machine learning|natural language processing|numpy|python|pytorch|text classification
Vinay Kulkarni,data_analyst,Junior,abbr,data analysis|pandas|postgresql|power bi|python|sql|statistics|tableau
Vidya Rao,backend_developer,Senior,mixed,docker|java|postgresql|react|rest api|spring boot|sql
Suresh Raghavan,frontend_developer,Junior,abbr,git|html/css|react
Madhav Dubey,devops_engineer,Junior,mixed,ci/cd|cloud|git|kubernetes|linux|mongodb
Manish Agarwal,data_engineer,Junior,full,cloud|docker|pandas|postgresql|sql
Vidya Desai,ml_engineer,Intern,abbr,cloud|pandas|python|pytorch|scikit-learn|statistics
Lakshmi Nambiar,data_scientist,Senior,mixed,data analysis|git|machine learning|numpy|pandas|power bi|python|sql|statistics|tableau|text classification
Sahana Nambiar,nlp_engineer,Senior,full,artificial intelligence|cloud|deep learning|machine learning|natural language processing|python|pytorch|scikit-learn|text classification
Akash Prasad,data_analyst,Senior,abbr,data analysis|excel|pandas|power bi|sql|tableau
Tanvi Naidu,backend_developer,Junior,abbr,java|postgresql|rest api|sql
Chetan Hegde,frontend_developer,Junior,full,docker|html/css|javascript|react
Chetan Raghavan,devops_engineer,Mid,mixed,ci/cd|cloud|kubernetes|linux|postgresql|python
Lalita Chopra,data_engineer,Mid,abbr,cloud|docker|kubernetes|mongodb|postgresql|sql
Suresh Chandran,ml_engineer,Junior,abbr,deep learning|machine learning|natural language processing|python|tensorflow
Vinay Tiwari,data_scientist,Mid,abbr,data analysis|machine learning|pandas|python|sql
Abhay Mehta,nlp_engineer,Junior,mixed,deep learning|natural language processing|python|pytorch
Lakshmi Desai,data_analyst,Junior,mixed,data analysis|excel|power bi|sql
Madhav Jain,backend_developer,Mid,abbr,docker|git|linux|postgresql|rest api|spring boot|sql
Nisha Sharma,frontend_developer,Senior,abbr,git|html/css|javascript|node.js|react|rest api
Sameer Chandran,devops_engineer,Senior,full,ci/cd|cloud|docker|kubernetes|linux
Ganesh Chopra,data_engineer,Senior,abbr,ci/cd|cloud|docker|kubernetes|pandas|postgresql|python|sql
Rohan Patel,ml_engineer,Senior,full,deep learning|machine learning|python|pytorch|scikit-learn|tensorflow
Neha Sharma,data_scientist,Intern,mixed,cloud|data analysis|machine learning|mongodb|sql|tableau
Rakesh Iyer,nlp_engineer,Intern,full,deep learning|docker|natural language processing|scikit-learn|text classification
Darshan Nair,data_analyst,Junior,mixed,data analysis|docker|excel|postgresql|power bi|sql
Dhruv Gupta,backend_developer,Senior,abbr,java|postgresql|rest api|spring boot|sql
Aditi Reddy,frontend_developer,Intern,mixed,html/css|react|rest api
Ganesh Joshi,devops_engineer,Intern,full,ci/cd|docker|linux|postgresql
Meera Venkatesh,data_engineer,Junior,abbr,cloud|java|kubernetes|mongodb|postgresql|python|sql
Madhav Patel,ml_engineer,Senior,full,computer vision|deep learning|machine learning|python|pytorch|scikit-learn|tensorflow
Gaurav Nambiar,data_scientist,Mid,abbr,data analysis|machine learning|pandas|python|sql
Udhav Patel,nlp_engineer,Senior,full,deep learning|natural language processing|python|pytorch|text classification
Varun Verma,data_analyst,Junior,mixed,data analysis|excel|power bi|python|statistics|tableau
Vinay Kaur,backend_developer,Intern,full,java|rest api|spring boot
Arjun Agarwal,frontend_developer,Senior,full,git|html/css|javascript|node.js|react
Esha Nair,devops_engineer,Intern,mixed,cloud|deep learning|docker|java|linux|numpy
Ravi Agarwal,data_engineer,Senior,mixed,cloud|docker|pandas|postgresql|python|sql
Rahul Venkatesh,ml_engineer,Junior,full,docker|machine learning|python|rest api|scikit-learn|tensorflow
Priya Bhatt,data_scientist,Senior,full,data analysis|deep learning|machine learning|pandas|power bi|python|scikit-learn|sql|statistics
Dhruv Agarwal,nlp_engineer,Junior,abbr,deep learning|javascript|node.js|python|pytorch|scikit-learn|text classification
Meera Verma,data_analyst,Junior,abbr,data analysis|deep learning|excel|power bi|python|tableau|text classification
Lalita Jain,backend_developer,Junior,abbr,git|machine learning|postgresql|rest api|spring boot|sql
Dhruv Reddy,frontend_developer,Mid,mixed,git|javascript|react
Chetan Balan,devops_engineer,Junior,full,ci/cd|docker|git|kubernetes|linux|python
Rahul Krishnan,data_engineer,Senior,abbr,cloud|docker|git|kubernetes|mongodb|postgresql|python|sql
Esha Verma,ml_engineer,Junior,mixed,deep learning|python|scikit-learn|statistics|tensorflow
Vishal Verma,data_scientist,Junior,full,data analysis|pandas|python|statistics
Nikhil Pillai,nlp_engineer,Mid,abbr,cloud|deep learning|docker|pandas|python|pytorch|scikit-learn|statistics|text classification
Udhav Tiwari,data_analyst,Senior,mixed,data analysis|docker|excel|pandas|postgresql|power bi|sql|tableau
Madhav Reddy,backend_developer,Mid,abbr,java|postgresql|rest api|spring boot
Farhan Bhatt,frontend_developer,Intern,mixed,git|react|rest api
Ishaan Prasad,devops_engineer,Senior,full,ci/cd|cloud|docker|git|kubernetes|linux|pandas
Yamini Rao,data_engineer,Senior,full,ci/cd|cloud|docker|linux|postgresql|python|sql|tableau
Jatin Dubey,ml_engineer,Intern,mixed,machine learning|pandas|python|tensorflow
Aniket Desai,data_scientist,Mid,full,data analysis|machine learning|pandas|python|rest api|statistics|tableau|text classification
Dhruv Desai,nlp_engineer,Junior,mixed,cloud|deep learning|docker|numpy|python|pytorch|text classification
Akash Venkatesh,data_analyst,Mid,mixed,data analysis|excel|power bi|tableau
Parvati Raghavan,backend_developer,Mid,full,git|java|kubernetes|mongodb|postgresql|rest api|spring boot
Trisha Shetty,frontend_developer,Junior,abbr,docker|html/css|javascript|react
Akash Hegde,devops_engineer,Intern,abbr,cloud|docker|kubernetes
Ritu Shetty,data_engineer,Senior,mixed,cloud|computer vision|docker|postgresql|python|sql
Rakesh Krishnan,ml_engineer,Intern,full,computer vision|machine learning|python|scikit-learn|statistics
Vidya Hegde,data_scientist,Intern,full,cloud|numpy|python|sql|statistics|tableau
Bhavna Hegde,nlp_engineer,Intern,full,linux|pandas|python|pytorch|text classification
Rhea Chopra,data_analyst,Mid,mixed,data analysis|excel|pandas|postgresql|power bi|statistics|tableau
Parvati Hegde,backend_developer,Mid,abbr,java|mongodb|postgresql|spring boot|sql
Uma Nair,frontend_developer,Senior,abbr,git|html/css|javascript|node.js|pandas|react
Sahana Nair,devops_engineer,Intern,full,ci/cd|cloud|git|kubernetes|pandas|sql
Lalita Subramanian,data_engineer,Junior,full,cloud|docker|postgresql|sql
Meera Menon,ml_engineer,Senior,abbr,computer vision|deep learning|docker|machine learning|natural language processing|numpy|python|pytorch|scikit-learn|statistics|tensorflow
Suresh Shetty,data_scientist,Junior,full,cloud|data analysis|linux|machine learning|pandas|sql
Gaurav Iyer,nlp_engineer,Senior,abbr,cloud|deep learning|docker|machine learning|natural language processing|python|pytorch|sql|text classification
Bhavna Gupta,data_analyst,Senior,mixed,data analysis|excel|git|kubernetes|postgresql|power bi|sql|tableau
Nikhil Rao,backend_developer,Junior,full,java|python|rest api|spring boot|sql
Sameer Gupta,frontend_developer,Senior,full,git|html/css|javascript|react
Indira Prasad,devops_engineer,Senior,abbr,ci/cd|cloud|docker|kubernetes|linux
Meera Sharma,data_engineer,Mid,full,cloud|linux|mongodb|pandas|postgresql|python|sql
Jaya Jain,ml_engineer,Senior,abbr,ci/cd|deep learning|machine learning|python|pytorch|scikit-learn|tensorflow
Trisha Iyer,data_scientist,Intern,full,data analysis|machine learning|numpy|python|text classification
Harini Ghosh,nlp_engineer,Intern,full,cloud|deep learning|natural language processing|pytorch
Pooja Deshpande,data_analyst,Senior,full,data analysis|excel|power bi|sql|tableau
Jatin Deshpande,backend_developer,Senior,mixed,docker|java|kubernetes|linux|postgresql|python|rest api|spring boot|sql
Sonal Pillai,frontend_developer,Mid,abbr,html/css|javascript|pandas|react
Sanjay Varma,devops_engineer,Mid,mixed,ci/cd|cloud|docker|java|kubernetes|python
Omkar Singh,data_engineer,Senior,full,cloud|docker|excel|kubernetes|linux|pandas|postgresql|python|sql
Ananya Kumar,ml_engineer,Intern,abbr,deep learning|git|machine learning|python
Vishal Naidu,data_scientist,Mid,mixed,cloud|data analysis|machine learning|pandas|scikit-learn|sql|statistics|tableau
Swathi Venkatesh,nlp_engineer,Intern,full,deep learning|pytorch|scikit-learn|text classification
Divya Chandran,data_analyst,Junior,abbr,data analysis|power bi|python|sql|tableau
Indira Nambiar,backend_developer,Intern,abbr,git|java|kubernetes|postgresql|python|sql
Sahana Subramanian,frontend_developer,Intern,full,excel|git|postgresql|react|rest api
Ritu Jain,devops_engineer,Mid,abbr,ci/cd|cloud|docker|linux
Sanjay Subramanian,data_engineer,Junior,full,ci/cd|cloud|docker|kubernetes|postgresql|python
Ramya Reddy,ml_engineer,Junior,mixed,docker|machine learning|natural language processing|python|pytorch|scikit-learn|sql
Uma Mehta,data_scientist,Senior,abbr,cloud|data analysis|docker|git|machine learning|numpy|pandas|power bi|python|scikit-learn|sql|statistics
Rakesh Joshi,nlp_engineer,Mid,abbr,docker|natural language processing|numpy|python|pytorch|text classification
Ramya Kumar,data_analyst,Junior,mixed,data analysis|excel|pandas|sql|tableau
Manish Venkatesh,backend_developer,Junior,mixed,java|linux|mongodb|rest api|spring boot|sql
Madhav Menon,frontend_developer,Mid,abbr,git|html/css|react
Divya Agarwal,devops_engineer,Junior,mixed,ci/cd|cloud|docker|java|kubernetes|postgresql
Bhavna Ghosh,data_engineer,Junior,abbr,cloud|docker|postgresql|scikit-learn|sql
Qamar Hegde,ml_engineer,Senior,full,deep learning|machine learning|python|pytorch|scikit-learn|sql|tensorflow
Bhargav Malhotra,data_scientist,Senior,mixed,data analysis|deep learning|machine learning|pandas|python|sql|statistics|tableau
Meera Naidu,nlp_engineer,Intern,full,computer vision|numpy|python|pytorch|text classification
Udhav Jain,data_analyst,Junior,mixed,data analysis|excel|power bi|python|statistics|tableau
Pooja Menon,backend_developer,Intern,full,java|postgresql|spring boot
Parvati Gupta,frontend_developer,Junior,full,git|html/css|react|sql|text classification
Nisha Krishnan,devops_engineer,Mid,abbr,ci/cd|cloud|docker|linux
Lakshmi Verma,data_engineer,Mid,abbr,cloud|docker|pandas|postgresql|python
Deepa Jain,ml_engineer,Mid,abbr,deep learning|machine learning|python|pytorch|tensorflow
Ravi Iyer,data_scientist,Junior,mixed,data analysis|machine learning|python|sql
Dhruv Naidu,nlp_engineer,Intern,full,cloud|deep learning|machine learning|python|text classification
Vikram Jain,data_analyst,Mid,abbr,data analysis|excel|html/css|javascript|pandas|power bi|python|tableau
Rohan Chandran,backend_developer,Senior,mixed,git|java|kubernetes|mongodb|postgresql|rest api|spring boot|sql
Charu Kulkarni,frontend_developer,Junior,mixed,git|html/css|javascript
Ishaan Agarwal,devops_engineer,Intern,mixed,ci/cd|cloud|docker
Divya Menon,data_engineer,Intern,mixed,docker|kubernetes|pandas|postgresql|sql
Naveen Joshi,ml_engineer,Senior,mixed,deep learning|machine learning|python|pytorch|scikit-learn|tensorflow
Pallavi Singh,data_scientist,Mid,abbr,machine learning|numpy|pandas|postgresql|python|scikit-learn|sql|statistics
Yash Singh,nlp_engineer,Mid,full,deep learning|natural language processing|python|text classification
Yash Saxena,data_analyst,Mid,mixed,data analysis|power bi|sql|tableau
Vidya Malhotra,backend_developer,Senior,mixed,docker|git|java|kubernetes|postgresql|python|rest api|spring boot|sql
Abhay Nambiar,frontend_developer,Senior,abbr,git|html/css|javascript|pandas|python|react
Akash Raghavan,devops_engineer,Junior,mixed,ci/cd|cloud|kubernetes|linux
Sanjay Gupta,data_engineer,Junior,full,ci/cd|cloud|docker|mongodb|python|sql
Varun Naidu,ml_engineer,Senior,mixed,deep learning|machine learning|python|pytorch|scikit-learn|sql|tensorflow
Naveen Varma,data_scientist,Senior,mixed,data analysis|machine learning|pandas|power bi|python|scikit-learn|sql|statistics|tableau|text classification
Nikhil Kapoor,nlp_engineer,Intern,abbr,deep learning|python|pytorch
Nikhil Kaur,data_analyst,Senior,mixed,cloud|data analysis|excel|git|postgresql|power bi|sql|statistics|tableau
Charu Patel,backend_developer,Mid,abbr,docker|java|kubernetes|linux|postgresql|spring boot|sql
Akash Kulkarni,frontend_developer,Senior,full,docker|git|html/css|javascript|react|rest api
Aniket Kulkarni,devops_engineer,Senior,full,ci/cd|cloud|docker|kubernetes|linux|postgresql
Kiran Agarwal,data_engineer,Senior,mixed,cloud|docker|postgresql|python|sql
Kiran Nair,ml_engineer,Senior,full,deep learning|machine learning|mongodb|natural language processing|pandas|python|pytorch|scikit-learn|tensorflow
Ananya Verma,data_scientist,Senior,mixed,data analysis|deep learning|machine learning|pandas|python|scikit-learn|sql|statistics
Aniket Singh,nlp_engineer,Intern,full,natural language processing|python|scikit-learn|text classification
Nandini Iyer,data_analyst,Junior,abbr,data analysis|power bi|sql|tableau
Kiran Bhatt,backend_developer,Mid,abbr,java|mongodb|rest api|spring boot|sql
Charu Verma,frontend_developer,Senior,mixed,docker|git|html/css|javascript|node.js|react
Lakshmi Reddy,devops_engineer,Senior,full,ci/cd|cloud|docker|kubernetes|linux|power bi
Naveen Jain,data_engineer,Mid,abbr,ci/cd|cloud|kubernetes|mongodb|pandas|postgresql|python|sql
Gaurav Shetty,ml_engineer,Senior,mixed,cloud|deep learning|machine learning|natural language processing|python|pytorch|scikit-learn|sql|tensorflow|text classification
Vikram Nair,data_scientist,Junior,full,pandas|python|sql|statistics|text classification
Pallavi Nambiar,nlp_engineer,Mid,mixed,artificial intelligence|deep learning|docker|natural language processing|pandas|python|pytorch
Nisha Mehta,data_analyst,Mid,full,data analysis|excel|pandas|power bi|tableau|text classification
Zoya Naidu,backend_developer,Senior,abbr,java|kubernetes|linux|mongodb|postgresql|python|rest api|spring boot|sql
Farhan Nair,frontend_developer,Mid,full,git|html/css|javascript|natural language processing|node.js|pytorch
Ramya Sharma,devops_engineer,Junior,mixed,ci/cd|cloud|docker|linux|postgresql|python
Rhea Nair,data_engineer,Senior,mixed,cloud|docker|linux|postgresql|python|sql|tableau
Bhavna Kapoor,ml_engineer,Intern,abbr,deep learning|natural language processing|pytorch|scikit-learn
Ganesh Desai,data_scientist,Senior,abbr,computer vision|data analysis|machine learning|pandas|python|sql|statistics
Priya Agarwal,nlp_engineer,Senior,full,artificial intelligence|deep learning|git|natural language processing|python|pytorch|text classification
Aniket Sharma,data_analyst,Mid,mixed,data analysis|excel|postgresql|power bi|python|sql
Uma Shetty,backend_developer,Intern,mixed,docker|java|postgresql|python|spring boot
Aarav Patel,frontend_developer,Intern,abbr,javascript|postgresql|react|rest api
Tanvi Singh,devops_engineer,Intern,mixed,ci/cd|cloud|docker|numpy|python
Rhea Dubey,data_engineer,Intern,full,cloud|docker|html/css|linux|postgresql|python
Pallavi Chandran,ml_engineer,Senior,full,cloud|deep learning|machine learning|numpy|pandas|python|pytorch|scikit-learn|statistics|tensorflow
Jaya Joshi,data_scientist,Mid,abbr,cloud|data analysis|deep learning|docker|pandas|python|sql|statistics
Sneha Dubey,nlp_engineer,Junior,abbr,cloud|deep learning|natural language processing|python|pytorch
Ravi Patel,data_analyst,Mid,mixed,data analysis|excel|pandas|postgresql|sql|statistics|tableau
Ishaan Mehta,backend_developer,Junior,mixed,docker|java|kubernetes|postgresql|python|rest api|sql
Vidya Kumar,frontend_developer,Mid,mixed,html/css|javascript|node.js|react|rest api
Chetan Reddy,devops_engineer,Mid,full,ci/cd|cloud|docker|kubernetes|natural language processing|pytorch
Arjun Tiwari,data_engineer,Senior,mixed,ci/cd|cloud|docker|mongodb|pandas|postgresql|python|pytorch|sql
Aditi Joshi,ml_engineer,Mid,abbr,cloud|deep learning|machine learning|natural language processing|pytorch|scikit-learn|sql|statistics|tensorflow
Priya Menon,data_scientist,Junior,mixed,cloud|data analysis|machine learning|numpy|pandas|scikit-learn|statistics
Lalita Nambiar,nlp_engineer,Intern,mixed,deep learning|numpy|python|pytorch
Rhea Nambiar,data_analyst,Junior,mixed,data analysis|excel|pandas|power bi|python|tableau
Swathi Saxena,backend_developer,Senior,mixed,docker|java|pandas|postgresql|pytorch|rest api|spring boot|sql
Bhargav Rao,frontend_developer,Intern,mixed,html/css|javascript|node.js
Omkar Iyer,devops_engineer,Junior,full,ci/cd|cloud|java|kubernetes|linux|python
Chetan Venkatesh,data_engineer,Intern,mixed,cloud|docker|postgresql
Chetan Agarwal,ml_engineer,Senior,abbr,deep learning|machine learning|python|pytorch|scikit-learn|tensorflow
Darshan Joshi,data_scientist,Mid,full,data analysis|deep learning|machine learning|numpy|pandas|scikit-learn|sql|statistics|tableau
Sneha Tiwari,nlp_engineer,Junior,abbr,deep learning|java|machine learning|natural language processing|pytorch|text classification
Swathi Sharma,data_analyst,Junior,full,cloud|data analysis|deep learning|excel|pandas|power bi|python|sql
Hema Gupta,backend_developer,Mid,mixed,git|java|mongodb|postgresql|python|rest api|spring boot
Pranav Ghosh,frontend_developer,Senior,mixed,artificial intelligence|git|html/css|javascript|natural language processing|react|rest api
Lakshmi Sharma,devops_engineer,Intern,abbr,cloud|git|kubernetes|linux|numpy|statistics
Bhargav Nair,data_engineer,Senior,mixed,cloud|docker|kubernetes|mongodb|pandas|postgresql|python|sql
Ramya Tiwari,ml_engineer,Mid,abbr,machine learning|python|pytorch|scikit-learn|tensorflow
Rajesh Prasad,data_scientist,Mid,full,data analysis|deep learning|machine learning|numpy|pandas|power bi|scikit-learn|sql|statistics
Nikhil Saxena,nlp_engineer,Mid,full,artificial intelligence|cloud|deep learning|git|machine learning|natural language processing|python|pytorch
Jatin Patel,data_analyst,Senior,full,data analysis|excel|git|pandas|power bi|sql|statistics|tableau
Tanvi Iyer,backend_developer,Mid,mixed,kubernetes|mongodb|postgresql|rest api|spring boot|sql
Ramya Kulkarni,frontend_developer,Intern,abbr,html/css|react
Aarav Dubey,devops_engineer,Junior,full,ci/cd|docker|kubernetes|linux
Sanjay Hegde,data_engineer,Senior,full,cloud|deep learning|docker|linux|mongodb|natural language processing|pandas|postgresql|python|sql
Abhay Agarwal,ml_engineer,Mid,mixed,cloud|deep learning|machine learning|natural language processing|numpy|pandas|python|scikit-learn|statistics|tensorflow
Gaurav Kaur,data_scientist,Mid,abbr,git|machine learning|pandas|python|rest api|sql|statistics
Ritu Varma,nlp_engineer,Intern,mixed,natural language processing|python|pytorch
Harini Venkatesh,data_analyst,Mid,abbr,data analysis|postgresql|power bi|sql|tableau
Kiran Nambiar,backend_developer,Mid,mixed,artificial intelligence|docker|java|kubernetes|linux|postgresql|spring boot|sql
Omkar Pillai,frontend_developer,Mid,abbr,git|html/css|postgresql|react|sql
Siddharth Naidu,devops_engineer,Senior,mixed,ci/cd|cloud|docker|kubernetes|linux|natural language processing|python|pytorch
Esha Jain,data_engineer,Mid,abbr,cloud|docker|kubernetes|mongodb|postgresql|spring boot|sql
Rajesh Chopra,ml_engineer,Junior,mixed,deep learning|docker|pandas|python|scikit-learn|tensorflow
Uma Chopra,data_scientist,Senior,abbr,cloud|data analysis|deep learning|machine learning|pandas|python|sql|statistics
Akash Subramanian,nlp_engineer,Junior,abbr,deep learning|natural language processing|python|scikit-learn|text classification
Sneha Sharma,data_analyst,Mid,abbr,cloud|data analysis|excel|power bi|statistics|tableau|text classification
Bhavna Tiwari,backend_developer,Senior,mixed,docker|git|java|linux|mongodb|postgresql|rest api|spring boot|sql
Neha Joshi,frontend_developer,Mid,mixed,cloud|git|html/css|react
Yash Menon,devops_engineer,Senior,abbr,ci/cd|cloud|docker|kubernetes|linux
Bhargav Sharma,data_engineer,Junior,abbr,cloud|docker|kubernetes|mongodb|postgresql|python
Kavya Verma,ml_engineer,Senior,abbr,deep learning|machine learning|pandas|power bi|python|pytorch|scikit-learn|sql|tensorflow
Vinay Gupta,data_scientist,Mid,abbr,cloud|data analysis|git|numpy|pandas|python|sql|statistics
Vinay Chandran,nlp_engineer,Mid,full,deep learning|html/css|natural language processing|numpy|python|pytorch
Yamini Menon,data_analyst,Intern,full,data analysis|excel|postgresql|tableau
Vidya Pillai,backend_developer,Junior,mixed,docker|linux|postgresql|python|rest api|spring boot|sql
Kavya Venkatesh,frontend_developer,Mid,full,html/css|javascript|node.js|react
Vidya Joshi,devops_engineer,Mid,full,ci/cd|cloud|docker|linux
Manish Sharma,data_engineer,Mid,abbr,ci/cd|cloud|docker|mongodb|pandas|postgresql|python
Mohit Kumar,ml_engineer,Intern,abbr,deep learning|machine learning|scikit-learn|statistics
Divya Mehta,data_scientist,Junior,mixed,data analysis|excel|pandas|python|sql
Divya Krishnan,nlp_engineer,Mid,full,natural language processing|python|pytorch|text classification
Akash Nair,data_analyst,Junior,full,data analysis|excel|linux|power bi|sql
Qamar Verma,backend_developer,Intern,abbr,cloud|docker|postgresql|python|rest api|sql
Pranav Joshi,frontend_developer,Intern,abbr,deep learning|javascript|node.js|react
Meera Chandran,devops_engineer,Mid,mixed,cloud|docker|java|kubernetes|linux|natural language processing|python
Indira Verma,data_engineer,Mid,abbr,docker|kubernetes|mongodb|postgresql|python|sql
Aditi Shetty,ml_engineer,Intern,mixed,deep learning|docker|natural language processing|scikit-learn|statistics|tensorflow
Ritu Subramanian,data_scientist,Intern,mixed,machine learning|numpy|python|statistics
Hema Chandran,nlp_engineer,Junior,mixed,natural language processing|python|pytorch|tableau|text classification
Priya Shetty,data_analyst,Junior,abbr,data analysis|deep learning|excel|power bi|python|sql
Aarav Singh,backend_developer,Senior,mixed,cloud|java|postgresql|rest api|spring boot|sql
Aniket Prasad,frontend_developer,Junior,mixed,git|javascript|react|tensorflow
Darshan Krishnan,devops_engineer,Mid,abbr,ci/cd|cloud|docker|git|kubernetes|pytorch|tensorflow
Nandini Mehta,data_engineer,Intern,mixed,ci/cd|cloud|pandas|postgresql|sql
Sonal Agarwal,ml_engineer,Mid,mixed,computer vision|machine learning|numpy|python|pytorch|scikit-learn|sql|statistics|tensorflow
Tarun Chandran,data_scientist,Senior,mixed,data analysis|machine learning|pandas|python|sql|statistics
Swathi Patel,nlp_engineer,Senior,abbr,deep learning|natural language processing|python|pytorch|text classification
Ramya Kaur,data_analyst,Mid,abbr,ci/cd|data analysis|excel|linux|postgresql|power bi|statistics|tableau
Deepa Krishnan,backend_developer,Intern,full,postgresql|rest api|spring boot
Sneha Chandran,frontend_developer,Intern,full,html/css|javascript|node.js
Manish Menon,devops_engineer,Senior,mixed,ci/cd|cloud|docker|kubernetes|linux|postgresql
Lalita Sharma,data_engineer,Senior,full,cloud|docker|kubernetes|machine learning|mongodb|postgresql|python|sql
Rahul Kumar,ml_engineer,Junior,abbr,git|machine learning|node.js|pytorch|scikit-learn|tensorflow
Dhruv Singh,data_scientist,Junior,abbr,data analysis|numpy|python|sql|statistics|tableau
Madhav Rao,nlp_engineer,Mid,abbr,deep learning|natural language processing|python|text classification
Arjun Kulkarni,data_analyst,Mid,abbr,excel|pandas|power bi|sql|tableau
Siddharth Kapoor,backend_developer,Mid,abbr,deep learning|java|python|rest api|spring boot|sql|tableau
Ananya Desai,frontend_developer,Junior,full,deep learning|html/css|javascript|numpy|react
Kiran Reddy,devops_engineer,Mid,abbr,cloud|docker|java|kubernetes|linux|python
Tarun Deshpande,data_engineer,Intern,mixed,cloud|docker|kubernetes|mongodb|postgresql|python
Naveen Sharma,ml_engineer,Junior,abbr,deep learning|machine learning|python|sql|tensorflow
Tanvi Sharma,data_scientist,Intern,full,data analysis|machine learning|python
Siddharth Joshi,nlp_engineer,Junior,full,artificial intelligence|natural language processing|numpy|python|pytorch|scikit-learn|text classification
Nisha Subramanian,data_analyst,Junior,mixed,data analysis|power bi|sql|tableau
Gaurav Kumar,backend_developer,Senior,abbr,ci/cd|git|java|linux|postgresql|rest api|spring boot|sql
Rohan Kaur,frontend_developer,Junior,full,html/css|javascript|react|rest api
Suresh Joshi,devops_engineer,Intern,full,ci/cd|cloud|kubernetes
Udhav Prasad,data_engineer,Junior,mixed,cloud|kubernetes|mongodb|postgresql|python|sql
Nikhil Verma,ml_engineer,Intern,mixed,deep learning|python|tensorflow
Pallavi Iyer,data_scientist,Junior,mixed,cloud|data analysis|machine learning|pandas|scikit-learn|sql|tableau
Pranav Nambiar,nlp_engineer,Junior,mixed,cloud|deep learning|natural language processing|numpy|python|pytorch
Naveen Rao,data_analyst,Intern,full,data analysis|machine learning|postgresql|sql|tableau
Charu Agarwal,backend_developer,Senior,mixed,java|kubernetes|postgresql|rest api|spring boot|sql
Charu Subramanian,frontend_developer,Junior,mixed,html/css|javascript|react
Ramya Saxena,devops_engineer,Senior,full,ci/cd|cloud|docker|kubernetes|linux
Zoya Prasad,data_engineer,Senior,mixed,cloud|docker|linux|postgresql|python|sql
Nandini Singh,ml_engineer,Senior,mixed,cloud|computer vision|deep learning|docker|machine learning|pandas|python|pytorch|scikit-learn|tensorflow
Lalita Agarwal,data_scientist,Junior,mixed,cloud|data analysis|pandas|sql|statistics|tableau
Neha Kapoor,nlp_engineer,Senior,abbr,artificial intelligence|deep learning|docker|kubernetes|natural language processing|python|pytorch|text classification
Vidya Bhatt,data_analyst,Mid,abbr,data analysis|excel|power bi|statistics|tableau
Farhan Desai,backend_developer,Junior,full,deep learning|docker|java|mongodb|rest api|spring boot|sql|statistics
Gaurav Agarwal,frontend_developer,Intern,abbr,git|react
Ganesh Mehta,devops_engineer,Mid,full,ci/cd|cloud|docker|java|linux|python
Pranav Mehta,data_engineer,Junior,abbr,cloud|postgresql|python|sql
Hema Mehta,ml_engineer,Junior,abbr,deep learning|docker|numpy|python|scikit-learn|tensorflow
Pooja Balan,data_scientist,Junior,mixed,data analysis|machine learning|numpy|python|scikit-learn|statistics
Arjun Chopra,nlp_engineer,Senior,full,cloud|deep learning|natural language processing|python|pytorch|text classification
Bhavna Prasad,data_analyst,Mid,full,data analysis|excel|pandas|power bi|python|sql
Nikhil Subramanian,backend_developer,Senior,full,git|java|kubernetes|postgresql|python|rest api|spring boot|sql
Rajesh Tiwari,frontend_developer,Senior,full,data analysis|git|html/css|javascript|power bi|react
Harini Dubey,devops_engineer,Senior,mixed,ci/cd|cloud|docker|git|java|kubernetes|linux
Harini Kapoor,data_engineer,Mid,mixed,cloud|kubernetes|postgresql|python|sql
Sanjay Agarwal,ml_engineer,Senior,mixed,deep learning|machine learning|python|pytorch|scikit-learn|statistics|tensorflow
Siddharth Pillai,data_scientist,Intern,mixed,pandas|python|statistics|tableau
Nikhil Iyer,nlp_engineer,Senior,mixed,deep learning|natural language processing|python|pytorch|text classification
Aniket Kapoor,data_analyst,Senior,abbr,data analysis|excel|power bi|sql|tableau|text classification
Abhay Singh,backend_developer,Mid,full,artificial intelligence|java|postgresql|pytorch|rest api|sql
Esha Malhotra,frontend_developer,Senior,abbr,git|html/css|javascript|react
Jatin Agarwal,devops_engineer,Intern,abbr,ci/cd|docker|kubernetes
Yamini Gupta,data_engineer,Mid,mixed,ci/cd|docker|kubernetes|mongodb|postgresql|power bi|python|sql|tableau
Yash Nair,ml_engineer,Senior,mixed,deep learning|machine learning|numpy|python|pytorch|scikit-learn|tensorflow
Vishal Varma,data_scientist,Intern,abbr,cloud|python|sql|statistics
Yamini Sharma,nlp_engineer,Mid,full,artificial intelligence|deep learning|docker|natural language processing|numpy|python|pytorch
Kiran Kumar,data_analyst,Senior,mixed,data analysis|docker|excel|javascript|postgresql|power bi|python|sql|tableau
Sonal Mehta,backend_developer,Junior,mixed,git|java|mongodb|rest api|spring boot|sql
Darshan Balan,frontend_developer,Mid,abbr,docker|git|html/css|linux|node.js|react
Kabir Rao,devops_engineer,Junior,mixed,ci/cd|docker|kubernetes|linux|python
Pranav Singh,data_engineer,Junior,full,cloud|docker|java|postgresql|python|sql
Rohan Varma,ml_engineer,Junior,full,deep learning|numpy|pytorch|scikit-learn|sql|tensorflow
Sameer Tiwari,data_scientist,Senior,abbr,cloud|data analysis|machine learning|pandas|python|sql|statistics
Vidya Verma,nlp_engineer,Senior,abbr,deep learning|docker|natural language processing|python|pytorch|text classification
Pallavi Naidu,data_analyst,Intern,mixed,data analysis|power bi|sql|statistics
Rahul Desai,backend_developer,Junior,mixed,cloud|java|natural language processing|python|rest api|spring boot|sql
Yash Raghavan,frontend_developer,Junior,abbr,git|html/css|react
Darshan Singh,devops_engineer,Senior,abbr,ci/cd|cloud|docker|git|kubernetes|linux
Yash Iyer,data_engineer,Mid,abbr,cloud|docker|python|react|sql
Abhay Kumar,ml_engineer,Mid,mixed,cloud|computer vision|deep learning|docker|machine learning|natural language processing|numpy|pandas|python|scikit-learn|tensorflow
Qamar Sharma,data_scientist,Intern,mixed,cloud|data analysis|machine learning|numpy|sql
Pooja Mehta,nlp_engineer,Intern,mixed,artificial intelligence|deep learning|docker|natural language processing|text classification
Yamini Balan,data_analyst,Mid,abbr,data analysis|linux|pandas|postgresql|power bi|sql|tableau
Rahul Nambiar,backend_developer,Senior,mixed,java|kubernetes|mongodb|postgresql|rest api|spring boot|sql
Rhea Sharma,frontend_developer,Mid,abbr,git|html/css|kubernetes|react|rest api
Tarun Tiwari,devops_engineer,Intern,full,ci/cd|cloud|kubernetes
Jatin Nambiar,data_engineer,Senior,mixed,cloud|docker|kubernetes|postgresql|python|sql
Shreya Malhotra,ml_engineer,Senior,mixed,deep learning|machine learning|natural language processing|pandas|python|pytorch|scikit-learn|tensorflow
Yamini Verma,data_scientist,Intern,mixed,data analysis|sql|statistics
Bhargav Krishnan,nlp_engineer,Junior,mixed,cloud|computer vision|natural language processing|python|pytorch|text classification
Tanvi Chopra,data_analyst,Junior,abbr,artificial intelligence|data analysis|deep learning|excel|postgresql|sql|tableau
Anjali Chandran,backend_developer,Junior,abbr,docker|excel|java|linux|rest api|spring boot|sql|tableau
Vidya Menon,frontend_developer,Mid,abbr,git|html/css|javascript
Qamar Kaur,devops_engineer,Junior,full,ci/cd|cloud|kubernetes|linux|python
Rakesh Varma,data_engineer,Senior,mixed,cloud|docker|postgresql|python|sql
Deepa Naidu,ml_engineer,Senior,abbr,deep learning|git|machine learning|python|pytorch|rest api|scikit-learn|tensorflow
Yamini Agarwal,data_scientist,Mid,full,data analysis|docker|machine learning|pandas|postgresql|python|statistics
Aditi Nambiar,nlp_engineer,Senior,mixed,deep learning|natural language processing|python|pytorch|text classification
Vishal Joshi,data_analyst,Mid,mixed,data analysis|excel|node.js|power bi|tableau
Gaurav Chopra,backend_developer,Senior,mixed,docker|git|java|kubernetes|linux|postgresql|rest api|spring boot|sql
Rakesh Gupta,frontend_developer,Senior,full,cloud|docker|git|html/css|javascript|node.js|react|sql
Zoya Iyer,devops_engineer,Mid,full,cloud|docker|kubernetes|linux|power bi|sql
Ganesh Kumar,data_engineer,Junior,full,cloud|docker|kubernetes|mongodb|postgresql|python|sql
Siddharth Verma,ml_engineer,Intern,full,machine learning|natural language processing|python|scikit-learn
Tarun Prasad,data_scientist,Junior,full,data analysis|machine learning|numpy|pandas|python
Darshan Mehta,nlp_engineer,Junior,full,cloud|deep learning|natural language processing|numpy|postgresql|pytorch|text classification
Lakshmi Kumar,data_analyst,Mid,full,excel|postgresql|power bi|python|sql|statistics|tableau
Tanvi Kulkarni,backend_developer,Intern,full,docker|java|kubernetes|linux|postgresql|python|sql
Jaya Dubey,frontend_developer,Mid,full,docker|git|html/css|javascript|rest api
Ganesh Agarwal,devops_engineer,Senior,mixed,ci/cd|cloud|docker|java|kubernetes|linux|postgresql
Vinay Singh,data_engineer,Junior,full,docker|postgresql|python|sql
Deepa Venkatesh,ml_engineer,Mid,full,deep learning|machine learning|numpy|python|pytorch|scikit-learn|sql|statistics|tensorflow
Aditi Dubey,data_scientist,Mid,full,artificial intelligence|cloud|data analysis|deep learning|machine learning|numpy|python|sql|statistics|tableau
Tanvi Kapoor,nlp_engineer,Intern,abbr,machine learning|natural language processing|numpy|python|pytorch|text classification
Ramya Verma,data_analyst,Mid,full,data analysis|excel|sql|tableau
Ishaan Kapoor,backend_developer,Junior,abbr,docker|java|mongodb|postgresql|rest api|sql
Dhruv Jain,frontend_developer,Intern,mixed,git|html/css
Sneha Nambiar,devops_engineer,Mid,full,artificial intelligence|ci/cd|cloud|deep learning|kubernetes|linux
Ganesh Reddy,data_engineer,Junior,mixed,ci/cd|docker|mongodb|postgresql|python|sql
Pooja Jain,ml_engineer,Junior,mixed,cloud|deep learning|machine learning|numpy|python|pytorch|statistics
Qamar Iyer,data_scientist,Senior,mixed,cloud|data analysis|machine learning|numpy|pandas|power bi|python|sql|statistics|tableau
Vikram Menon,nlp_engineer,Intern,mixed,machine learning|natural language processing|pytorch|text classification
Omkar Patel,data_analyst,Junior,full,data analysis|power bi|sql|tableau
Kabir Nambiar,backend_developer,Junior,mixed,java|postgresql|rest api|sql
Omkar Gupta,frontend_developer,Intern,mixed,docker|git|react
Trisha Deshpande,devops_engineer,Senior,full,ci/cd|cloud|docker|kubernetes|linux|postgresql|python
Rhea Subramanian,data_engineer,Mid,mixed,cloud|docker|postgresql|sql
Pranav Krishnan,ml_engineer,Senior,abbr,deep learning|docker|machine learning|natural language processing|python|pytorch|scikit-learn|sql|statistics|tensorflow
Sanjay Singh,data_scientist,Junior,abbr,data analysis|deep learning|docker|html/css|pandas|python|sql|tableau
Neha Shetty,nlp_engineer,Mid,mixed,cloud|deep learning|machine learning|natural language processing|numpy|pytorch|text classification
Akash Gupta,data_analyst,Junior,mixed,data analysis|excel|linux|python|sql|tableau
Varun Nambiar,backend_developer,Mid,mixed,git|java|linux|postgresql|python|rest api|spring boot
Ravi Dubey,frontend_developer,Mid,full,data analysis|html/css|javascript|node.js|react
Udhav Balan,devops_engineer,Intern,mixed,ci/cd|cloud|docker|html/css|node.js
Abhay Sharma,data_engineer,Junior,mixed,ci/cd|cloud|docker|postgresql|python
Kabir Gupta,ml_engineer,Mid,mixed,cloud|deep learning|machine learning|natural language processing|numpy|pandas|python|pytorch|scikit-learn
Deepa Desai,data_scientist,Senior,full,cloud|data analysis|html/css|machine learning|numpy|pandas|python|sql|statistics
Deepa Balan,nlp_engineer,Mid,abbr,artificial intelligence|deep learning|excel|natural language processing|pytorch|scikit-learn|tableau|text classification
Dhruv Menon,data_analyst,Intern,abbr,data analysis|excel|tableau
Deepa Deshpande,backend_developer,Junior,abbr,git|java|kubernetes|postgresql|rest api|sql|statistics
Abhay Varma,frontend_developer,Intern,mixed,html/css|javascript
Harini Raghavan,devops_engineer,Intern,full,ci/cd|cloud|kubernetes|pytorch
Sneha Jain,data_engineer,Intern,full,cloud|docker|linux|mongodb|postgresql|python
Jatin Venkatesh,ml_engineer,Junior,mixed,deep learning|machine learning|natural language processing|pandas|pytorch|statistics|tensorflow
Nisha Agarwal,data_scientist,Intern,mixed,pandas|power bi|python|statistics|text classification
Pallavi Varma,nlp_engineer,Junior,abbr,cloud|deep learning|docker|natural language processing|python|pytorch|scikit-learn|text classification
Vishal Kapoor,data_analyst,Intern,mixed,postgresql|power bi|sql|tableau
Bhavna Desai,backend_developer,Senior,mixed,java|postgresql|rest api|scikit-learn|spring boot|sql
Qamar Nair,frontend_developer,Intern,abbr,git|html/css|node.js
Meera Ghosh,devops_engineer,Intern,abbr,ci/cd|kubernetes|linux|power bi|python
Anjali Pillai,data_engineer,Mid,abbr,cloud|docker|machine learning|postgresql|python|sql
Nisha Tiwari,ml_engineer,Mid,abbr,cloud|docker|linux|machine learning|python|pytorch|scikit-learn|sql|tensorflow
Hema Varma,data_scientist,Mid,full,data analysis|deep learning|pandas|power bi|python|sql|statistics|tableau
Nisha Dubey,nlp_engineer,Junior,mixed,docker|machine learning|natural language processing|python|pytorch|scikit-learn|text classification
Varun Agarwal,data_analyst,Junior,full,data analysis|excel|power bi|sql
Ritu Desai,backend_developer,Intern,mixed,java|kubernetes|postgresql|python|sql
Bhavna Rao,frontend_developer,Junior,abbr,html/css|javascript|react|rest api
Parvati Krishnan,devops_engineer,Senior,mixed,ci/cd|cloud|docker|git|java|kubernetes|linux
Shreya Naidu,data_engineer,Senior,mixed,cloud|docker|kubernetes|mongodb|numpy|pandas|postgresql|python|sql|tensorflow
Sanjay Kumar,ml_engineer,Intern,abbr,deep learning|machine learning|pandas|pytorch
Jaya Reddy,data_scientist,Senior,mixed,data analysis|docker|java|machine learning|pandas|python|sql|statistics|text classification
Deepa Varma,nlp_engineer,Senior,mixed,deep learning|git|kubernetes|natural language processing|python|pytorch|text classification
Pranav Kapoor,data_analyst,Intern,abbr,ci/cd|data analysis|power bi|python|sql|statistics
Lalita Krishnan,backend_developer,Mid,mixed,mongodb|postgresql|rest api|spring boot|sql
Rakesh Mehta,frontend_developer,Junior,abbr,git|html/css|javascript
Lalita Gupta,devops_engineer,Mid,mixed,artificial intelligence|ci/cd|cloud|docker|linux|python
Nandini Desai,data_engineer,Mid,full,cloud|docker|postgresql|sql
Hema Prasad,ml_engineer,Mid,full,computer vision|deep learning|docker|machine learning|pytorch|scikit-learn|statistics|tensorflow
Yamini Kumar,data_scientist,Senior,mixed,data analysis|kubernetes|linux|machine learning|numpy|pandas|python|sql|statistics
Neha Iyer,nlp_engineer,Intern,abbr,deep learning|docker|natural language processing|pytorch|scikit-learn
Divya Jain,data_analyst,Mid,full,data analysis|excel|pandas|power bi|sql|statistics
Ramya Agarwal,backend_developer,Intern,full,postgresql|spring boot|sql
Sahana Venkatesh,frontend_developer,Intern,mixed,git|html/css|rest api
Arjun Mehta,devops_engineer,Junior,abbr,cloud|docker|kubernetes|linux|postgresql|python
Vikram Hegde,data_engineer,Senior,mixed,cloud|docker|git|node.js|postgresql|python|sql
Ishaan Nair,ml_engineer,Senior,mixed,deep learning|machine learning|python|pytorch|scikit-learn|tensorflow
Yash Naidu,data_scientist,Senior,abbr,data analysis|machine learning|pandas|python|react|rest api|sql|statistics
Esha Kapoor,nlp_engineer,Intern,mixed,natural language processing|python|pytorch
Lakshmi Raghavan,data_analyst,Mid,mixed,data analysis|power bi|sql|statistics|tableau
Tanvi Shetty,backend_developer,Mid,abbr,git|java|rest api|spring boot|sql
Lakshmi Mehta,frontend_developer,Mid,mixed,git|html/css|javascript|kubernetes
Suresh Hegde,devops_engineer,Junior,full,ci/cd|docker|java|kubernetes|linux|postgresql
Farhan Prasad,data_engineer,Senior,full,ci/cd|cloud|docker|linux|postgresql|python|sql
Ravi Varma,ml_engineer,Senior,mixed,deep learning|machine learning|python|pytorch|scikit-learn|statistics|tensorflow
Shreya Krishnan,data_scientist,Mid,mixed,cloud|data analysis|linux|machine learning|pandas|python|scikit-learn|statistics|tableau|text classification
Ritu Mehta,nlp_engineer,Intern,mixed,deep learning|python|pytorch
Pranav Iyer,data_analyst,Intern,mixed,excel|power bi|sql
Dhruv Krishnan,backend_developer,Intern,mixed,docker|machine learning|rest api|spring boot|sql
Mohit Balan,frontend_developer,Senior,abbr,git|html/css|javascript|react
Ananya Jain,devops_engineer,Intern,full,ci/cd|cloud|linux|python
Priya Nambiar,data_engineer,Senior,full,cloud|docker|kubernetes|linux|postgresql|python|sql
Rhea Krishnan,ml_engineer,Intern,mixed,cloud|computer vision|machine learning|scikit-learn|sql|tensorflow
Akash Pillai,data_scientist,Intern,abbr,data analysis|natural language processing|python|sql
Arjun Desai,nlp_engineer,Senior,mixed,artificial intelligence|deep learning|docker|natural language processing|numpy|python|pytorch|scikit-learn|text classification
Indira Desai,data_analyst,Junior,mixed,data analysis|excel|postgresql|pytorch|sql|tableau|text classification
Meera Malhotra,backend_developer,Senior,full,java|postgresql|rest api|spring boot|sql
Meera Reddy,frontend_developer,Intern,full,docker|javascript|react
Sameer Jain,devops_engineer,Intern,mixed,ci/cd|cloud|docker|git
Ganesh Bhatt,data_engineer,Intern,mixed,docker|postgresql|sql
Abhay Chopra,ml_engineer,Senior,full,deep learning|machine learning|python|pytorch|scikit-learn|tensorflow
Trisha Ghosh,data_scientist,Junior,mixed,cloud|data analysis|machine learning|pandas|python|statistics|tableau
Chetan Iyer,nlp_engineer,Senior,mixed,deep learning|docker|machine learning|natural language processing|python|pytorch|text classification
Mohit Subramanian,data_analyst,Mid,abbr,excel|postgresql|power bi|sql|tableau
Parvati Bhatt,backend_developer,Senior,abbr,docker|git|java|kubernetes|postgresql|python|rest api|spring boot|sql
Deepa Subramanian,frontend_developer,Junior,mixed,git|javascript|react
Indira Deshpande,devops_engineer,Mid,abbr,ci/cd|cloud|kubernetes|linux
Vinay Rao,data_engineer,Senior,mixed,cloud|docker|kubernetes|mongodb|pandas|postgresql|python|sql
Darshan Kapoor,ml_engineer,Junior,abbr,git|java|machine learning|python|pytorch|tensorflow
Ritu Nambiar,data_scientist,Intern,full,html/css|machine learning|node.js|numpy|python|sql|tableau
Tanvi Nambiar,nlp_engineer,Intern,abbr,cloud|deep learning|numpy|python|text classification
Lalita Singh,data_analyst,Junior,mixed,data analysis|excel|pandas|postgresql|react|sql|tableau
Uma Menon,backend_developer,Mid,mixed,java|postgresql|spring boot|sql
Uma Subramanian,frontend_developer,Junior,full,html/css|javascript|react
Neha Nair,devops_engineer,Intern,full,ci/cd|cloud|linux|python
Varun Jain,data_engineer,Junior,abbr,cloud|docker|kubernetes|postgresql|sql
Nandini Kumar,ml_engineer,Junior,mixed,cloud|computer vision|machine learning|python|pytorch|tensorflow
Ishaan Joshi,data_scientist,Senior,full,data analysis|machine learning|pandas|python|sql|statistics|tableau
Sahana Jain,nlp_engineer,Intern,abbr,artificial intelligence|cloud|natural language processing|python|text classification
Bhavna Bhatt,data_analyst,Junior,abbr,artificial intelligence|data analysis|pandas|power bi|sql|statistics|tableau
Hema Raghavan,backend_developer,Mid,mixed,java|node.js|postgresql|rest api|spring boot
Rajesh Nambiar,frontend_developer,Senior,full,git|html/css|java|javascript|react
Yamini Saxena,devops_engineer,Mid,full,cloud|docker|kubernetes|linux
Sneha Venkatesh,data_engineer,Intern,mixed,docker|python|pytorch|sql
Bhavna Mehta,ml_engineer,Mid,full,deep learning|machine learning|natural language processing|pandas|pytorch|scikit-learn|sql|tensorflow
Sneha Deshpande,data_scientist,Mid,abbr,machine learning|pandas|python|sql|statistics
Farhan Tiwari,nlp_engineer,Junior,mixed,deep learning|natural language processing|python|text classification
Jatin Nair,data_analyst,Mid,full,excel|power bi|pytorch|scikit-learn|sql|tableau
Ananya Patel,backend_developer,Intern,mixed,java|postgresql|sql
Omkar Ghosh,frontend_developer,Mid,mixed,docker|git|html/css|node.js|react
Hema Nair,devops_engineer,Senior,abbr,ci/cd|cloud|docker|kubernetes|linux
Hema Deshpande,data_engineer,Intern,full,cloud|docker|git|python
Jaya Raghavan,ml_engineer,Intern,mixed,docker|java|machine learning|numpy|pandas|pytorch|scikit-learn
Pooja Subramanian,data_scientist,Senior,mixed,data analysis|machine learning|pandas|python|scikit-learn|sql|statistics|tableau|text classification
Nikhil Tiwari,nlp_engineer,Senior,mixed,artificial intelligence|cloud|deep learning|docker|natural language processing|python|pytorch|scikit-learn|text classification
Esha Chopra,data_analyst,Senior,full,cloud|data analysis|excel|power bi|sql|tableau
Omkar Varma,backend_developer,Junior,full,docker|java|rest api|spring boot|sql
Rakesh Balan,frontend_developer,Senior,abbr,git|html/css|javascript|mongodb|react
Arjun Kumar,devops_engineer,Mid,mixed,ci/cd|cloud|docker|java|linux|postgresql
Vishal Prasad,data_engineer,Intern,abbr,cloud|git|python|sql
Rajesh Iyer,ml_engineer,Senior,full,cloud|computer vision|deep learning|machine learning|natural language processing|python|pytorch|scikit-learn|statistics|tensorflow
Abhay Chandran,data_scientist,Senior,mixed,data analysis|machine learning|pandas|power bi|python|sql|statistics|tableau
Dhruv Chopra,nlp_engineer,Senior,mixed,artificial intelligence|deep learning|natural language processing|pandas|python|pytorch|text classification
Yamini Naidu,data_analyst,Intern,mixed,ci/cd|excel|sql|statistics|tableau
Dhruv Deshpande,backend_developer,Mid,mixed,git|java|postgresql|rest api|sql
Meera Saxena,frontend_developer,Intern,mixed,git|html/css
Madhav Saxena,devops_engineer,Mid,mixed,cloud|docker|git|kubernetes|linux
Sneha Naidu,data_engineer,Intern,full,ci/cd|docker|python|sql
Sameer Dubey,ml_engineer,Intern,abbr,cloud|deep learning|node.js|python|rest api|tensorflow
Rhea Kaur,data_scientist,Mid,mixed,deep learning|machine learning|numpy|pandas|power bi|python|sql|statistics|text classification
Pallavi Venkatesh,nlp_engineer,Senior,full,cloud|deep learning|machine learning|natural language processing|python|pytorch|scikit-learn|text classification
Rakesh Ghosh,data_analyst,Junior,mixed,data analysis|excel|html/css|node.js|pandas|power bi|statistics|tableau
Sameer Pillai,backend_developer,Mid,abbr,docker|java|linux|postgresql|rest api|spring boot
Neha Singh,frontend_developer,Junior,abbr,git|html/css|javascript
Sanjay Rao,devops_engineer,Intern,abbr,ci/cd|docker|linux
Bhavna Joshi,data_engineer,Intern,full,cloud|docker|pandas|postgresql
Rhea Saxena,ml_engineer,Mid,mixed,computer vision|deep learning|docker|machine learning|pytorch|react|scikit-learn|tensorflow
Mohit Patel,data_scientist,Junior,mixed,cloud|machine learning|pandas|sql|statistics|tensorflow
Tanvi Krishnan,nlp_engineer,Senior,mixed,deep learning|docker|natural language processing|python|pytorch|scikit-learn|text classification
Dhruv Rao,data_analyst,Junior,full,data analysis|deep learning|excel|numpy|pandas|python|sql|tableau
Akash Desai,backend_developer,Intern,abbr,kubernetes|python|rest api|spring boot|sql
Ishaan Pillai,frontend_developer,Senior,mixed,git|html/css|javascript|react
Indira Varma,devops_engineer,Intern,mixed,ci/cd|cloud|docker|rest api
Nikhil Venkatesh,data_engineer,Junior,full,cloud|docker|mongodb|postgresql|python|sql
Sonal Saxena,ml_engineer,Junior,full,cloud|computer vision|deep learning|pytorch|scikit-learn|statistics|tensorflow
Ananya Hegde,data_scientist,Intern,full,python|sql|statistics
Hema Joshi,nlp_engineer,Junior,mixed,docker|natural language processing|python|pytorch|text classification
Tarun Sharma,data_analyst,Junior,mixed,excel|power bi|sql|tableau
Ishaan Chandran,backend_developer,Senior,mixed,docker|java|kubernetes|postgresql|python|rest api|spring boot|sql
Pranav Chandran,frontend_developer,Intern,mixed,git|html/css
Akash Varma,devops_engineer,Senior,mixed,ci/cd|cloud|docker|java|kubernetes|linux|python
Lakshmi Deshpande,data_engineer,Mid,mixed,docker|kubernetes|linux|mongodb|postgresql|python|sql
Pallavi Jain,ml_engineer,Mid,abbr,deep learning|python|pytorch|scikit-learn|tensorflow
Trisha Nair,data_scientist,Intern,full,data analysis|machine learning|postgresql|python
Chetan Krishnan,nlp_engineer,Intern,mixed,cloud|deep learning|docker|postgresql|python|sql|text classification
Varun Gupta,data_analyst,Junior,mixed,data analysis|excel|pandas|postgresql|sql|tableau
Vidya Subramanian,backend_developer,Senior,full,java|mongodb|postgresql|rest api|spring boot|sql
Rakesh Menon,frontend_developer,Senior,mixed,git|html/css|javascript|react
Bhargav Reddy,devops_engineer,Senior,abbr,ci/cd|cloud|docker|java|kubernetes|linux
Parvati Chandran,data_engineer,Mid,mixed,data analysis|docker|kubernetes|pandas|postgresql|python|sql
Vikram Subramanian,ml_engineer,Intern,abbr,numpy|python|pytorch|tensorflow
Vikram Naidu,data_scientist,Intern,abbr,data analysis|docker|pandas|power bi|scikit-learn|statistics
Gaurav Hegde,nlp_engineer,Junior,mixed,deep learning|natural language processing|python|text classification
Vishal Chandran,data_analyst,Junior,full,data analysis|pandas|power bi|sql|tableau
Varun Saxena,backend_developer,Intern,abbr,kubernetes|mongodb|postgresql|rest api|sql
Ravi Rao,frontend_developer,Intern,mixed,git|html/css|linux|node.js|python
Bhargav Ghosh,devops_engineer,Intern,mixed,ci/cd|cloud|kubernetes|python
Chetan Pillai,data_engineer,Senior,abbr,cloud|docker|mongodb|postgresql|python|sql
Vinay Kapoor,ml_engineer,Junior,full,computer vision|deep learning|machine learning|pandas|scikit-learn|tensorflow
Sanjay Patel,data_scientist,Mid,mixed,machine learning|numpy|pandas|power bi|python|sql|statistics|tableau|text classification
Charu Deshpande,nlp_engineer,Junior,abbr,artificial intelligence|computer vision|docker|natural language processing|python|pytorch|scikit-learn|text classification
Suresh Verma,data_analyst,Mid,full,data analysis|excel|postgresql|power bi|pytorch|sql|statistics|text classification
Vikram Malhotra,backend_developer,Senior,abbr,docker|git|java|mongodb|postgresql|rest api|spring boot|sql|tableau
Ramya Joshi,frontend_developer,Senior,full,git|html/css|javascript|react
Aditi Mehta,devops_engineer,Mid,mixed,ci/cd|cloud|docker|git|kubernetes|python
Qamar Kumar,data_engineer,Mid,full,cloud|mongodb|postgresql|python|sql
Rohan Kapoor,ml_engineer,Junior,full,machine learning|pytorch|scikit-learn|sql|statistics|tensorflow
Indira Venkatesh,data_scientist,Junior,full,machine learning|pandas|sql|statistics|text classification
Arjun Saxena,nlp_engineer,Intern,abbr,deep learning|python|text classification
Jaya Desai,data_analyst,Intern,abbr,data analysis|sql|statistics|tableau
Swathi Iyer,backend_developer,Intern,full,git|java|postgresql|rest api
Rakesh Kapoor,frontend_developer,Senior,mixed,docker|git|html/css|javascript|react
Rahul Singh,devops_engineer,Intern,mixed,cloud|java|kubernetes|linux
Kavya Patel,data_engineer,Intern,mixed,ci/cd|docker|mongodb|python|sql
Tarun Singh,ml_engineer,Mid,abbr,computer vision|deep learning|machine learning|natural language processing|numpy|pandas|python|pytorch|tensorflow
Sneha Verma,data_scientist,Senior,full,data analysis|deep learning|machine learning|numpy|pandas|python|sql|statistics
Rahul Rao,nlp_engineer,Senior,full,deep learning|natural language processing|python|pytorch|text classification
Aniket Raghavan,data_analyst,Junior,full,data analysis|docker|excel|power bi|rest api|tableau
Kabir Joshi,backend_developer,Mid,abbr,git|java|mongodb|postgresql|spring boot|sql
Rohan Tiwari,frontend_developer,Senior,full,docker|git|html/css|javascript|react|rest api
Vikram Tiwari,devops_engineer,Senior,full,ci/cd|cloud|computer vision|docker|java|kubernetes|linux|python|pytorch
Mohit Raghavan,data_engineer,Senior,mixed,cloud|docker|postgresql|python|sql
Omkar Hegde,ml_engineer,Mid,mixed,deep learning|docker|machine learning|python|pytorch|statistics|tensorflow
Dhruv Balan,data_scientist,Intern,full,data analysis|deep learning|machine learning|numpy|pandas
Sanjay Kapoor,nlp_engineer,Senior,mixed,artificial intelligence|computer vision|deep learning|natural language processing|python|pytorch|scikit-learn|text classification
Priya Krishnan,data_analyst,Mid,abbr,data analysis|excel|power bi|python|sql
Aniket Krishnan,backend_developer,Intern,abbr,docker|java|postgresql|pytorch|spring boot
Vishal Balan,frontend_developer,Intern,abbr,javascript|react
Nandini Verma,devops_engineer,Mid,abbr,ci/cd|cloud|docker|git|linux|power bi
Naveen Naidu,data_engineer,Junior,mixed,cloud|docker|postgresql|python
Anjali Naidu,ml_engineer,Mid,abbr,computer vision|deep learning|docker|pandas|python|pytorch|scikit-learn|tensorflow
Naveen Subramanian,data_scientist,Junior,abbr,data analysis|machine learning|pandas|python|scikit-learn|text classification
Tarun Dubey,nlp_engineer,Senior,full,artificial intelligence|deep learning|natural language processing|python|pytorch|text classification
Nikhil Varma,data_analyst,Junior,mixed,data analysis|excel|power bi|tableau
Rahul Subramanian,backend_developer,Intern,abbr,cloud|java|machine learning|rest api|spring boot
Kavya Pillai,frontend_developer,Junior,mixed,html/css|javascript|react
Vidya Reddy,devops_engineer,Mid,mixed,ci/cd|cloud|kubernetes|linux|text classification
Arjun Varma,data_engineer,Intern,full,cloud|docker|git|java|kubernetes|mongodb|sql
Rohan Saxena,ml_engineer,Junior,abbr,docker|pandas|python|pytorch|scikit-learn|statistics|tensorflow
Rajesh Verma,data_scientist,Intern,full,machine learning|pandas|python|tableau
Chetan Verma,nlp_engineer,Junior,abbr,cloud|deep learning|python|pytorch|scikit-learn|text classification
Sameer Ghosh,data_analyst,Intern,mixed,excel|sql|statistics|tableau|tensorflow
Priya Singh,backend_developer,Intern,mixed,docker|git|postgresql|rest api|sql
Nikhil Deshpande,frontend_developer,Senior,full,git|html/css|javascript|node.js|react|rest api
Pranav Saxena,devops_engineer,Intern,mixed,cloud|kubernetes|linux|postgresql
Vikram Kulkarni,data_engineer,Senior,mixed,ci/cd|cloud|docker|kubernetes|machine learning|mongodb|postgresql|python|sql
Aniket Patel,ml_engineer,Senior,full,cloud|deep learning|machine learning|pandas|python|pytorch|scikit-learn|tensorflow
Shreya Gupta,data_scientist,Senior,mixed,data analysis|deep learning|machine learning|mongodb|pandas|postgresql|python|scikit-learn|sql|statistics
Rhea Prasad,nlp_engineer,Junior,full,data analysis|deep learning|natural language processing|python|sql|text classification
Qamar Kapoor,data_analyst,Junior,full,data analysis|docker|excel|pandas|postgresql|power bi|tableau
Swathi Verma,backend_developer,Intern,full,deep learning|git|java|kubernetes|spring boot|sql
Sonal Nair,frontend_developer,Mid,mixed,docker|git|html/css|node.js|react
Harini Shetty,devops_engineer,Intern,abbr,docker|kubernetes|linux
Indira Joshi,data_engineer,Mid,mixed,docker|machine learning|postgresql|python|sql
Rhea Varma,ml_engineer,Intern,mixed,deep learning|machine learning|numpy|statistics|tensorflow
Yamini Patel,data_scientist,Junior,mixed,data analysis|machine learning|numpy|pandas|power bi|statistics
Rohan Iyer,nlp_engineer,Mid,mixed,artificial intelligence|deep learning|machine learning|natural language processing|numpy|python|pytorch
Parvati Rao,data_analyst,Senior,mixed,data analysis|excel|pandas|power bi|python|sql|tableau
Ananya Nambiar,backend_developer,Junior,mixed,machine learning|postgresql|rest api|spring boot|sql
Rohan Sharma,frontend_developer,Intern,abbr,docker|javascript|react
Arjun Nambiar,devops_engineer,Mid,full,ci/cd|docker|kubernetes|linux
Sameer Naidu,data_engineer,Junior,abbr,cloud|docker|kubernetes|linux|python|sql
Ganesh Tiwari,ml_engineer,Intern,mixed,computer vision|deep learning|machine learning|natural language processing|sql|tensorflow|text classification
Arjun Ghosh,data_scientist,Mid,full,machine learning|pandas|python|sql|statistics
Pranav Varma,nlp_engineer,Junior,mixed,artificial intelligence|deep learning|git|natural language processing|pytorch|text classification
Farhan Iyer,data_analyst,Junior,full,data analysis|excel|natural language processing|postgresql|power bi|statistics|tableau|text classification
Sanjay Joshi,backend_developer,Junior,full,postgresql|rest api|spring boot|sql
Rajesh Nair,frontend_developer,Intern,mixed,docker|git|javascript|machine learning|natural language processing
Shreya Agarwal,devops_engineer,Intern,mixed,ci/cd|docker|kubernetes
Swathi Kaur,data_engineer,Junior,mixed,ci/cd|cloud|docker|pandas|postgresql|python|sql
Nikhil Kumar,ml_engineer,Junior,mixed,machine learning|python|pytorch|scikit-learn
Parvati Patel,data_scientist,Mid,mixed,data analysis|machine learning|pandas|power bi|python|scikit-learn|statistics
Varun Desai,nlp_engineer,Senior,mixed,artificial intelligence|cloud|deep learning|natural language processing|python|pytorch|scikit-learn|text classification
Vinay Deshpande,data_analyst,Intern,full,deep learning|excel|power bi|statistics|tableau
Divya Raghavan,backend_developer,Junior,abbr,java|linux|postgresql|spring boot|sql
Kavya Shetty,frontend_developer,Mid,mixed,ci/cd|git|javascript|linux|node.js|react
Sameer Saxena,devops_engineer,Mid,abbr,ci/cd|docker|kubernetes|linux
Hema Rao,data_engineer,Mid,mixed,ci/cd|docker|kubernetes|postgresql|python|react|rest api|sql
Ritu Dubey,ml_engineer,Senior,full,deep learning|kubernetes|machine learning|numpy|python|pytorch|scikit-learn|sql|statistics|tensorflow
Rahul Dubey,data_scientist,Mid,full,cloud|excel|machine learning|numpy|pandas|power bi|python|scikit-learn|sql|statistics
Bhargav Chopra,nlp_engineer,Intern,full,cloud|deep learning|machine learning|natural language processing|text classification
Anjali Rao,data_analyst,Mid,full,data analysis|git|kubernetes|power bi|sql|tableau
Lakshmi Shetty,backend_developer,Intern,full,java|kubernetes|postgresql|python|rest api
Deepa Hegde,frontend_developer,Intern,full,docker|html/css|react
Meera Kulkarni,devops_engineer,Junior,mixed,ci/cd|cloud|data analysis|docker|kubernetes|postgresql|statistics
Rajesh Rao,data_engineer,Senior,full,cloud|docker|kubernetes|postgresql|python|sql
Qamar Kulkarni,ml_engineer,Mid,mixed,artificial intelligence|deep learning|python|pytorch|scikit-learn|statistics|tensorflow|text classification
Harini Gupta,data_scientist,Junior,mixed,cloud|machine learning|python|sql|statistics|tableau
Indira Mehta,nlp_engineer,Mid,mixed,cloud|deep learning|javascript|natural language processing|python|pytorch
Rohan Joshi,data_analyst,Junior,mixed,data analysis|excel|mongodb|power bi|tableau
Ritu Patel,backend_developer,Junior,mixed,java|kubernetes|rest api|spring boot|sql
Jaya Venkatesh,frontend_developer,Junior,mixed,git|html/css|node.js|react
Indira Chandran,devops_engineer,Junior,full,ci/cd|cloud|docker|kubernetes
Suresh Pillai,data_engineer,Intern,mixed,docker|kubernetes|python|sql
Swathi Chandran,ml_engineer,Junior,abbr,cloud|computer vision|deep learning|docker|machine learning|pytorch|scikit-learn
Rohan Ghosh,data_scientist,Senior,mixed,cloud|data analysis|deep learning|machine learning|pandas|python|scikit-learn|sql|statistics|text classification
Akash Ghosh,nlp_engineer,Mid,mixed,artificial intelligence|cloud|docker|natural language processing|python|pytorch|text classification
Udhav Singh,data_analyst,Mid,abbr,data analysis|excel|sql|statistics|tableau
Tanvi Bhatt,backend_developer,Intern,full,docker|java|mongodb|postgresql|spring boot|tableau
Zoya Shetty,frontend_developer,Senior,full,git|html/css|javascript|machine learning|node.js|react|rest api|tableau
Kiran Verma,devops_engineer,Intern,mixed,ci/cd|cloud|kubernetes|numpy|postgresql
Priya Hegde,data_engineer,Mid,abbr,ci/cd|cloud|docker|linux|mongodb|pandas|postgresql|sql
Pallavi Pillai,ml_engineer,Junior,mixed,cloud|deep learning|docker|machine learning|numpy|python|pytorch
Kiran Dubey,data_scientist,Intern,abbr,data analysis|machine learning|pandas|scikit-learn|text classification
Parvati Saxena,nlp_engineer,Mid,mixed,deep learning|natural language processing|python|pytorch
Yamini Deshpande,data_analyst,Mid,full,data analysis|excel|power bi|tableau
Trisha Patel,backend_developer,Intern,mixed,docker|mongodb|numpy|postgresql|rest api|spring boot
Rahul Menon,frontend_developer,Mid,mixed,git|html/css|javascript
Priya Gupta,devops_engineer,Intern,full,ci/cd|docker|git|java|kubernetes|rest api
Charu Bhatt,data_engineer,Junior,full,cloud|postgresql|python|sql
Aarav Agarwal,ml_engineer,Intern,full,machine learning|python|tensorflow
Ganesh Balan,data_scientist,Junior,abbr,cloud|data analysis|deep learning|machine learning|pandas|power bi|python
Sameer Kapoor,nlp_engineer,Junior,abbr,artificial intelligence|deep learning|docker|html/css|natural language processing|numpy|pytorch|text classification
Nikhil Hegde,data_analyst,Senior,full,data analysis|excel|power bi|sql|tableau
Madhav Balan,backend_developer,Senior,abbr,docker|java|kubernetes|postgresql|rest api|spring boot|sql
Bhargav Kaur,frontend_developer,Senior,full,git|html/css|javascript|node.js|react
Esha Subramanian,devops_engineer,Senior,mixed,ci/cd|cloud|docker|java|kubernetes|linux|tableau
Sameer Subramanian,data_engineer,Junior,abbr,cloud|deep learning|docker|pandas|postgresql|sql
Aniket Dubey,ml_engineer,Intern,abbr,computer vision|deep learning|git|numpy|pytorch|spring boot|sql|tensorflow
Anjali Chopra,data_scientist,Mid,full,data analysis|deep learning|machine learning|numpy|pandas|power bi|python|statistics|text classification
Naveen Malhotra,nlp_engineer,Intern,mixed,deep learning|git|pytorch|text classification
Chetan Tiwari,data_analyst,Mid,abbr,data analysis|excel|power bi|python|sql
Tarun Bhatt,backend_developer,Junior,mixed,data analysis|java|kubernetes|mongodb|rest api|spring boot|sql|tableau
Pooja Nair,frontend_developer,Senior,abbr,docker|git|html/css|javascript|react|rest api|sql
Suresh Menon,devops_engineer,Intern,full,ci/cd|cloud|docker
Harini Bhatt,data_engineer,Intern,abbr,cloud|linux|mongodb|postgresql|python
Ramya Ghosh,ml_engineer,Intern,full,deep learning|docker|html/css|pytorch|scikit-learn|sql
Uma Deshpande,data_scientist,Mid,abbr,data analysis|machine learning|numpy|pandas|power bi|python|statistics|tableau|text classification
Rohan Naidu,nlp_engineer,Senior,full,cloud|deep learning|machine learning|natural language processing|postgresql|python|pytorch|text classification
Farhan Shetty,data_analyst,Junior,full,data analysis|excel|html/css|power bi|sql|statistics
Qamar Chandran,backend_developer,Senior,full,excel|git|java|mongodb|postgresql|rest api|spring boot|sql
Uma Agarwal,frontend_developer,Senior,abbr,git|html/css|javascript|node.js|react|rest api
Esha Kumar,devops_engineer,Mid,mixed,ci/cd|cloud|computer vision|docker|java|linux|python
Tanvi Prasad,data_engineer,Mid,full,ci/cd|cloud|kubernetes|linux|postgresql|python|sql
Zoya Sharma,ml_engineer,Junior,full,ci/cd|cloud|deep learning|machine learning|python|tensorflow
Rahul Reddy,data_scientist,Senior,full,data analysis|machine learning|numpy|pandas|python|sql|statistics
Udhav Reddy,nlp_engineer,Junior,abbr,deep learning|docker|machine learning|natural language processing|numpy|pytorch|text classification
Aniket Pillai,data_analyst,Mid,full,data analysis|excel|sql|tableau
Sonal Reddy,backend_developer,Mid,mixed,docker|kubernetes|postgresql|python|rest api|spring boot|sql
Sameer Prasad,frontend_developer,Junior,mixed,git|javascript|node.js|react
Vikram Sharma,devops_engineer,Senior,abbr,ci/cd|cloud|docker|kubernetes|linux|machine learning|pytorch
Neha Reddy,data_engineer,Intern,mixed,cloud|linux|mongodb|postgresql|python
Manish Saxena,ml_engineer,Mid,full,docker|machine learning|numpy|pandas|python|pytorch|scikit-learn|sql|tensorflow
Esha Patel,data_scientist,Senior,mixed,data analysis|deep learning|machine learning|numpy|pandas|python|sql|statistics|text classification
Tarun Kumar,nlp_engineer,Intern,mixed,cloud|python|pytorch|sql|text classification
Ananya Menon,data_analyst,Senior,abbr,data analysis|excel|power bi|sql|tableau
Vishal Sharma,backend_developer,Mid,full,postgresql|python|rest api|spring boot|sql|tableau
Aditi Iyer,frontend_developer,Senior,abbr,git|html/css|java|javascript|react
Yamini Ghosh,devops_engineer,Senior,full,ci/cd|cloud|docker|kubernetes|linux|python
Naveen Krishnan,data_engineer,Senior,mixed,ci/cd|cloud|docker|linux|mongodb|postgresql|python|sql
Trisha Reddy,ml_engineer,Senior,abbr,computer vision|deep learning|docker|machine learning|numpy|python|pytorch|scikit-learn|tensorflow
Manish Verma,data_scientist,Intern,abbr,deep learning|machine learning|pandas|python
Qamar Jain,nlp_engineer,Senior,mixed,artificial intelligence|deep learning|docker|machine learning|natural language processing|python|pytorch|scikit-learn|text classification
Divya Singh,data_analyst,Intern,abbr,excel|power bi|python|sql
Tanvi Kaur,backend_developer,Junior,mixed,java|postgresql|rest api|spring boot
Qamar Shetty,frontend_developer,Junior,abbr,docker|git|javascript|pandas|react
Nandini Malhotra,devops_engineer,Intern,mixed,cloud|docker|kubernetes|python
Ravi Prasad,data_engineer,Mid,abbr,ci/cd|cloud|docker|postgresql|python|sql
Hema Agarwal,ml_engineer,Mid,abbr,cloud|computer vision|machine learning|numpy|python|pytorch|scikit-learn|sql|tensorflow
Aarav Pillai,data_scientist,Senior,mixed,data analysis|machine learning|pandas|python|sql|statistics
Zoya Rao,nlp_engineer,Mid,abbr,git|java|natural language processing|python|pytorch|text classification
Priya Kumar,data_analyst,Senior,abbr,data analysis|excel|power bi|spring boot|sql|tableau
Arjun Nair,backend_developer,Mid,abbr,docker|java|postgresql|spring boot|sql
Yamini Pillai,frontend_developer,Senior,mixed,git|html/css|javascript|react
Siddharth Krishnan,devops_engineer,Junior,full,cloud|docker|git|java|kubernetes|linux
Vishal Krishnan,data_engineer,Senior,mixed,cloud|docker|kubernetes|mongodb|natural language processing|numpy|postgresql|python|sql
Yash Nambiar,ml_engineer,Senior,full,cloud|deep learning|machine learning|pandas|python|pytorch|scikit-learn|tensorflow
Charu Rao,data_scientist,Mid,full,data analysis|docker|machine learning|python|sql|statistics|tableau|text classification
Varun Kaur,nlp_engineer,Junior,full,natural language processing|python|pytorch|scikit-learn|text classification
Jaya Tiwari,data_analyst,Mid,mixed,data analysis|excel|git|power bi|sql
Omkar Verma,backend_developer,Mid,abbr,git|linux|node.js|postgresql|rest api|spring boot|sql
Divya Kaur,frontend_developer,Junior,abbr,git|javascript|react|rest api
Yamini Bhatt,devops_engineer,Senior,abbr,ci/cd|cloud|docker|kubernetes|linux
Deepa Ghosh,data_engineer,Intern,mixed,cloud|docker|postgresql|text classification
Chetan Kumar,ml_engineer,Intern,full,python|pytorch|scikit-learn
Vikram Balan,data_scientist,Junior,mixed,data analysis|deep learning|machine learning|pandas|power bi|python|text classification
Darshan Reddy,nlp_engineer,Mid,abbr,artificial intelligence|deep learning|natural language processing|numpy|python|pytorch
Ganesh Nair,data_analyst,Intern,mixed,data analysis|machine learning|power bi|sql
Swathi Shetty,backend_developer,Mid,abbr,java|kubernetes|linux|python|rest api|spring boot|sql
Nandini Dubey,frontend_developer,Junior,mixed,git|javascript|numpy|python|react
Sanjay Kulkarni,devops_engineer,Junior,mixed,ci/cd|cloud|docker|kubernetes|postgresql
Darshan Jain,data_engineer,Intern,full,ci/cd|cloud|docker|kubernetes|python
Nikhil Jain,ml_engineer,Senior,mixed,computer vision|deep learning|machine learning|pandas|python|pytorch|scikit-learn|tensorflow
Aditi Jain,data_scientist,Senior,full,artificial intelligence|data analysis|machine learning|pandas|python|sql|statistics
Ganesh Dubey,nlp_engineer,Junior,full,deep learning|natural language processing|python|text classification
Suresh Sharma,data_analyst,Senior,abbr,data analysis|excel|natural language processing|power bi|sql|tableau
Pooja Krishnan,backend_developer,Intern,abbr,kubernetes|linux|rest api|spring boot|sql
Hema Bhatt,frontend_developer,Senior,full,git|html/css|javascript|python|react|rest api|sql
Harini Naidu,devops_engineer,Mid,mixed,cloud|docker|kubernetes|linux|python
Aditi Kumar,data_engineer,Junior,mixed,cloud|postgresql|python|sql
Ganesh Gupta,ml_engineer,Mid,mixed,cloud|deep learning|machine learning|pytorch|scikit-learn|tensorflow
Ravi Malhotra,data_scientist,Senior,mixed,data analysis|machine learning|pandas|python|sql|statistics
Sanjay Venkatesh,nlp_engineer,Intern,mixed,python|pytorch|text classification
Sameer Krishnan,data_analyst,Intern,mixed,excel|power bi|sql|statistics
Kiran Subramanian,backend_developer,Senior,abbr,git|java|kubernetes|linux|mongodb|postgresql|rest api|spring boot|sql
Aditi Varma,frontend_developer,Mid,full,ci/cd|git|html/css|kubernetes|react|rest api
Priya Naidu,devops_engineer,Junior,mixed,ci/cd|docker|kubernetes|linux
Vidya Venkatesh,data_engineer,Junior,abbr,docker|postgresql|python|sql
Sahana Rao,ml_engineer,Senior,full,deep learning|machine learning|python|pytorch|scikit-learn|sql|tensorflow
Pranav Subramanian,data_scientist,Intern,mixed,data analysis|machine learning|scikit-learn|statistics|tableau
Yash Kapoor,nlp_engineer,Mid,full,cloud|deep learning|machine learning|natural language processing|numpy|pytorch|text classification
Qamar Venkatesh,data_analyst,Mid,abbr,docker|excel|power bi|sql|tableau
Ganesh Kapoor,backend_developer,Mid,mixed,docker|java|kubernetes|postgresql|python|rest api|sql
Ramya Balan,frontend_developer,Junior,full,git|html/css|javascript
Charu Malhotra,devops_engineer,Mid,full,cloud|docker|git|kubernetes|linux|postgresql
Siddharth Kulkarni,data_engineer,Junior,abbr,cloud|data analysis|deep learning|postgresql|python|sql
Ganesh Krishnan,ml_engineer,Mid,full,deep learning|docker|html/css|javascript|machine learning|numpy|pandas|pytorch|scikit-learn|sql|tensorflow
Aditi Krishnan,data_scientist,Mid,abbr,cloud|data analysis|java|machine learning|numpy|pandas|python|scikit-learn|sql|text classification
Kavya Prasad,nlp_engineer,Mid,full,cloud|deep learning|natural language processing|numpy|python|pytorch
Suresh Tiwari,data_analyst,Senior,abbr,data analysis|excel|power bi|python|sql|statistics|tableau
Pranav Shetty,backend_developer,Intern,full,kubernetes|postgresql|rest api|sql
Harini Deshpande,frontend_developer,Junior,abbr,git|javascript|react
Vishal Nair,devops_engineer,Mid,full,ci/cd|cloud|docker|java|kubernetes|postgresql
Tanvi Saxena,data_engineer,Junior,full,cloud|mongodb|postgresql|python|sql
Bhargav Tiwari,ml_engineer,Mid,full,computer vision|deep learning|natural language processing|pandas|python|pytorch|scikit-learn|sql|tensorflow
Ganesh Malhotra,data_scientist,Senior,full,data analysis|machine learning|pandas|python|sql|statistics|text classification
Ramya Raghavan,nlp_engineer,Senior,mixed,deep learning|natural language processing|python|pytorch|text classification
Trisha Venkatesh,data_analyst,Junior,abbr,excel|pandas|postgresql|power bi|sql|tableau
Bhavna Chopra,backend_developer,Junior,mixed,git|java|kubernetes|rest api|spring boot|sql
Abhay Iyer,frontend_developer,Senior,full,docker|git|html/css|javascript|node.js|react
Vikram Prasad,devops_engineer,Junior,mixed,ci/cd|docker|kubernetes|linux
Aarav Iyer,data_engineer,Junior,mixed,cloud|docker|kubernetes|mongodb|python|sql
Indira Jain,ml_engineer,Junior,mixed,deep learning|machine learning|pytorch|scikit-learn
Bhavna Varma,data_scientist,Junior,full,cloud|deep learning|pandas|python|sql|statistics|tableau
Parvati Kaur,nlp_engineer,Senior,mixed,deep learning|docker|machine learning|natural language processing|python|pytorch|scikit-learn|text classification
Ishaan Malhotra,data_analyst,Intern,mixed,excel|postgresql|power bi|tableau
Vidya Jain,backend_developer,Junior,full,linux|mongodb|postgresql|rest api|spring boot|sql
Udhav Kumar,frontend_developer,Junior,mixed,docker|git|html/css|react
Nisha Chandran,devops_engineer,Junior,mixed,ci/cd|cloud|docker|linux|mongodb|postgresql|python
Anjali Krishnan,data_engineer,Intern,full,docker|mongodb|natural language processing|postgresql|sql
Rakesh Singh,ml_engineer,Mid,mixed,cloud|computer vision|deep learning|docker|machine learning|pandas|python|pytorch|tensorflow
Esha Krishnan,data_scientist,Senior,full,data analysis|deep learning|machine learning|numpy|pandas|python|scikit-learn|sql|statistics
Ritu Ghosh,nlp_engineer,Junior,abbr,cloud|machine learning|mongodb|natural language processing|numpy|python|pytorch|rest api|text classification
Vinay Krishnan,data_analyst,Intern,mixed,data analysis|power bi|tableau
Abhay Reddy,backend_developer,Junior,full,java|javascript|rest api|spring boot|sql
Rahul Pillai,frontend_developer,Junior,full,docker|git|html/css|react|statistics
Ganesh Nambiar,devops_engineer,Junior,abbr,ci/cd|cloud|docker|linux
Gaurav Rao,data_engineer,Senior,mixed,cloud|docker|postgresql|python|pytorch|sql
Charu Hegde,ml_engineer,Mid,abbr,computer vision|deep learning|docker|machine learning|python|pytorch|sql|statistics|tensorflow
Nikhil Agarwal,data_scientist,Junior,mixed,data analysis|pandas|scikit-learn|sql|statistics|text classification
Mohit Ghosh,nlp_engineer,Junior,full,cloud|deep learning|machine learning|natural language processing|python|scikit-learn|text classification
Rakesh Naidu,data_analyst,Mid,mixed,data analysis|excel|java|sql|tableau
Naveen Nair,backend_developer,Junior,mixed,java|linux|mongodb|postgresql|python|rest api|sql
Siddharth Venkatesh,frontend_developer,Mid,abbr,git|html/css|node.js|react
Anjali Dubey,devops_engineer,Intern,mixed,docker|kubernetes|linux
Tarun Pillai,data_engineer,Intern,abbr,cloud|docker|python
Dhruv Malhotra,ml_engineer,Junior,mixed,deep learning|docker|machine learning|python|pytorch
Tarun Krishnan,data_scientist,Senior,mixed,cloud|data analysis|machine learning|pandas|python|scikit-learn|sql|statistics|tableau|text classification
Omkar Mehta,nlp_engineer,Intern,mixed,deep learning|docker|natural language processing|scikit-learn|tensorflow|text classification
Naveen Kulkarni,data_analyst,Mid,mixed,excel|pandas|power bi|sql|statistics|tableau
Ishaan Menon,backend_developer,Mid,mixed,java|mongodb|postgresql|rest api|spring boot
Varun Krishnan,frontend_developer,Senior,mixed,git|html/css|javascript|react
Rahul Kulkarni,devops_engineer,Junior,abbr,cloud|docker|git|kubernetes|linux
Pallavi Dubey,data_engineer,Intern,abbr,cloud|docker|linux|python
Sonal Tiwari,ml_engineer,Senior,abbr,cloud|computer vision|deep learning|machine learning|numpy|python|pytorch|scikit-learn|tensorflow
Sahana Agarwal,data_scientist,Junior,mixed,data analysis|deep learning|machine learning|pandas|python|sql
Jaya Kaur,nlp_engineer,Intern,full,machine learning|natural language processing|numpy|pytorch|react|text classification
Vinay Subramanian,data_analyst,Junior,mixed,data analysis|excel|git|mongodb|power bi|python|sql
Naveen Gupta,backend_developer,Intern,abbr,java|kubernetes|spring boot|sql
Arjun Gupta,frontend_developer,Senior,abbr,git|html/css|javascript|react|rest api
Madhav Kumar,devops_engineer,Mid,full,ci/cd|cloud|docker|git|linux
Ritu Agarwal,data_engineer,Junior,mixed,docker|mongodb|postgresql|python|sql
Vidya Balan,ml_engineer,Senior,full,ci/cd|deep learning|machine learning|natural language processing|numpy|pandas|python|pytorch|scikit-learn|sql|statistics|tensorflow
Trisha Malhotra,data_scientist,Junior,mixed,machine learning|pandas|python|scikit-learn|statistics|tableau
Kabir Chandran,nlp_engineer,Junior,mixed,cloud|deep learning|machine learning|natural language processing|node.js|numpy|python|rest api|text classification
Suresh Reddy,data_analyst,Junior,abbr,cloud|data analysis|docker|excel|sql|tableau
Deepa Bhatt,backend_developer,Senior,abbr,docker|java|linux|postgresql|rest api|spring boot|sql
Vidya Krishnan,frontend_developer,Mid,full,git|javascript|power bi|react
Ramya Menon,devops_engineer,Junior,full,ci/cd|docker|git|kubernetes|linux
Sneha Shetty,data_engineer,Junior,abbr,cloud|docker|kubernetes|postgresql|python
Kavya Mehta,ml_engineer,Senior,mixed,deep learning|docker|machine learning|natural language processing|python|pytorch|scikit-learn|sql|tensorflow
Ananya Nair,data_scientist,Intern,abbr,data analysis|machine learning|numpy|statistics|tableau
Ananya Deshpande,nlp_engineer,Senior,abbr,artificial intelligence|cloud|deep learning|natural language processing|numpy|python|pytorch|scikit-learn|text classification
Sahana Verma,data_analyst,Senior,mixed,data analysis|excel|power bi|sql|tableau
Ravi Subramanian,backend_developer,Intern,mixed,docker|postgresql|python|spring boot|sql
Jatin Kumar,frontend_developer,Junior,mixed,git|html/css|react
Omkar Naidu,devops_engineer,Mid,full,ci/cd|cloud|docker|java|kubernetes|postgresql
Sahana Kapoor,data_engineer,Mid,abbr,cloud|docker|linux|postgresql|python
Udhav Agarwal,ml_engineer,Intern,mixed,docker|machine learning|numpy|pandas|python|sql|tensorflow
Parvati Kumar,data_scientist,Junior,abbr,docker|machine learning|pandas|python|rest api|sql
Rahul Raghavan,nlp_engineer,Senior,abbr,artificial intelligence|cloud|deep learning|docker|machine learning|natural language processing|python|pytorch|text classification
Sneha Iyer,data_analyst,Junior,mixed,excel|numpy|power bi|python|sql|tableau
Pooja Chopra,backend_developer,Mid,full,docker|java|linux|mongodb|postgresql|rest api|spring boot
Jatin Gupta,frontend_developer,Junior,mixed,git|html/css|javascript|react
Meera Hegde,devops_engineer,Senior,full,ci/cd|cloud|docker|kubernetes|linux
Arjun Pillai,data_engineer,Mid,mixed,cloud|docker|linux|mongodb|postgresql|python
Anjali Subramanian,ml_engineer,Junior,abbr,cloud|deep learning|docker|postgresql|python|pytorch|tensorflow
Qamar Varma,data_scientist,Junior,full,data analysis|machine learning|pandas|python|statistics|tableau
Omkar Kaur,nlp_engineer,Senior,abbr,artificial intelligence|cloud|deep learning|machine learning|natural language processing|numpy|python|pytorch|scikit-learn|tableau|text classification
Charu Nambiar,data_analyst,Intern,full,data analysis|docker|kubernetes|sql|tableau
Aarav Malhotra,backend_developer,Junior,mixed,java|kubernetes|mongodb|postgresql|rest api|spring boot
Priya Venkatesh,frontend_developer,Mid,mixed,docker|git|html/css|node.js|react
Kavya Chandran,devops_engineer,Senior,mixed,ci/cd|cloud|docker|java|kubernetes|linux
Rakesh Chopra,data_engineer,Intern,mixed,cloud|docker|pandas|python|rest api
Chetan Malhotra,ml_engineer,Senior,full,deep learning|machine learning|natural language processing|python|pytorch|scikit-learn|statistics|tensorflow
Nisha Balan,data_scientist,Senior,mixed,cloud|data analysis|docker|machine learning|numpy|pandas|python|sql|statistics|tableau|text classification
Pallavi Rao,nlp_engineer,Senior,abbr,deep learning|natural language processing|python|pytorch|scikit-learn|text classification
Sanjay Sharma,data_analyst,Junior,abbr,excel|power bi|python|sql|tableau
Swathi Reddy,backend_developer,Mid,mixed,cloud|git|java|postgresql|rest api|sql
Kiran Mehta,frontend_developer,Senior,abbr,docker|git|html/css|javascript|kubernetes|linux|node.js|react
Arjun Chandran,devops_engineer,Mid,full,ci/cd|docker|java|kubernetes|linux|python
Sahana Deshpande,data_engineer,Junior,abbr,cloud|docker|mongodb|pandas|postgresql|python|scikit-learn
Akash Mehta,ml_engineer,Senior,full,cloud|deep learning|docker|machine learning|python|pytorch|scikit-learn|sql|tensorflow
Swathi Balan,data_scientist,Intern,abbr,cloud|machine learning|python|scikit-learn|sql|statistics
Meera Kumar,nlp_engineer,Junior,abbr,deep learning|natural language processing|numpy|python|pytorch
Swathi Pillai,data_analyst,Junior,mixed,data analysis|excel|sql|tableau
Bhavna Krishnan,backend_developer,Intern,mixed,java|kubernetes|postgresql|python|rest api
Gaurav Naidu,frontend_developer,Mid,abbr,docker|git|javascript|node.js|react
Arjun Dubey,devops_engineer,Intern,abbr,cloud|data analysis|java|kubernetes|linux|python
Vinay Bhatt,data_engineer,Intern,mixed,pandas|postgresql|python|sql
Rakesh Dubey,ml_engineer,Mid,mixed,deep learning|machine learning|pytorch|scikit-learn|sql|statistics|tensorflow
Gaurav Singh,data_scientist,Senior,full,cloud|data analysis|machine learning|pandas|power bi|python|scikit-learn|sql|statistics|tableau
Zoya Dubey,nlp_engineer,Junior,mixed,deep learning|docker|machine learning|natural language processing|python|pytorch
Parvati Joshi,data_analyst,Senior,abbr,data analysis|excel|power bi|sql|tableau
Vidya Varma,backend_developer,Intern,abbr,kubernetes|postgresql|python|rest api|sql
Sameer Malhotra,frontend_developer,Junior,abbr,git|javascript|react
Vikram Singh,devops_engineer,Mid,mixed,ci/cd|docker|java|kubernetes|linux|pandas
Gaurav Kapoor,data_engineer,Intern,full,docker|postgresql|python
Rhea Kumar,ml_engineer,Intern,abbr,machine learning|python|pytorch|scikit-learn
Shreya Kaur,data_scientist,Intern,full,cloud|machine learning|natural language processing|power bi|sql|statistics
Kabir Menon,nlp_engineer,Intern,abbr,artificial intelligence|deep learning|kubernetes|machine learning|natural language processing|python|pytorch
Gaurav Reddy,data_analyst,Junior,full,data analysis|excel|power bi|tableau
Rakesh Jain,backend_developer,Senior,abbr,docker|java|postgresql|rest api|spring boot|sql
Sahana Kumar,frontend_developer,Junior,abbr,git|html/css|javascript|node.js
Vidya Iyer,devops_engineer,Intern,full,cloud|kubernetes|linux|python
Vikram Rao,data_engineer,Junior,mixed,cloud|javascript|postgresql|python|react|sql
Kavya Nambiar,ml_engineer,Mid,mixed,cloud|deep learning|docker|machine learning|natural language processing|pandas|python|scikit-learn|sql|tableau|tensorflow
Gaurav Nair,data_scientist,Senior,full,data analysis|machine learning|numpy|pandas|power bi|python|scikit-learn|sql|statistics|text classification
Abhay Kaur,nlp_engineer,Senior,mixed,deep learning|docker|natural language processing|numpy|python|pytorch|statistics|text classification
Jaya Pillai,data_analyst,Senior,abbr,data analysis|excel|pandas|power bi|sql|tableau
Madhav Subramanian,backend_developer,Senior,abbr,java|linux|postgresql|rest api|spring boot|sql
Madhav Deshpande,frontend_developer,Mid,full,git|html/css|javascript|rest api
Manish Raghavan,devops_engineer,Junior,abbr,ci/cd|docker|kubernetes|linux|pandas|statistics
Vishal Iyer,data_engineer,Senior,mixed,ci/cd|cloud|docker|postgresql|python|sql
Uma Krishnan,ml_engineer,Junior,abbr,cloud|deep learning|machine learning|python|pytorch|sql|statistics
Ananya Subramanian,data_scientist,Mid,full,data analysis|deep learning|pandas|python|scikit-learn|sql|statistics|tableau|text classification
Lalita Nair,nlp_engineer,Mid,mixed,cloud|deep learning|docker|kubernetes|natural language processing|python|scikit-learn|text classification
Vinay Kumar,data_analyst,Junior,mixed,data analysis|docker|git|power bi|sql|tableau
Charu Prasad,backend_developer,Mid,mixed,java|mongodb|postgresql|spring boot|sql
Ritu Prasad,frontend_developer,Intern,abbr,git|html/css
Divya Subramanian,devops_engineer,Mid,mixed,ci/cd|docker|kubernetes|linux
Vishal Desai,data_engineer,Mid,full,cloud|docker|linux|mongodb|pandas|postgresql|sql
Anjali Venkatesh,ml_engineer,Junior,full,computer vision|deep learning|machine learning|pandas|python|sql|tensorflow
Tarun Chopra,data_scientist,Senior,mixed,data analysis|deep learning|machine learning|pandas|power bi|python|scikit-learn|sql|statistics
Indira Tiwari,nlp_engineer,Senior,mixed,deep learning|kubernetes|natural language processing|python|pytorch|text classification
Ananya Joshi,data_analyst,Senior,full,data analysis|excel|java|linux|power bi|sql|tableau
Yash Subramanian,backend_developer,Intern,mixed,git|java|postgresql|rest api
Harini Tiwari,frontend_developer,Junior,full,git|html/css|javascript|kubernetes|node.js|react
Suresh Varma,devops_engineer,Junior,abbr,ci/cd|cloud|docker|git|kubernetes|python
Vikram Venkatesh,data_engineer,Senior,full,cloud|docker|postgresql|python|sql
Rohan Mehta,ml_engineer,Intern,abbr,machine learning|pytorch|tensorflow
Naveen Chopra,data_scientist,Junior,mixed,data analysis|machine learning|pandas|postgresql|sql|tableau|text classification
Yamini Krishnan,nlp_engineer,Junior,full,deep learning|python|pytorch|text classification
Sameer Kaur,data_analyst,Intern,abbr,excel|power bi|sql
Rajesh Kaur,backend_developer,Senior,full,git|java|postgresql|python|rest api|spring boot|sql
Charu Pillai,frontend_developer,Mid,mixed,git|html/css|react
Ishaan Venkatesh,devops_engineer,Mid,full,ci/cd|cloud|kubernetes|linux|postgresql|python
Priya Balan,data_engineer,Junior,mixed,ci/cd|cloud|docker|postgresql|sql
Arjun Raghavan,ml_engineer,Senior,mixed,cloud|computer vision|deep learning|kubernetes|machine learning|numpy|python|pytorch|scikit-learn|spring boot|sql|tensorflow
Neha Subramanian,data_scientist,Junior,mixed,cloud|data analysis|python|scikit-learn|sql|statistics|tableau
Priya Sharma,nlp_engineer,Junior,mixed,deep learning|docker|machine learning|python|pytorch|scikit-learn|text classification
Rahul Balan,data_analyst,Intern,mixed,data analysis|power bi|statistics|tableau
Hema Menon,backend_developer,Mid,full,java|kubernetes|postgresql|python|rest api|sql
Aniket Naidu,frontend_developer,Junior,mixed,ci/cd|git|html/css|javascript|linux|rest api
Sahana Desai,devops_engineer,Junior,mixed,ci/cd|cloud|kubernetes|linux|machine learning
Mohit Tiwari,data_engineer,Intern,mixed,cloud|docker|kubernetes|sql
Deepa Saxena,ml_engineer,Intern,full,cloud|computer vision|python|pytorch|scikit-learn|sql
Gaurav Prasad,data_scientist,Mid,abbr,data analysis|deep learning|machine learning|pandas|python|pytorch|sql|tableau
Naveen Saxena,nlp_engineer,Junior,mixed,artificial intelligence|deep learning|git|natural language processing|node.js|pytorch|text classification
Gaurav Jain,data_analyst,Senior,full,data analysis|excel|pandas|power bi|sql|statistics|tableau
Pallavi Deshpande,backend_developer,Intern,abbr,java|linux|postgresql|power bi|python|rest api|tableau
Trisha Subramanian,frontend_developer,Junior,full,git|html/css|javascript
Rahul Ghosh,devops_engineer,Senior,mixed,ci/cd|cloud|docker|kubernetes|linux
Swathi Rao,data_engineer,Mid,abbr,cloud|docker|python|sql
Tarun Kapoor,ml_engineer,Mid,abbr,computer vision|machine learning|numpy|postgresql|python|pytorch|scikit-learn|statistics|tensorflow
Kiran Raghavan,data_scientist,Senior,mixed,cloud|data analysis|machine learning|numpy|pandas|python|sql|statistics
Pallavi Kumar,nlp_engineer,Mid,full,deep learning|natural language processing|python|pytorch
Farhan Gupta,data_analyst,Intern,full,data analysis|excel|pandas|power bi
Manish Pillai,backend_developer,Intern,mixed,ci/cd|docker|java|kubernetes|linux|rest api|spring boot
Abhay Desai,frontend_developer,Senior,mixed,git|html/css|javascript|numpy|react|sql
Aditi Saxena,devops_engineer,Intern,mixed,ci/cd|docker|linux
Nandini Venkatesh,data_engineer,Mid,full,cloud|docker|postgresql|python
Vikram Varma,ml_engineer,Senior,mixed,deep learning|machine learning|python|pytorch|react|rest api|scikit-learn|tensorflow
Chetan Kapoor,data_scientist,Senior,abbr,data analysis|machine learning|pandas|python|scikit-learn|sql|statistics
Tanvi Kumar,nlp_engineer,Junior,full,computer vision|deep learning|docker|machine learning|natural language processing|python|pytorch
Sahana Joshi,data_analyst,Junior,abbr,excel|machine learning|postgresql|power bi|sql|tableau
Ganesh Naidu,backend_developer,Senior,mixed,docker|git|java|kubernetes|postgresql|python|rest api|spring boot|sql
Parvati Malhotra,frontend_developer,Intern,abbr,git|html/css|node.js
Sahana Varma,devops_engineer,Junior,mixed,ci/cd|cloud|docker|linux|postgresql
Uma Malhotra,data_engineer,Mid,full,ci/cd|cloud|mongodb|postgresql|python|sql
Indira Kulkarni,ml_engineer,Mid,full,deep learning|machine learning|python|pytorch|tensorflow
Uma Raghavan,data_scientist,Mid,mixed,data analysis|machine learning|natural language processing|pandas|python|sql|tensorflow
Manish Naidu,nlp_engineer,Junior,full,cloud|natural language processing|numpy|python|pytorch|scikit-learn|text classification
Swathi Varma,data_analyst,Intern,full,data analysis|excel|postgresql|power bi
Kiran Iyer,backend_developer,Mid,mixed,docker|git|kubernetes|postgresql|rest api|spring boot|sql
Sahana Kulkarni,frontend_developer,Junior,abbr,docker|html/css|javascript|react
Anjali Nair,devops_engineer,Junior,mixed,ci/cd|cloud|kubernetes|linux
Priya Chopra,data_engineer,Junior,abbr,cloud|docker|mongodb|python|sql
Ravi Naidu,ml_engineer,Intern,full,machine learning|natural language processing|scikit-learn|sql|statistics|tableau|tensorflow
Varun Shetty,data_scientist,Intern,full,docker|node.js|numpy|pandas|python|scikit-learn|statistics
Sanjay Dubey,nlp_engineer,Junior,mixed,cloud|deep learning|machine learning|natural language processing|pytorch|scikit-learn|text classification
Rohan Desai,data_analyst,Intern,mixed,excel|power bi|sql
Rohan Chopra,backend_developer,Junior,mixed,postgresql|react|rest api|spring boot|sql
Vikram Raghavan,frontend_developer,Senior,abbr,git|html/css|javascript|react
Ishaan Ghosh,devops_engineer,Mid,abbr,cloud|docker|kubernetes|linux|python
Tarun Ghosh,data_engineer,Intern,abbr,ci/cd|cloud|docker|mongodb|python|sql|tensorflow
Chetan Nambiar,ml_engineer,Intern,mixed,deep learning|scikit-learn|tensorflow
Pallavi Kapoor,data_scientist,Mid,full,cloud|data analysis|html/css|machine learning|node.js|numpy|pandas|scikit-learn|sql|statistics
Arjun Joshi,nlp_engineer,Junior,full,deep learning|docker|javascript|natural language processing|numpy|python|pytorch|rest api
Tarun Malhotra,data_analyst,Senior,abbr,data analysis|excel|pandas|power bi|sql|tableau
Darshan Kulkarni,backend_developer,Junior,abbr,java|postgresql|rest api|spring boot
Abhay Tiwari,frontend_developer,Mid,mixed,git|html/css|javascript|rest api
Yamini Prasad,devops_engineer,Mid,abbr,cloud|docker|kubernetes|linux|python
Rahul Naidu,data_engineer,Intern,full,docker|kubernetes|mongodb|python|sql
Pallavi Agarwal,ml_engineer,Intern,mixed,deep learning|machine learning|python|sql
Rajesh Naidu,data_scientist,Senior,mixed,cloud|data analysis|machine learning|numpy|pandas|python|scikit-learn|sql|statistics|text classification
Yamini Raghavan,nlp_engineer,Mid,mixed,deep learning|machine learning|natural language processing|pytorch|text classification
Divya Iyer,data_analyst,Intern,full,excel|sql|tableau
Vishal Patel,backend_developer,Intern,mixed,kubernetes|linux|machine learning|natural language processing|rest api|spring boot|sql
Pranav Naidu,frontend_developer,Senior,mixed,git|html/css|javascript|node.js|react
Farhan Chopra,devops_engineer,Junior,abbr,ci/cd|cloud|docker|java|kubernetes|postgresql
Ananya Kaur,data_engineer,Mid,full,cloud|data analysis|docker|kubernetes|mongodb|postgresql|python|sql
Siddharth Chandran,ml_engineer,Mid,abbr,machine learning|python|pytorch|scikit-learn|tensorflow
Esha Gupta,data_scientist,Intern,mixed,computer vision|deep learning|python|sql|statistics|text classification
Jatin Singh,nlp_engineer,Junior,full,artificial intelligence|natural language processing|python|pytorch|text classification
Darshan Malhotra,data_analyst,Junior,full,data analysis|power bi|python|sql|tableau
Kiran Patel,backend_developer,Senior,abbr,docker|git|java|postgresql|python|rest api|spring boot|sql
Priya Subramanian,frontend_developer,Senior,mixed,docker|git|html/css|javascript|kubernetes|react|rest api
Kiran Chopra,devops_engineer,Junior,abbr,ci/cd|cloud|docker|linux
Indira Patel,data_engineer,Junior,full,ci/cd|cloud|docker|linux|postgresql|python
Vidya Sharma,ml_engineer,Senior,full,cloud|deep learning|docker|machine learning|pandas|python|pytorch|scikit-learn|tensorflow
Sonal Patel,data_scientist,Senior,mixed,cloud|data analysis|deep learning|kubernetes|machine learning|pandas|power bi|python|sql|statistics|text classification
Sonal Balan,nlp_engineer,Senior,abbr,artificial intelligence|deep learning|docker|machine learning|natural language processing|numpy|python|pytorch|scikit-learn|statistics|text classification
Bhargav Hegde,data_analyst,Intern,full,data analysis|excel|power bi
Qamar Deshpande,backend_developer,Mid,abbr,java|postgresql|python|rest api|spring boot
Omkar Kumar,frontend_developer,Junior,full,git|html/css|javascript
Sonal Kaur,devops_engineer,Mid,abbr,ci/cd|cloud|git|kubernetes|linux|python|react
Udhav Nambiar,data_engineer,Senior,full,cloud|docker|numpy|postgresql|python|sql
Uma Naidu,ml_engineer,Junior,mixed,deep learning|machine learning|pytorch|scikit-learn
Pooja Verma,data_scientist,Senior,full,data analysis|machine learning|pandas|python|sql|statistics|text classification
Deepa Rao,nlp_engineer,Intern,mixed,cloud|docker|natural language processing|pytorch|text classification
Anjali Verma,data_analyst,Intern,abbr,excel|postgresql|power bi|sql
Tarun Desai,backend_developer,Junior,mixed,cloud|java|linux|postgresql|rest api|sql
Divya Desai,frontend_developer,Intern,full,javascript|react
Gaurav Sharma,devops_engineer,Intern,full,docker|java|kubernetes|linux
Esha Tiwari,data_engineer,Mid,mixed,ci/cd|cloud|docker|kubernetes|postgresql|python
Harini Nambiar,ml_engineer,Intern,abbr,cloud|deep learning|docker|machine learning|python
Chetan Prasad,data_scientist,Junior,mixed,data analysis|machine learning|natural language processing|scikit-learn|sql|statistics
Lakshmi Chandran,nlp_engineer,Senior,abbr,cloud|deep learning|html/css|machine learning|natural language processing|python|pytorch|scikit-learn|text classification
Bhargav Saxena,data_analyst,Mid,full,excel|kubernetes|pandas|power bi|python|sql|tableau
Neha Kumar,backend_developer,Senior,full,java|kubernetes|linux|mongodb|postgresql|python|rest api|spring boot|sql
Shreya Bhatt,frontend_developer,Mid,full,docker|git|javascript|react
Naveen Hegde,devops_engineer,Senior,full,ci/cd|cloud|docker|java|kubernetes|linux|natural language processing|python
Farhan Venkatesh,data_engineer,Junior,abbr,cloud|docker|postgresql|sql
Tarun Verma,ml_engineer,Mid,mixed,cloud|deep learning|docker|git|machine learning|pandas|python|pytorch|statistics|tensorflow
Anjali Kaur,data_scientist,Senior,mixed,data analysis|deep learning|machine learning|numpy|pandas|python|scikit-learn|sql|statistics
Farhan Kumar,nlp_engineer,Mid,abbr,artificial intelligence|deep learning|docker|natural language processing|python|pytorch|scikit-learn
Kavya Bhatt,data_analyst,Intern,full,data analysis|power bi|python|sql
Pranav Gupta,backend_developer,Junior,mixed,java|mongodb|postgresql|python|rest api|spring boot
Siddharth Dubey,frontend_developer,Senior,full,docker|git|html/css|javascript|mongodb|node.js|python|react
Siddharth Patel,devops_engineer,Mid,mixed,cloud|docker|git|kubernetes|linux|postgresql
Kavya Ghosh,data_engineer,Junior,abbr,cloud|docker|linux|pandas|python|sql
Charu Balan,ml_engineer,Mid,full,cloud|computer vision|deep learning|pandas|python|pytorch|scikit-learn|tensorflow
Vinay Ghosh,data_scientist,Mid,mixed,data analysis|pandas|power bi|python|sql|statistics|text classification
Parvati Agarwal,nlp_engineer,Junior,mixed,deep learning|docker|natural language processing|pytorch|text classification
Siddharth Subramanian,data_analyst,Senior,abbr,data analysis|excel|pandas|power bi|python|sql|tableau
Kavya Kaur,backend_developer,Senior,mixed,java|linux|mongodb|postgresql|rest api|spring boot|sql
Ishaan Singh,frontend_developer,Intern,mixed,data analysis|git|javascript
Esha Reddy,devops_engineer,Junior,mixed,ci/cd|cloud|docker|java|kubernetes|python
Udhav Iyer,data_engineer,Senior,abbr,ci/cd|cloud|docker|pandas|postgresql|python|sql
Esha Varma,ml_engineer,Junior,abbr,cloud|deep learning|machine learning|numpy|pytorch|tensorflow
Gaurav Deshpande,data_scientist,Junior,mixed,cloud|deep learning|machine learning|pandas|python|sql
Dhruv Prasad,nlp_engineer,Senior,mixed,cloud|data analysis|deep learning|docker|machine learning|natural language processing|numpy|python|pytorch|text classification
Pranav Prasad,data_analyst,Junior,abbr,data analysis|excel|power bi|tableau
Ishaan Saxena,backend_developer,Junior,full,java|node.js|postgresql|react|spring boot|sql
Sahana Dubey,frontend_developer,Senior,full,git|html/css|javascript|power bi|react
Jatin Shetty,devops_engineer,Mid,full,ci/cd|docker|git|kubernetes|linux|python
Kavya Sharma,data_engineer,Junior,full,cloud|docker|postgresql|sql
Rhea Balan,ml_engineer,Mid,mixed,deep learning|machine learning|python|pytorch|scikit-learn
Varun Bhatt,data_scientist,Mid,mixed,cloud|data analysis|machine learning|numpy|python|scikit-learn|sql|statistics|tableau
Naveen Ghosh,nlp_engineer,Intern,abbr,cloud|numpy|python|pytorch|text classification
Pooja Kapoor,data_analyst,Junior,abbr,excel|pandas|power bi|sql|tableau
Sneha Kulkarni,backend_developer,Mid,abbr,java|postgresql|rest api|sql
Esha Chandran,frontend_developer,Intern,mixed,html/css|javascript|kubernetes|python
Manish Bhatt,devops_engineer,Junior,full,ci/cd|docker|kubernetes|linux|machine learning|python|tableau
Jaya Bhatt,data_engineer,Mid,mixed,ci/cd|docker|pandas|postgresql|python|sql
Sanjay Nair,ml_engineer,Intern,mixed,cloud|deep learning|python|pytorch
Nisha Iyer,data_scientist,Mid,abbr,cloud|data analysis|machine learning|numpy|pandas|power bi|python|sql
Madhav Nambiar,nlp_engineer,Intern,mixed,cloud|deep learning|numpy|python|pytorch
Bhavna Jain,data_analyst,Intern,mixed,data analysis|excel|pandas|power bi
Lakshmi Venkatesh,backend_developer,Junior,full,postgresql|python|rest api|spring boot|sql|text classification
Ananya Venkatesh,frontend_developer,Junior,full,git|html/css|javascript|node.js|python
Jaya Sharma,devops_engineer,Senior,abbr,ci/cd|cloud|docker|git|kubernetes|linux|python
Aarav Kumar,data_engineer,Mid,mixed,cloud|docker|postgresql|python
Rakesh Nambiar,ml_engineer,Intern,mixed,machine learning|python|pytorch
Bhavna Menon,data_scientist,Senior,full,ci/cd|cloud|data analysis|machine learning|numpy|pandas|python|scikit-learn|sql|statistics
Kiran Krishnan,nlp_engineer,Senior,abbr,deep learning|machine learning|natural language processing|numpy|python|pytorch|scikit-learn|text classification
Indira Kumar,data_analyst,Senior,abbr,data analysis|excel|postgresql|power bi|python|sql|tableau
Harini Krishnan,backend_developer,Junior,abbr,java|kubernetes|linux|mongodb|power bi|rest api|spring boot|sql
Nikhil Joshi,frontend_developer,Intern,abbr,javascript|react
Gaurav Venkatesh,devops_engineer,Junior,full,ci/cd|cloud|docker|linux|postgresql
Rhea Singh,data_engineer,Junior,mixed,cloud|postgresql|python|sql
Pooja Dubey,ml_engineer,Mid,mixed,cloud|machine learning|numpy|python|pytorch|scikit-learn|tensorflow
Lalita Ghosh,data_scientist,Senior,mixed,cloud|data analysis|deep learning|machine learning|numpy|pandas|python|sql|statistics|text classification
Neha Krishnan,nlp_engineer,Junior,full,cloud|deep learning|docker|natural language processing|pandas|pytorch|text classification
Parvati Mehta,data_analyst,Junior,mixed,data analysis|excel|pandas|sql|statistics|tableau
Omkar Subramanian,backend_developer,Junior,full,docker|postgresql|python|rest api|spring boot|sql
Sameer Nair,frontend_developer,Senior,full,docker|git|html/css|javascript|react|rest api
Kavya Kumar,devops_engineer,Junior,abbr,ci/cd|cloud|java|kubernetes|linux|python
Manish Tiwari,data_engineer,Senior,abbr,cloud|docker|postgresql|python|sql|tensorflow
Indira Ghosh,ml_engineer,Intern,mixed,machine learning|pandas|pytorch|scikit-learn
Pooja Gupta,data_scientist,Mid,mixed,cloud|data analysis|machine learning|python|sql|statistics|tableau|text classification
Sonal Hegde,nlp_engineer,Senior,mixed,cloud|deep learning|machine learning|natural language processing|numpy|python|pytorch|text classification
Sameer Kumar,data_analyst,Senior,full,data analysis|excel|machine learning|power bi|sql|tableau
Tarun Saxena,backend_developer,Intern,mixed,mongodb|postgresql|spring boot|sql
Rahul Shetty,frontend_developer,Intern,abbr,docker|git|mongodb|react|rest api
Esha Nambiar,devops_engineer,Junior,mixed,cloud|docker|kubernetes|linux
Chetan Subramanian,data_engineer,Intern,mixed,docker|java|kubernetes|python|sql
Nisha Ghosh,ml_engineer,Mid,full,computer vision|deep learning|machine learning|natural language processing|numpy|python|scikit-learn|tensorflow
Vinay Nair,data_scientist,Intern,full,java|machine learning|numpy|sql|statistics|tableau
Omkar Balan,nlp_engineer,Intern,abbr,cloud|docker|kubernetes|natural language processing|python|pytorch|text classification
Ananya Kapoor,data_analyst,Mid,full,data analysis|excel|git|javascript|power bi|python|tableau
Sneha Varma,backend_developer,Junior,full,docker|java|kubernetes|mongodb|postgresql|spring boot|sql
Pranav Reddy,frontend_developer,Mid,full,html/css|javascript|react
Sonal Joshi,devops_engineer,Intern,mixed,docker|kubernetes|linux|natural language processing
Lalita Mehta,data_engineer,Intern,abbr,postgresql|python|sql
Darshan Agarwal,ml_engineer,Intern,full,docker|python|pytorch|scikit-learn
Ritu Tiwari,data_scientist,Senior,abbr,data analysis|machine learning|numpy|pandas|python|scikit-learn|sql|statistics|text classification
Darshan Kaur,nlp_engineer,Intern,abbr,numpy|power bi|python|pytorch|text classification
Trisha Krishnan,data_analyst,Senior,abbr,data analysis|excel|pandas|power bi|sql|statistics|tableau
Hema Kapoor,backend_developer,Intern,full,linux|postgresql|spring boot|sql
Udhav Mehta,frontend_developer,Senior,abbr,docker|git|html/css|javascript|kubernetes|node.js|react
Rakesh Sharma,devops_engineer,Senior,abbr,ci/cd|cloud|docker|kubernetes|linux|natural language processing|numpy
Rajesh Pillai,data_engineer,Mid,abbr,cloud|linux|postgresql|python|sql
Vinay Desai,ml_engineer,Senior,full,deep learning|linux|machine learning|numpy|python|pytorch|scikit-learn|sql|statistics|tensorflow
Yamini Kapoor,data_scientist,Intern,full,pandas|scikit-learn|sql|statistics|text classification
Shreya Varma,nlp_engineer,Senior,mixed,deep learning|machine learning|natural language processing|numpy|python|pytorch|scikit-learn|text classification
Jatin Rao,data_analyst,Mid,mixed,data analysis|excel|pandas|power bi|sql|statistics
Vinay Venkatesh,backend_developer,Intern,mixed,java|scikit-learn|spring boot|sql
Deepa Sharma,frontend_developer,Senior,full,git|html/css|javascript|react
Gaurav Pillai,devops_engineer,Intern,mixed,cloud|docker|git|linux|power bi|tableau
Lakshmi Chopra,data_engineer,Mid,abbr,cloud|mongodb|postgresql|python|sql
Hema Hegde,ml_engineer,Senior,abbr,deep learning|machine learning|numpy|pandas|postgresql|python|pytorch|scikit-learn|tensorflow
Rakesh Hegde,data_scientist,Mid,full,data analysis|pandas|python|sql|statistics
Ravi Singh,nlp_engineer,Intern,abbr,cloud|deep learning|python|text classification
Trisha Singh,data_analyst,Junior,mixed,data analysis|excel|postgresql|power bi|rest api|statistics|tableau
Parvati Deshpande,backend_developer,Junior,full,git|java|linux|postgresql|rest api|spring boot
Rohan Deshpande,frontend_developer,Mid,abbr,git|html/css|python|react
Naveen Deshpande,devops_engineer,Junior,full,ci/cd|cloud|docker|kubernetes
Ananya Gupta,data_engineer,Junior,mixed,docker|postgresql|python|sql
Rohan Singh,ml_engineer,Mid,full,deep learning|machine learning|python|pytorch|scikit-learn|statistics
Divya Kumar,data_scientist,Mid,mixed,machine learning|numpy|pandas|python|sql|statistics|tableau
Sonal Jain,nlp_engineer,Senior,abbr,cloud|deep learning|docker|natural language processing|python|pytorch|text classification
Aniket Nair,data_analyst,Intern,abbr,data analysis|excel|sql
Darshan Desai,backend_developer,Junior,mixed,kubernetes|mongodb|postgresql|python|rest api|spring boot|sql
Rajesh Gupta,frontend_developer,Intern,mixed,html/css|python|react
Bhavna Patel,devops_engineer,Intern,full,ci/cd|docker|linux|postgresql
Neha Tiwari,data_engineer,Junior,full,docker|git|postgresql|python|sql
Deepa Raghavan,ml_engineer,Mid,full,cloud|computer vision|deep learning|machine learning|numpy|python|pytorch|scikit-learn|sql
Rakesh Bhatt,data_scientist,Mid,mixed,data analysis|docker|machine learning|pandas|python|spring boot|statistics
Bhargav Deshpande,nlp_engineer,Mid,mixed,ci/cd|docker|natural language processing|python|pytorch|text classification
Farhan Verma,data_analyst,Senior,abbr,data analysis|deep learning|excel|postgresql|power bi|pytorch|sql|tableau
Uma Varma,backend_developer,Senior,abbr,java|postgresql|python|rest api|spring boot|sql
Naveen Tiwari,frontend_developer,Senior,abbr,git|html/css|javascript|node.js|react|tableau
Sanjay Ghosh,devops_engineer,Intern,mixed,ci/cd|kubernetes|linux|python
Sanjay Desai,data_engineer,Mid,mixed,cloud|docker|kubernetes|mongodb|pandas|postgresql|sql
Siddharth Balan,ml_engineer,Senior,abbr,ci/cd|deep learning|machine learning|mongodb|python|pytorch|scikit-learn|tensorflow
Ramya Mehta,data_scientist,Intern,full,artificial intelligence|cloud|data analysis|machine learning|numpy|pandas|tableau
Charu Naidu,nlp_engineer,Senior,full,artificial intelligence|deep learning|docker|machine learning|natural language processing|numpy|python|pytorch|text classification
Priya Verma,data_analyst,Senior,mixed,data analysis|excel|java|kubernetes|power bi|python|sql|tableau
Akash Shetty,backend_developer,Junior,abbr,java|rest api|spring boot|sql
Divya Prasad,frontend_developer,Senior,mixed,git|html/css|javascript|linux|node.js|react|rest api
Jatin Hegde,devops_engineer,Intern,mixed,ci/cd|docker|kubernetes
Ramya Naidu,data_engineer,Intern,full,docker|linux|postgresql|python|sql|statistics
Rakesh Malhotra,ml_engineer,Mid,abbr,cloud|computer vision|deep learning|docker|machine learning|natural language processing|node.js|python|scikit-learn|tensorflow
Rhea Nambiar 1849,data_scientist,Junior,mixed,data analysis|pandas|python|sql
Omkar Saxena 1850,nlp_engineer,Junior,abbr,artificial intelligence|deep learning|natural language processing|postgresql|pytorch|text classification
Ganesh Mehta 1851,data_analyst,Senior,abbr,data analysis|excel|power bi|python|sql|statistics|tableau
Rhea Kapoor 1852,backend_developer,Intern,full,docker|java|kubernetes|postgresql|sql
Darshan Deshpande,frontend_developer,Junior,mixed,html/css|javascript|react|rest api
Siddharth Rao,devops_engineer,Mid,mixed,cloud|data analysis|docker|git|kubernetes|linux|python|sql
Nikhil Dubey,data_engineer,Mid,full,ci/cd|docker|postgresql|python|sql|statistics
Aarav Naidu,ml_engineer,Intern,abbr,docker|machine learning|pytorch|tensorflow
Qamar Krishnan,data_scientist,Intern,mixed,cloud|data analysis|machine learning|natural language processing|pandas
Kavya Tiwari 1858,nlp_engineer,Mid,full,git|natural language processing|postgresql|python|pytorch|text classification
Chetan Mehta,data_analyst,Mid,abbr,data analysis|excel|pandas|power bi|tableau
Rajesh Gupta 1860,backend_developer,Senior,mixed,java|postgresql|rest api|spring boot|sql
Darshan Mehta 1861,frontend_developer,Senior,abbr,docker|git|html/css|javascript|node.js|react
Manish Joshi 1862,devops_engineer,Intern,mixed,cloud|kubernetes|linux|postgresql
Meera Krishnan,data_engineer,Senior,mixed,ci/cd|cloud|docker|kubernetes|linux|postgresql|python|sql
Priya Kapoor,ml_engineer,Senior,mixed,deep learning|docker|machine learning|natural language processing|numpy|python|pytorch|scikit-learn|tensorflow
Swathi Dubey,data_scientist,Intern,abbr,data analysis|numpy|pandas|react|sql
Dhruv Kumar 1866,nlp_engineer,Intern,mixed,cloud|deep learning|docker|natural language processing|node.js|python|react
Trisha Menon 1867,data_analyst,Senior,abbr,data analysis|deep learning|excel|power bi|sql|tableau
Nandini Mehta 1868,backend_developer,Intern,mixed,docker|java|kubernetes|linux|postgresql|python|rest api
Kiran Kaur,frontend_developer,Mid,abbr,git|html/css|linux|react
Harini Verma,devops_engineer,Senior,full,ci/cd|cloud|docker|kubernetes|linux|python
Jaya Verma 1871,data_engineer,Mid,full,docker|linux|postgresql|python|sql
Vinay Mehta,ml_engineer,Mid,abbr,deep learning|mongodb|pandas|python|pytorch|scikit-learn|tensorflow
Bhargav Subramanian,data_scientist,Intern,full,ci/cd|data analysis|deep learning|docker|python|statistics
Rohan Patel 1874,nlp_engineer,Junior,full,deep learning|machine learning|natural language processing|pytorch|text classification
Dhruv Ghosh,data_analyst,Intern,mixed,data analysis|excel|numpy|pytorch|tableau
Meera Mehta,backend_developer,Intern,mixed,java|linux|rest api|sql
Hema Chopra 1877,frontend_developer,Senior,mixed,git|html/css|javascript|node.js|pandas|pytorch|react|rest api
Darshan Kulkarni 1878,devops_engineer,Junior,abbr,ci/cd|cloud|docker|linux
Akash Chopra,data_engineer,Intern,full,data analysis|docker|linux|python|sql|tableau
Dhruv Joshi,ml_engineer,Senior,abbr,computer vision|deep learning|docker|machine learning|python|pytorch|scikit-learn|tensorflow
Farhan Joshi,data_scientist,Intern,abbr,machine learning|python|statistics
Omkar Varma 1882,nlp_engineer,Intern,full,deep learning|python|scikit-learn|text classification
Siddharth Singh 1883,data_analyst,Junior,mixed,data analysis|excel|power bi|sql
Suresh Kapoor,backend_developer,Junior,full,docker|git|java|postgresql|python|rest api|spring boot
Aarav Krishnan,frontend_developer,Intern,mixed,docker|html/css|react
Ganesh Tiwari 1886,devops_engineer,Junior,abbr,ci/cd|cloud|java|kubernetes|linux|postgresql
Indira Prasad 1887,data_engineer,Junior,mixed,docker|kubernetes|postgresql|python|sql
Charu Pillai 1888,ml_engineer,Intern,mixed,deep learning|machine learning|pandas|tensorflow
Harini Krishnan 1889,data_scientist,Junior,abbr,machine learning|pandas|power bi|python|sql
Akash Patel 1890,nlp_engineer,Junior,full,artificial intelligence|docker|natural language processing|python|pytorch|text classification
Varun Raghavan,data_analyst,Intern,full,data analysis|excel|pandas|tableau
Sahana Chandran 1892,backend_developer,Mid,full,java|postgresql|rest api|spring boot
Pooja Sharma 1893,frontend_developer,Senior,abbr,docker|git|html/css|javascript|postgresql|react|statistics
Charu Iyer 1894,devops_engineer,Junior,abbr,ci/cd|cloud|docker|git|linux
Vidya Balan 1895,data_engineer,Senior,abbr,cloud|docker|kubernetes|mongodb|postgresql|python|sql
Aarav Patel 1896,ml_engineer,Junior,mixed,cloud|deep learning|docker|natural language processing|pytorch|scikit-learn|tensorflow
Dhruv Nambiar,data_scientist,Senior,abbr,data analysis|machine learning|pandas|python|scikit-learn|sql|statistics
Ganesh Chandran 1898,nlp_engineer,Mid,abbr,artificial intelligence|cloud|deep learning|machine learning|python|pytorch|text classification
Rahul Kapoor,data_analyst,Mid,mixed,data analysis|docker|mongodb|pandas|power bi|sql|tableau
Bhargav Sharma 1900,backend_developer,Mid,abbr,git|java|postgresql|rest api|sql
Vinay Pillai 1901,frontend_developer,Senior,mixed,docker|git|html/css|javascript|react|rest api
Trisha Nambiar,devops_engineer,Mid,mixed,cloud|docker|kubernetes|linux|postgresql
Abhay Gupta,data_engineer,Senior,mixed,ci/cd|cloud|computer vision|docker|linux|postgresql|python|sql|tensorflow
Ritu Malhotra 1904,ml_engineer,Senior,full,cloud|computer vision|deep learning|machine learning|natural language processing|numpy|pandas|python|pytorch|scikit-learn|tensorflow
Uma Rao,data_scientist,Junior,full,data analysis|deep learning|mongodb|numpy|pandas|python|statistics|text classification
Hema Gupta 1906,nlp_engineer,Intern,abbr,python|pytorch|sql|text classification
Vidya Pillai 1907,data_analyst,Intern,full,artificial intelligence|data analysis|machine learning|power bi|python|sql
Divya Desai 1908,backend_developer,Senior,mixed,java|kubernetes|postgresql|rest api|spring boot|sql
Yamini Rao 1909,frontend_developer,Mid,mixed,git|html/css|javascript
Pooja Agarwal,devops_engineer,Intern,abbr,cloud|docker|linux|sql
Naveen Mehta,data_engineer,Intern,abbr,ci/cd|cloud|kubernetes|machine learning|python|scikit-learn|sql
Ganesh Singh,ml_engineer,Mid,abbr,computer vision|machine learning|pandas|python|pytorch|scikit-learn|statistics|tensorflow|text classification
Vishal Dubey,data_scientist,Mid,mixed,cloud|data analysis|pandas|python|sql|statistics|tableau
Harini Raghavan 1914,nlp_engineer,Senior,abbr,cloud|deep learning|java|natural language processing|python|pytorch|text classification
Meera Saxena 1915,data_analyst,Senior,full,data analysis|excel|power bi|sql|tableau
Uma Chandran 1916,backend_developer,Senior,mixed,java|postgresql|python|rest api|spring boot|sql
Tarun Verma 1917,frontend_developer,Intern,abbr,git|javascript|node.js|postgresql
Ishaan Deshpande 1918,devops_engineer,Senior,mixed,ci/cd|cloud|docker|kubernetes|linux|postgresql
Bhargav Sharma 1919,data_engineer,Junior,full,cloud|computer vision|postgresql|python|sql
Farhan Gupta 1920,ml_engineer,Junior,mixed,deep learning|machine learning|node.js|scikit-learn|tensorflow
Jatin Hegde 1921,data_scientist,Mid,full,data analysis|pandas|python|sql|statistics
Nisha Kulkarni,nlp_engineer,Senior,mixed,artificial intelligence|deep learning|docker|machine learning|natural language processing|numpy|python|pytorch|tensorflow|text classification
Nisha Kumar 1923,data_analyst,Intern,mixed,excel|natural language processing|pandas|sql|tableau
Charu Nair 1924,backend_developer,Mid,mixed,mongodb|numpy|postgresql|rest api|spring boot|sql
Deepa Deshpande 1925,frontend_developer,Senior,mixed,docker|git|html/css|javascript|react
Aniket Desai 1926,devops_engineer,Intern,abbr,ci/cd|cloud|docker|pandas|postgresql
Lalita Venkatesh,data_engineer,Intern,mixed,docker|linux|postgresql|sql
Aditi Mehta 1928,ml_engineer,Intern,mixed,deep learning|machine learning|python|scikit-learn|statistics
Priya Tiwari 1929,data_scientist,Senior,mixed,cloud|data analysis|machine learning|node.js|pandas|python|rest api|scikit-learn|sql|statistics
Ravi Malhotra 1930,nlp_engineer,Mid,mixed,artificial intelligence|cloud|deep learning|git|python|pytorch|text classification
Neha Kapoor 1931,data_analyst,Mid,mixed,docker|excel|pandas|power bi|sql|statistics|tableau
Kavya Deshpande 1932,backend_developer,Mid,abbr,java|kubernetes|linux|postgresql|rest api|sql
Bhargav Balan 1933,frontend_developer,Senior,abbr,git|html/css|javascript|react|rest api
Sanjay Patel 1934,devops_engineer,Senior,full,ci/cd|cloud|docker|git|java|kubernetes|linux
Bhavna Hegde 1935,data_engineer,Mid,full,cloud|docker|mongodb|postgresql|python|rest api
Jaya Raghavan 1936,ml_engineer,Senior,mixed,cloud|deep learning|machine learning|python|pytorch|scikit-learn|tensorflow
Meera Chandran 1937,data_scientist,Junior,full,cloud|data analysis|pandas|python|statistics
Indira Raghavan 1938,nlp_engineer,Mid,full,deep learning|machine learning|mongodb|python|pytorch|scikit-learn|sql|text classification
Bhargav Desai,data_analyst,Junior,mixed,data analysis|deep learning|natural language processing|pandas|power bi|sql|statistics|tableau
Nandini Kaur,backend_developer,Senior,full,docker|java|linux|mongodb|postgresql|rest api|spring boot|sql
Aarav Naidu 1941,frontend_developer,Junior,abbr,cloud|html/css|javascript|pandas|react|rest api
Yamini Jain 1942,devops_engineer,Senior,abbr,ci/cd|cloud|docker|git|kubernetes|linux|python
Kiran Chopra 1943,data_engineer,Intern,full,artificial intelligence|ci/cd|docker|pandas|python|sql
Parvati Agarwal 1944,ml_engineer,Intern,mixed,machine learning|natural language processing|numpy|rest api|scikit-learn|sql|tensorflow
Madhav Kumar 1945,data_scientist,Intern,mixed,python|sql|statistics
Lalita Prasad,nlp_engineer,Junior,abbr,docker|natural language processing|python|pytorch|scikit-learn|text classification
Dhruv Mehta 1947,data_analyst,Junior,full,data analysis|excel|power bi|sql|tableau
Parvati Sharma 1948,backend_developer,Mid,full,docker|java|linux|postgresql|rest api|spring boot
Parvati Gupta 1949,frontend_developer,Mid,full,docker|git|javascript|node.js|python|react
Esha Kumar 1950,devops_engineer,Intern,full,docker|kubernetes|linux
Bhavna Varma 1951,data_engineer,Intern,full,cloud|pandas|python|sql
Siddharth Chandran 1952,ml_engineer,Intern,full,cloud|deep learning|docker|natural language processing|python|tensorflow
Trisha Malhotra 1953,data_scientist,Intern,mixed,data analysis|node.js|python|statistics|text classification
Ganesh Hegde 1954,nlp_engineer,Junior,mixed,deep learning|machine learning|natural language processing|python|text classification
Pooja Balan 1955,data_analyst,Mid,full,data analysis|excel|python|sql|statistics|tableau
Rahul Desai 1956,backend_developer,Junior,mixed,git|java|kubernetes|linux|postgresql|rest api|spring boot
Sameer Agarwal 1957,frontend_developer,Senior,full,docker|git|html/css|javascript|react|rest api
Qamar Saxena 1958,devops_engineer,Mid,full,ci/cd|cloud|docker|java|kubernetes
Rajesh Pillai 1959,data_engineer,Intern,abbr,cloud|docker|python
Farhan Dubey,ml_engineer,Mid,mixed,computer vision|deep learning|machine learning|numpy|python|scikit-learn|sql|tensorflow
Sameer Kumar 1961,data_scientist,Junior,abbr,data analysis|machine learning|python|statistics
Vikram Tiwari 1962,nlp_engineer,Senior,full,deep learning|machine learning|mongodb|natural language processing|pandas|python|pytorch|text classification
Vinay Reddy,data_analyst,Junior,full,data analysis|power bi|sql|tableau
Farhan Kulkarni,backend_developer,Senior,abbr,docker|java|postgresql|rest api|spring boot|sql
Shreya Iyer 1965,frontend_developer,Mid,abbr,git|html/css|react|sql|statistics
Parvati Chopra,devops_engineer,Junior,full,cloud|docker|kubernetes|linux|node.js
Esha Kumar 1967,data_engineer,Mid,full,cloud|docker|postgresql|python
Sahana Balan,ml_engineer,Intern,mixed,cloud|computer vision|deep learning|kubernetes|linux|machine learning|scikit-learn|statistics
Vikram Singh 1969,data_scientist,Mid,abbr,cloud|data analysis|deep learning|machine learning|numpy|pandas|scikit-learn|sql|statistics
Yamini Varma 1970,nlp_engineer,Intern,full,artificial intelligence|deep learning|pytorch|text classification
Qamar Kulkarni 1971,data_analyst,Senior,mixed,data analysis|excel|power bi|sql|tableau
Harini Sharma,backend_developer,Senior,full,docker|git|java|kubernetes|mongodb|postgresql|rest api|spring boot|sql
Ganesh Prasad,frontend_developer,Mid,full,git|javascript|react
Harini Agarwal 1974,devops_engineer,Intern,mixed,ci/cd|cloud|git|kubernetes|pandas
Aarav Balan 1975,data_engineer,Mid,full,cloud|docker|kubernetes|mongodb|pandas|postgresql|sql
Vinay Chandran 1976,ml_engineer,Mid,mixed,deep learning|natural language processing|pandas|python|pytorch|scikit-learn|statistics|tensorflow
Sonal Kulkarni 1977,data_scientist,Intern,abbr,cloud|data analysis|deep learning|pandas|python
Pranav Nair 1978,nlp_engineer,Intern,mixed,deep learning|natural language processing|power bi|pytorch|sql
Lakshmi Kaur,data_analyst,Mid,abbr,data analysis|natural language processing|power bi|sql|tableau|tensorflow
Lakshmi Reddy 1980,backend_developer,Junior,mixed,git|java|linux|mongodb|rest api|spring boot|sql
Ramya Kulkarni 1981,frontend_developer,Intern,mixed,git|react
Ritu Jain 1982,devops_engineer,Intern,full,ci/cd|cloud|kubernetes|python|tableau
Rhea Agarwal,data_engineer,Intern,full,cloud|deep learning|docker|sql
Ishaan Varma,ml_engineer,Mid,abbr,computer vision|deep learning|docker|machine learning|pandas|python|pytorch|scikit-learn|statistics
Yash Bhatt 1985,data_scientist,Junior,mixed,cloud|data analysis|deep learning|pandas|python|statistics|text classification
Rakesh Varma 1986,nlp_engineer,Intern,abbr,docker|natural language processing|numpy|python|text classification
Darshan Varma 1987,data_analyst,Intern,mixed,excel|power bi|python|sql
Sonal Mehta 1988,backend_developer,Mid,mixed,docker|git|java|kubernetes|rest api|spring boot|sql
Shreya Krishnan 1989,frontend_developer,Junior,full,git|javascript|react
Gaurav Naidu 1990,devops_engineer,Senior,mixed,ci/cd|cloud|docker|kubernetes|linux|postgresql|python
Vishal Shetty 1991,data_engineer,Junior,full,cloud|docker|kubernetes|postgresql|python|rest api
Nandini Nambiar,ml_engineer,Intern,abbr,deep learning|machine learning|natural language processing|pytorch|tensorflow
Shreya Hegde,data_scientist,Senior,abbr,data analysis|machine learning|natural language processing|numpy|pandas|python|sql|statistics|text classification
Chetan Chopra 1994,nlp_engineer,Intern,full,artificial intelligence|natural language processing|pytorch|statistics|tableau|text classification
Qamar Kumar 1995,data_analyst,Junior,mixed,data analysis|excel|pandas|python|sql|tableau
Lakshmi Jain 1996,backend_developer,Intern,full,postgresql|python|rest api|spring boot
Tarun Gupta 1997,frontend_developer,Junior,abbr,git|html/css|javascript
Neha Kapoor 1998,devops_engineer,Mid,full,ci/cd|cloud|git|kubernetes|linux|python
Divya Chandran 1999,data_engineer,Mid,abbr,docker|kubernetes|postgresql|python|sql
Trisha Venkatesh 2000,ml_engineer,Senior,mixed,deep learning|linux|machine learning|numpy|python|pytorch|scikit-learn|tensorflow
Meera Kaur,data_scientist,Intern,mixed,cloud|data analysis|machine learning|pandas|python|scikit-learn
Arjun Chandran 2002,nlp_engineer,Intern,mixed,deep learning|machine learning|pytorch|text classification
Akash Malhotra 2003,data_analyst,Mid,abbr,data analysis|docker|excel|pandas|power bi|statistics|tableau
Akash Naidu,backend_developer,Senior,full,docker|java|postgresql|python|rest api|spring boot|sql
Suresh Chandran 2005,frontend_developer,Senior,full,docker|git|html/css|javascript|react|rest api
Kabir Ghosh,devops_engineer,Junior,full,ci/cd|cloud|git|kubernetes|linux|python
Charu Subramanian 2007,data_engineer,Senior,abbr,cloud|docker|pandas|postgresql|python|sql|tableau
Parvati Agarwal 2008,ml_engineer,Intern,mixed,ci/cd|cloud|computer vision|docker|machine learning|python|scikit-learn|statistics
Pooja Malhotra,data_scientist,Senior,full,data analysis|html/css|machine learning|numpy|pandas|power bi|python|rest api|sql|statistics|tableau|text classification
Indira Kapoor,nlp_engineer,Junior,mixed,deep learning|natural language processing|python|pytorch
Dhruv Dubey 2011,data_analyst,Senior,full,data analysis|excel|pandas|postgresql|power bi|sql|tableau
Pallavi Deshpande 2012,backend_developer,Senior,full,artificial intelligence|docker|java|mongodb|postgresql|rest api|spring boot|sql
Pallavi Varma 2013,frontend_developer,Mid,full,git|javascript|react
Mohit Malhotra,devops_engineer,Mid,mixed,ci/cd|cloud|docker|git|java|kubernetes
Omkar Mehta 2015,data_engineer,Senior,full,cloud|docker|linux|pandas|postgresql|python|sql
Nandini Desai 2016,ml_engineer,Mid,full,computer vision|deep learning|docker|machine learning|natural language processing|python|pytorch|scikit-learn
Zoya Sharma 2017,data_scientist,Intern,abbr,deep learning|docker|machine learning|pandas|python|statistics
Rakesh Venkatesh,nlp_engineer,Mid,full,deep learning|machine learning|natural language processing|pytorch|sql|text classification
Kabir Varma,data_analyst,Junior,full,data analysis|excel|pandas|power bi|statistics|tableau
Pallavi Saxena,backend_developer,Mid,abbr,java|kubernetes|linux|postgresql|rest api|spring boot
Lalita Mehta 2021,frontend_developer,Intern,mixed,git|html/css|node.js
Rhea Dubey 2022,devops_engineer,Intern,mixed,cloud|docker|git|kubernetes
Ganesh Bhatt 2023,data_engineer,Mid,full,cloud|docker|kubernetes|pandas|python|sql
Yash Gupta,ml_engineer,Intern,mixed,cloud|deep learning|natural language processing|pytorch|statistics|tensorflow
Aniket Tiwari,data_scientist,Junior,abbr,cloud|data analysis|machine learning|power bi|python|sql|tableau
Charu Naidu 2026,nlp_engineer,Intern,abbr,artificial intelligence|deep learning|machine learning|python|pytorch
Harini Iyer,data_analyst,Senior,full,data analysis|excel|git|node.js|pandas|power bi|python|sql|tableau
Trisha Kumar,backend_developer,Intern,abbr,java|kubernetes|machine learning|postgresql|sql
Kavya Kaur 2029,frontend_developer,Intern,abbr,javascript|react|spring boot
Farhan Naidu 2030,devops_engineer,Intern,mixed,ci/cd|cloud|linux|sql|statistics
Pallavi Ghosh,data_engineer,Mid,mixed,ci/cd|cloud|pandas|postgresql|python|sql|tableau|text classification
Farhan Kulkarni 2032,ml_engineer,Mid,abbr,cloud|deep learning|machine learning|natural language processing|numpy|pytorch|scikit-learn|tensorflow
Swathi Ghosh,data_scientist,Junior,mixed,docker|git|machine learning|pandas|python|sql
Suresh Joshi 2034,nlp_engineer,Junior,full,deep learning|natural language processing|python|pytorch|rest api
Ritu Bhatt,data_analyst,Senior,abbr,data analysis|excel|postgresql|power bi|sql|tableau
Suresh Patel,backend_developer,Intern,abbr,git|java|postgresql|rest api
Sneha Nambiar 2037,frontend_developer,Intern,full,deep learning|docker|html/css|python|react
Yamini Reddy 2038,devops_engineer,Junior,mixed,ci/cd|docker|html/css|java|kubernetes|linux
Ganesh Ghosh 2039,data_engineer,Intern,mixed,postgresql|python|sql
Vikram Ghosh,ml_engineer,Intern,mixed,deep learning|numpy|pandas|postgresql|python|pytorch|sql
Mohit Kaur 2041,data_scientist,Intern,full,cloud|data analysis|machine learning|pandas
Gaurav Saxena,nlp_engineer,Junior,abbr,artificial intelligence|natural language processing|numpy|python|pytorch|text classification
Anjali Desai 2043,data_analyst,Intern,full,data analysis|postgresql|power bi|sql
Neha Prasad 2044,backend_developer,Mid,mixed,java|postgresql|rest api|sql
Deepa Chopra 2045,frontend_developer,Intern,abbr,html/css|node.js|react|statistics
Sanjay Krishnan,devops_engineer,Senior,full,ci/cd|cloud|docker|git|kubernetes|linux|numpy
Ishaan Reddy 2047,data_engineer,Junior,mixed,cloud|docker|linux|postgresql|python|sql
Pranav Bhatt,ml_engineer,Senior,mixed,computer vision|deep learning|machine learning|postgresql|power bi|python|pytorch|scikit-learn|tensorflow
Ananya Singh 2049,data_scientist,Mid,full,data analysis|machine learning|pandas|python|scikit-learn|statistics
Parvati Varma,nlp_engineer,Mid,mixed,cloud|deep learning|docker|kubernetes|python|pytorch|text classification
Swathi Patel 2051,data_analyst,Mid,abbr,data analysis|excel|sql|statistics|tableau
Omkar Varma 2052,backend_developer,Senior,abbr,docker|git|java|postgresql|rest api|spring boot|sql|tableau
Aniket Chandran,frontend_developer,Intern,full,git|machine learning|node.js|numpy|react
Omkar Ghosh 2054,devops_engineer,Junior,abbr,ci/cd|cloud|docker|git|linux|python
Lalita Shetty 2055,data_engineer,Mid,abbr,cloud|docker|postgresql|python
Varun Nambiar 2056,ml_engineer,Senior,full,deep learning|machine learning|numpy|python|pytorch|scikit-learn|sql|tensorflow
Charu Subramanian 2057,data_scientist,Junior,mixed,cloud|deep learning|machine learning|pandas|python|scikit-learn|sql
Charu Pillai 2058,nlp_engineer,Mid,mixed,deep learning|machine learning|natural language processing|numpy|python|pytorch|scikit-learn
Rajesh Krishnan,data_analyst,Mid,abbr,cloud|data analysis|excel|power bi|python|tableau
Suresh Nair,backend_developer,Mid,mixed,docker|java|mongodb|rest api|spring boot|sql
Parvati Agarwal 2061,frontend_developer,Mid,abbr,html/css|javascript|mongodb|node.js|python|react|rest api
Qamar Naidu 2062,devops_engineer,Mid,abbr,cloud|docker|git|kubernetes|linux|machine learning|postgresql
Uma Prasad,data_engineer,Senior,mixed,cloud|docker|linux|pandas|postgresql|python|sql
Kabir Dubey,ml_engineer,Intern,mixed,cloud|machine learning|mongodb|rest api|scikit-learn|tensorflow
Lakshmi Naidu,data_scientist,Junior,mixed,data analysis|deep learning|pandas|python|statistics|tableau
Aditi Hegde,nlp_engineer,Intern,mixed,artificial intelligence|cloud|deep learning|python|text classification
Indira Mehta 2067,data_analyst,Senior,mixed,data analysis|excel|power bi|sql|tableau
Arjun Kumar 2068,backend_developer,Intern,abbr,kubernetes|rest api|spring boot|sql
Indira Nair,frontend_developer,Intern,abbr,docker|html/css|javascript
Ritu Malhotra 2070,devops_engineer,Junior,abbr,cloud|docker|git|kubernetes|linux|python
Ravi Dubey 2071,data_engineer,Mid,mixed,docker|kubernetes|linux|pandas|postgresql|python|sql
Aditi Tiwari,ml_engineer,Junior,full,machine learning|numpy|python|pytorch|rest api|scikit-learn|statistics
Gaurav Shetty 2073,data_scientist,Intern,abbr,cloud|pandas|power bi|python|statistics
Vikram Sharma 2074,nlp_engineer,Intern,full,artificial intelligence|deep learning|natural language processing|python|scikit-learn
Aniket Venkatesh,data_analyst,Intern,full,excel|postgresql|sql|tableau
Lalita Prasad 2076,backend_developer,Intern,mixed,docker|node.js|postgresql|rest api|sql
Lalita Chopra 2077,frontend_developer,Junior,abbr,git|html/css|javascript|numpy|pytorch
Vishal Balan 2078,devops_engineer,Intern,mixed,ci/cd|cloud|docker
Ramya Patel,data_engineer,Junior,mixed,ci/cd|cloud|docker|linux|python|sql
Indira Prasad 2080,ml_engineer,Junior,abbr,deep learning|natural language processing|python|scikit-learn|tensorflow
Naveen Shetty,data_scientist,Mid,abbr,deep learning|machine learning|pandas|power bi|python|scikit-learn|sql|statistics|tableau
Ishaan Malhotra 2082,nlp_engineer,Junior,full,docker|natural language processing|python|pytorch|text classification
Aditi Chandran 2083,data_analyst,Senior,abbr,data analysis|excel|power bi|sql|tableau
Rhea Joshi 2084,backend_developer,Junior,full,java|postgresql|rest api|sql
Sanjay Naidu,frontend_developer,Mid,abbr,git|html/css|react
Ramya Kulkarni 2086,devops_engineer,Senior,full,ci/cd|cloud|docker|java|kubernetes|linux|text classification
Farhan Hegde,data_engineer,Junior,mixed,cloud|postgresql|python|sql
Shreya Pillai 2088,ml_engineer,Intern,full,deep learning|machine learning|tensorflow
Pallavi Deshpande 2089,data_scientist,Senior,mixed,cloud|data analysis|machine learning|numpy|pandas|python|sql|statistics|text classification
Omkar Jain,nlp_engineer,Junior,full,artificial intelligence|ci/cd|machine learning|natural language processing|numpy|python|pytorch|text classification
Esha Iyer 2091,data_analyst,Intern,full,data analysis|excel|linux|postgresql|python|tableau
Ananya Iyer 2092,backend_developer,Junior,full,docker|java|kubernetes|pandas|postgresql|python|rest api|sql
Divya Prasad 2093,frontend_developer,Senior,mixed,git|html/css|javascript|node.js|react
Sanjay Joshi 2094,devops_engineer,Senior,mixed,ci/cd|cloud|docker|kubernetes|linux|python
Sneha Raghavan,data_engineer,Mid,mixed,computer vision|docker|pandas|postgresql|python|sql
Jaya Mehta 2096,ml_engineer,Intern,full,deep learning|python|pytorch|tensorflow
Neha Bhatt,data_scientist,Junior,mixed,java|machine learning|python|scikit-learn|sql|statistics|tableau
Lalita Ghosh 2098,nlp_engineer,Senior,abbr,artificial intelligence|cloud|deep learning|machine learning|natural language processing|numpy|python|pytorch|text classification
Ritu Balan,data_analyst,Intern,mixed,data analysis|excel|python|tableau
Ganesh Balan 2100,backend_developer,Intern,mixed,java|mongodb|rest api|sql
Udhav Agarwal 2101,frontend_developer,Senior,full,git|html/css|javascript|natural language processing|node.js|react
Farhan Hegde 2102,devops_engineer,Junior,full,ci/cd|cloud|deep learning|docker|java|linux|postgresql
Parvati Bhatt 2103,data_engineer,Mid,full,ci/cd|cloud|docker|git|linux|postgresql|python
Ravi Desai,ml_engineer,Intern,full,docker|machine learning|natural language processing|numpy|python|tensorflow
Akash Balan,data_scientist,Intern,mixed,machine learning|numpy|python|statistics
Jaya Desai 2106,nlp_engineer,Junior,mixed,natural language processing|python|pytorch|text classification
Vishal Chandran 2107,data_analyst,Mid,full,data analysis|excel|pandas|sql|tableau
Sahana Venkatesh 2108,backend_developer,Intern,mixed,docker|html/css|rest api|spring boot|sql
Dhruv Krishnan 2109,frontend_developer,Junior,mixed,git|html/css|react
Jaya Ghosh 2110,devops_engineer,Intern,abbr,cloud|kubernetes|linux
Nandini Ghosh,data_engineer,Senior,mixed,cloud|docker|mongodb|postgresql|python|sql
Gaurav Gupta,ml_engineer,Junior,abbr,deep learning|javascript|numpy|python|pytorch|statistics|tensorflow
Bhavna Subramanian,data_scientist,Mid,full,cloud|data analysis|machine learning|pandas|scikit-learn|sql|statistics|tableau|text classification
Deepa Desai 2114,nlp_engineer,Junior,mixed,cloud|docker|natural language processing|python|pytorch|text classification
Shreya Kaur 2115,data_analyst,Intern,mixed,data analysis|excel|python|tableau
Aarav Kapoor,backend_developer,Mid,mixed,java|kubernetes|linux|postgresql|spring boot|sql
Vishal Hegde,frontend_developer,Mid,mixed,docker|html/css|javascript|react
Ritu Gupta,devops_engineer,Mid,mixed,ci/cd|cloud|docker|linux|postgresql|python
Yamini Ghosh 2119,data_engineer,Junior,mixed,cloud|docker|linux|python|rest api|spring boot|sql
Tanvi Prasad 2120,ml_engineer,Intern,mixed,cloud|deep learning|docker|pytorch|scikit-learn
Sameer Raghavan,data_scientist,Junior,full,data analysis|docker|html/css|machine learning|sql|statistics|tableau
Meera Gupta,nlp_engineer,Junior,full,natural language processing|python|pytorch|text classification
Sonal Iyer,data_analyst,Intern,full,cloud|excel|python|sql|tableau|text classification
Aditi Rao 2124,backend_developer,Senior,full,git|java|kubernetes|natural language processing|postgresql|python|rest api|spring boot|sql
Udhav Prasad 2125,frontend_developer,Intern,mixed,docker|git|html/css
Rahul Krishnan 2126,devops_engineer,Mid,mixed,cloud|docker|kubernetes|linux|pandas
Akash Rao 2127,data_engineer,Senior,mixed,cloud|docker|kubernetes|linux|postgresql|python|sql
Tarun Sharma 2128,ml_engineer,Junior,full,cloud|deep learning|pandas|python|pytorch|scikit-learn|statistics|tensorflow
Hema Mehta 2129,data_scientist,Senior,mixed,cloud|data analysis|deep learning|machine learning|pandas|power bi|python|sql|statistics
Priya Subramanian 2130,nlp_engineer,Mid,abbr,cloud|deep learning|machine learning|natural language processing|numpy|python|rest api|text classification
Lalita Kapoor,data_analyst,Intern,mixed,excel|pandas|sql|tableau
Neha Ghosh 2132,backend_developer,Junior,abbr,linux|postgresql|rest api|spring boot|sql
Farhan Shetty 2133,frontend_developer,Mid,abbr,git|html/css|react
Rahul Chandran 2134,devops_engineer,Mid,mixed,cloud|docker|kubernetes|linux|natural language processing
Aniket Krishnan 2135,data_engineer,Intern,full,cloud|docker|sql
Charu Subramanian 2136,ml_engineer,Mid,full,computer vision|deep learning|machine learning|numpy|python|pytorch|scikit-learn|statistics
Harini Gupta 2137,data_scientist,Intern,abbr,cloud|machine learning|numpy|python|sql
Jaya Kumar,nlp_engineer,Senior,full,artificial intelligence|deep learning|machine learning|natural language processing|numpy|power bi|python|pytorch|tableau|text classification
Vinay Mehta 2139,data_analyst,Mid,abbr,data analysis|excel|sql|tableau
Ritu Dubey 2140,backend_developer,Intern,full,git|postgresql|rest api|sql
Tarun Kapoor 2141,frontend_developer,Senior,abbr,git|html/css|javascript|node.js|python|react
Darshan Dubey,devops_engineer,Senior,mixed,ci/cd|cloud|docker|kubernetes|linux
Trisha Naidu,data_engineer,Junior,full,cloud|docker|pandas|postgresql|sql
Priya Desai 2144,ml_engineer,Intern,mixed,deep learning|machine learning|python|tensorflow
Yash Desai,data_scientist,Senior,mixed,cloud|data analysis|deep learning|html/css|machine learning|pandas|power bi|python|rest api|sql|statistics|text classification
Pranav Dubey,nlp_engineer,Senior,mixed,deep learning|docker|natural language processing|node.js|python|pytorch|text classification
Sameer Gupta 2147,data_analyst,Junior,mixed,excel|natural language processing|power bi|scikit-learn|sql|tableau
Pranav Ghosh 2148,backend_developer,Intern,full,git|linux|postgresql|rest api|spring boot
Aarav Jain,frontend_developer,Mid,full,docker|git|javascript|react|rest api
Jaya Shetty 2150,devops_engineer,Intern,full,ci/cd|javascript|kubernetes|linux|python|react
Rhea Nambiar 2151,data_engineer,Junior,abbr,cloud|docker|python|sql
Shreya Gupta 2152,ml_engineer,Mid,abbr,deep learning|machine learning|pandas|python|pytorch|tensorflow
Neha Raghavan 2153,data_scientist,Senior,mixed,cloud|data analysis|deep learning|docker|machine learning|numpy|pandas|python|sql|statistics|text classification
Meera Ghosh 2154,nlp_engineer,Mid,mixed,ci/cd|deep learning|natural language processing|pytorch|text classification
Aarav Iyer 2155,data_analyst,Intern,abbr,data analysis|excel|power bi
Vinay Pillai 2156,backend_developer,Intern,abbr,ci/cd|rest api|spring boot|sql
Jatin Subramanian,frontend_developer,Intern,abbr,git|javascript|rest api|sql
Ananya Reddy,devops_engineer,Junior,full,cloud|docker|kubernetes|linux
Rhea Ghosh 2159,data_engineer,Mid,abbr,cloud|docker|linux|python|sql
Sneha Chandran 2160,ml_engineer,Junior,abbr,deep learning|machine learning|scikit-learn|tensorflow
Udhav Agarwal 2161,data_scientist,Senior,abbr,data analysis|machine learning|pandas|python|sql|statistics
Aniket Reddy 2162,nlp_engineer,Senior,mixed,cloud|deep learning|natural language processing|numpy|python|pytorch|text classification
Rohan Krishnan 2163,data_analyst,Mid,full,data analysis|excel|power bi|sql
Ganesh Saxena,backend_developer,Junior,abbr,docker|git|kubernetes|postgresql|rest api|spring boot|sql
Esha Rao,frontend_developer,Junior,full,html/css|javascript|react
Sneha Pillai,devops_engineer,Junior,full,ci/cd|docker|java|kubernetes|linux
Sneha Shetty 2167,data_engineer,Intern,mixed,ci/cd|docker|postgresql|sql
Esha Gupta 2168,ml_engineer,Intern,mixed,cloud|deep learning|linux|machine learning|natural language processing|numpy|tensorflow
Zoya Jain,data_scientist,Mid,mixed,data analysis|deep learning|machine learning|pandas|power bi|python|scikit-learn|statistics
Udhav Dubey 2170,nlp_engineer,Mid,abbr,deep learning|machine learning|natural language processing|python|pytorch
Shreya Desai 2171,data_analyst,Junior,abbr,data analysis|pandas|power bi|pytorch|sql|statistics|tableau
Rhea Menon,backend_developer,Mid,mixed,java|pandas|postgresql|spring boot|sql
Rohan Ghosh 2173,frontend_developer,Senior,abbr,git|html/css|javascript|python|react|sql
Chetan Patel 2174,devops_engineer,Intern,mixed,cloud|docker|kubernetes
Nandini Pillai,data_engineer,Junior,abbr,cloud|linux|postgresql|python|sql
Lalita Deshpande 2176,ml_engineer,Mid,mixed,deep learning|machine learning|natural language processing|numpy|pytorch|scikit-learn|tensorflow
Varun Varma,data_scientist,Junior,mixed,cloud|data analysis|machine learning|pytorch|sql|statistics|text classification
Anjali Balan,nlp_engineer,Intern,mixed,cloud|natural language processing|python|scikit-learn|text classification
Gaurav Reddy 2179,data_analyst,Intern,mixed,data analysis|power bi|python|tableau
Nisha Menon,backend_developer,Junior,mixed,java|rest api|spring boot|sql
Yash Shetty,frontend_developer,Intern,abbr,git|html/css|javascript|node.js|sql
Anjali Iyer,devops_engineer,Senior,full,ci/cd|cloud|docker|java|kubernetes|linux|postgresql|power bi
Ganesh Joshi 2183,data_engineer,Mid,mixed,artificial intelligence|cloud|docker|postgresql|python|sql
Lakshmi Desai 2184,ml_engineer,Intern,abbr,python|pytorch|scikit-learn
Madhav Malhotra,data_scientist,Mid,full,cloud|data analysis|docker|kubernetes|machine learning|numpy|power bi|python|sql|statistics|text classification
Suresh Kapoor 2186,nlp_engineer,Intern,mixed,natural language processing|python|pytorch
Rhea Jain,data_analyst,Junior,mixed,data analysis|excel|kubernetes|power bi|python|sql|statistics
Chetan Chandran,backend_developer,Junior,full,git|java|postgresql|rest api|spring boot
Ananya Patel 2189,frontend_developer,Senior,full,git|html/css|javascript|node.js|react
Siddharth Bhatt,devops_engineer,Intern,abbr,ci/cd|cloud|html/css|javascript|kubernetes
Vishal Jain,data_engineer,Senior,abbr,cloud|docker|mongodb|natural language processing|postgresql|python|sql|tensorflow
Uma Jain,ml_engineer,Intern,full,cloud|computer vision|pytorch|scikit-learn|sql|tensorflow
Qamar Joshi,data_scientist,Senior,abbr,data analysis|machine learning|pandas|python|scikit-learn|sql|statistics|tableau
Vikram Desai 2194,nlp_engineer,Junior,abbr,deep learning|docker|python|pytorch|text classification
Uma Gupta,data_analyst,Intern,full,artificial intelligence|data analysis|docker|excel|python|sql
Pranav Balan 2196,backend_developer,Senior,abbr,docker|java|linux|mongodb|postgresql|python|rest api|spring boot|sql
Pranav Pillai 2197,frontend_developer,Senior,mixed,cloud|git|html/css|javascript|node.js|react|rest api
Mohit Sharma,devops_engineer,Mid,abbr,ci/cd|cloud|docker|java|kubernetes|postgresql
Sanjay Krishnan 2199,data_engineer,Junior,abbr,ci/cd|cloud|docker|pandas|postgresql|python
Deepa Bhatt 2200,ml_engineer,Junior,abbr,machine learning|pandas|python|pytorch|sql|tensorflow
Sameer Deshpande,data_scientist,Mid,mixed,data analysis|machine learning|python|scikit-learn|sql|statistics|text classification
Nisha Menon 2202,nlp_engineer,Intern,mixed,docker|machine learning|natural language processing|power bi|python|text classification
Divya Tiwari,data_analyst,Senior,abbr,data analysis|excel|power bi|pytorch|sql|tableau
Nandini Agarwal,backend_developer,Junior,mixed,cloud|java|kubernetes|postgresql|spring boot|sql|text classification
Suresh Menon 2205,frontend_developer,Intern,abbr,git|react
Pranav Ghosh 2206,devops_engineer,Junior,mixed,ci/cd|cloud|docker|kubernetes|pandas
Trisha Varma,data_engineer,Junior,mixed,docker|kubernetes|pandas|postgresql|python|react|rest api|sql
Tanvi Chopra 2208,ml_engineer,Mid,mixed,computer vision|deep learning|machine learning|python|pytorch|react|scikit-learn|sql|statistics
Siddharth Chopra,data_scientist,Junior,abbr,machine learning|pandas|power bi|sql|statistics|text classification
Kiran Kaur 2210,nlp_engineer,Mid,abbr,deep learning|docker|natural language processing|postgresql|pytorch|sql|text classification
Rohan Subramanian 2211,data_analyst,Senior,full,data analysis|excel|power bi|sql|tableau
Ishaan Nair 2212,backend_developer,Junior,full,java|mongodb|postgresql|spring boot|sql
Qamar Prasad,frontend_developer,Intern,mixed,git|html/css
Divya Kapoor 2214,devops_engineer,Senior,mixed,ci/cd|cloud|deep learning|docker|kubernetes|linux|machine learning
Ganesh Dubey 2215,data_engineer,Intern,mixed,cloud|linux|mongodb|postgresql|python|sql
Priya Varma,ml_engineer,Mid,abbr,cloud|linux|machine learning|natural language processing|pandas|postgresql|python|pytorch|scikit-learn|statistics|tensorflow
Pallavi Agarwal 2217,data_scientist,Senior,abbr,data analysis|machine learning|pandas|python|sql|statistics
Vikram Naidu 2218,nlp_engineer,Mid,full,artificial intelligence|cloud|deep learning|natural language processing|pytorch|sql|statistics|text classification
Lakshmi Raghavan 2219,data_analyst,Senior,abbr,data analysis|excel|java|postgresql|power bi|rest api|sql|tableau
Aarav Jain 2220,backend_developer,Junior,abbr,java|kubernetes|postgresql|python|rest api|sql
Gaurav Venkatesh 2221,frontend_developer,Intern,abbr,docker|html/css|react
Kabir Patel 2222,devops_engineer,Mid,mixed,ci/cd|docker|kubernetes|linux|spring boot
Madhav Shetty,data_engineer,Intern,abbr,cloud|docker|linux|pandas|python
Varun Malhotra,ml_engineer,Junior,abbr,docker|machine learning|numpy|python|pytorch|tensorflow
Aditi Iyer 2225,data_scientist,Junior,mixed,cloud|machine learning|pandas|scikit-learn|sql|statistics|tableau
Arjun Agarwal 2226,nlp_engineer,Junior,mixed,cloud|deep learning|machine learning|natural language processing|pytorch|text classification
Suresh Shetty 2227,data_analyst,Intern,abbr,data analysis|power bi|tableau
Bhavna Verma,backend_developer,Senior,full,java|postgresql|rest api|spring boot|sql
Rakesh Jain 2229,frontend_developer,Junior,mixed,git|html/css|react
Neha Kapoor 2230,devops_engineer,Mid,mixed,ci/cd|cloud|docker|linux|postgresql|python|scikit-learn
Neha Mehta,data_engineer,Junior,abbr,cloud|kubernetes|mongodb|postgresql|python|sql
Qamar Patel 2232,ml_engineer,Senior,mixed,cloud|deep learning|machine learning|python|pytorch|scikit-learn|tensorflow
Chetan Mehta 2233,data_scientist,Junior,mixed,cloud|data analysis|machine learning|power bi|python|pytorch|scikit-learn|sql
Ananya Gupta 2234,nlp_engineer,Junior,mixed,artificial intelligence|deep learning|docker|excel|natural language processing|python|pytorch|statistics
Abhay Gupta 2235,data_analyst,Junior,full,data analysis|docker|excel|git|pandas|power bi|statistics|tableau
Swathi Rao 2236,backend_developer,Junior,full,data analysis|git|kubernetes|linux|postgresql|rest api|spring boot|sql
Tarun Subramanian 2237,frontend_developer,Senior,full,docker|git|html/css|javascript|node.js|react
Naveen Sharma 2238,devops_engineer,Senior,mixed,ci/cd|cloud|docker|kubernetes|linux
Neha Shetty 2239,data_engineer,Senior,mixed,ci/cd|cloud|docker|postgresql|python|sql
Qamar Venkatesh 2240,ml_engineer,Senior,full,cloud|computer vision|data analysis|deep learning|machine learning|python|pytorch|scikit-learn|statistics|tableau|tensorflow
Shreya Dubey 2241,data_scientist,Senior,full,data analysis|deep learning|machine learning|pandas|python|sql|statistics|tableau|text classification
Kabir Reddy,nlp_engineer,Senior,mixed,cloud|deep learning|natural language processing|python|pytorch|scikit-learn|text classification
Bhargav Bhatt 2243,data_analyst,Senior,abbr,data analysis|excel|pandas|power bi|sql|tableau
Kabir Bhatt 2244,backend_developer,Mid,mixed,java|postgresql|rest api|sql
Yash Iyer 2245,frontend_developer,Intern,abbr,git|html/css
Madhav Balan 2246,devops_engineer,Senior,mixed,ci/cd|cloud|docker|javascript|kubernetes|linux
Vishal Nair 2247,data_engineer,Senior,full,cloud|docker|pandas|postgresql|python|sql|statistics
Yash Hegde,ml_engineer,Junior,abbr,deep learning|docker|numpy|python|scikit-learn|sql|tensorflow|text classification
Tanvi Varma,data_scientist,Intern,mixed,cloud|linux|power bi|python|sql|statistics|text classification
Uma Kumar,nlp_engineer,Junior,full,deep learning|docker|numpy|python|pytorch|text classification
Zoya Saxena,data_analyst,Mid,mixed,data analysis|natural language processing|pandas|postgresql|power bi|sql|tableau
Vidya Iyer 2252,backend_developer,Senior,mixed,git|java|javascript|mongodb|postgresql|python|rest api|spring boot|sql
Harini Naidu 2253,frontend_developer,Mid,mixed,docker|git|html/css|javascript|rest api
Swathi Menon,devops_engineer,Intern,mixed,cloud|docker|linux
Nandini Krishnan,data_engineer,Senior,mixed,cloud|data analysis|docker|postgresql|power bi|python|sql
Bhavna Desai 2256,ml_engineer,Intern,mixed,docker|machine learning|numpy|scikit-learn|tensorflow
Suresh Iyer,data_scientist,Intern,full,data analysis|machine learning|numpy|pandas
Jatin Subramanian 2258,nlp_engineer,Mid,abbr,artificial intelligence|cloud|deep learning|git|machine learning|python|pytorch|rest api|text classification
Jaya Prasad 2259,data_analyst,Intern,abbr,excel|sql|statistics|tableau
Divya Deshpande,backend_developer,Intern,full,ci/cd|kubernetes|postgresql|python|rest api|spring boot|sql
Pallavi Chandran 2261,frontend_developer,Intern,abbr,git|javascript|node.js
Vishal Pillai,devops_engineer,Intern,abbr,ci/cd|docker|kubernetes
Uma Ghosh,data_engineer,Intern,abbr,docker|linux|pandas|python|sql
Lakshmi Menon,ml_engineer,Senior,mixed,cloud|computer vision|deep learning|machine learning|python|pytorch|scikit-learn|sql|tensorflow
Vishal Chandran 2265,data_scientist,Senior,mixed,cloud|data analysis|machine learning|pandas|python|sql|statistics|text classification
Hema Dubey,nlp_engineer,Junior,abbr,cloud|natural language processing|python|pytorch|text classification
Tanvi Sharma 2267,data_analyst,Senior,full,data analysis|excel|power bi|python|sql|statistics|tableau
Sonal Prasad,backend_developer,Mid,mixed,java|rest api|spring boot|sql
Pranav Ghosh 2269,frontend_developer,Senior,mixed,git|html/css|javascript|kubernetes|react
Rajesh Patel,devops_engineer,Junior,abbr,ci/cd|cloud|git|kubernetes|linux|mongodb|postgresql
Arjun Tiwari 2271,data_engineer,Mid,abbr,cloud|docker|linux|mongodb|pandas|python|sql
Yash Kulkarni,ml_engineer,Intern,mixed,cloud|excel|machine learning|pandas|python|tensorflow
Nisha Tiwari 2273,data_scientist,Senior,abbr,data analysis|deep learning|java|machine learning|pandas|postgresql|python|sql|statistics|tableau|text classification
Bhargav Nair 2274,nlp_engineer,Intern,full,cloud|natural language processing|numpy|pytorch|text classification
Ishaan Desai,data_analyst,Intern,mixed,excel|python|sql|tableau
Charu Ghosh 2276,backend_developer,Senior,abbr,git|java|kubernetes|postgresql|python|rest api|spring boot|sql
Nisha Nair,frontend_developer,Mid,abbr,git|html/css|react
Qamar Naidu 2278,devops_engineer,Junior,mixed,ci/cd|cloud|docker|kubernetes
Sanjay Krishnan 2279,data_engineer,Junior,abbr,cloud|data analysis|docker|postgresql|python
Sneha Balan 2280,ml_engineer,Junior,abbr,deep learning|docker|machine learning|natural language processing|postgresql|scikit-learn|sql|tensorflow
Nisha Bhatt,data_scientist,Senior,mixed,cloud|data analysis|machine learning|pandas|python|sql|statistics
Omkar Joshi,nlp_engineer,Intern,full,deep learning|python|pytorch
Divya Gupta 2283,data_analyst,Intern,abbr,data analysis|power bi|statistics|tableau
Siddharth Kulkarni 2284,backend_developer,Intern,full,postgresql|rest api|sql
Parvati Kumar 2285,frontend_developer,Mid,abbr,git|html/css|javascript|node.js|sql
Neha Varma 2286,devops_engineer,Intern,full,ci/cd|cloud|git|kubernetes|spring boot
Rohan Kumar 2287,data_engineer,Junior,full,docker|kubernetes|postgresql|python|sql
Chetan Hegde 2288,ml_engineer,Mid,abbr,deep learning|java|machine learning|python|pytorch|scikit-learn
Ravi Rao 2289,data_scientist,Senior,abbr,data analysis|machine learning|pandas|python|sql|statistics
Rohan Gupta,nlp_engineer,Junior,mixed,cloud|deep learning|docker|machine learning|python|pytorch|react|text classification
Rahul Subramanian 2291,data_analyst,Senior,mixed,data analysis|excel|power bi|sql|statistics|tableau
Sameer Verma 2292,backend_developer,Senior,mixed,docker|java|kubernetes|mongodb|postgresql|python|rest api|spring boot|sql|tableau
Gaurav Desai,frontend_developer,Mid,mixed,git|html/css|react|rest api
Tanvi Patel 2294,devops_engineer,Mid,full,ci/cd|cloud|docker|linux|mongodb
Sameer Dubey 2295,data_engineer,Junior,mixed,docker|pandas|postgresql|python|sql|tableau
Shreya Kaur 2296,ml_engineer,Junior,abbr,computer vision|deep learning|docker|machine learning|python|tensorflow
Rohan Pillai 2297,data_scientist,Junior,mixed,data analysis|deep learning|machine learning|pytorch|sql|statistics|tensorflow
Ishaan Patel,nlp_engineer,Intern,mixed,deep learning|python|pytorch
Aditi Patel,data_analyst,Junior,mixed,deep learning|excel|numpy|postgresql|power bi|sql|statistics|tableau
Ramya Krishnan,backend_developer,Intern,mixed,docker|java|linux|rest api|sql|tableau
Aditi Venkatesh,frontend_developer,Intern,full,html/css|javascript
Aditi Malhotra,devops_engineer,Mid,mixed,ci/cd|cloud|docker|git|linux
Priya Raghavan 2303,data_engineer,Senior,abbr,cloud|docker|machine learning|postgresql|python|sql
Lalita Raghavan 2304,ml_engineer,Junior,abbr,deep learning|machine learning|python|sql|tensorflow
Rahul Nambiar 2305,data_scientist,Intern,mixed,machine learning|sql|statistics
Nandini Verma 2306,nlp_engineer,Intern,abbr,deep learning|machine learning|python|scikit-learn|text classification
Kavya Rao,data_analyst,Senior,abbr,data analysis|excel|pandas|power bi|python|sql|tableau
Sameer Hegde,backend_developer,Intern,mixed,rest api|spring boot|sql
Sahana Agarwal 2309,frontend_developer,Junior,abbr,git|html/css|react
Yash Gupta 2310,devops_engineer,Intern,full,ci/cd|cloud|docker|power bi
Sameer Patel,data_engineer,Junior,full,cloud|docker|postgresql|sql
Rajesh Chopra 2312,ml_engineer,Mid,full,computer vision|deep learning|machine learning|mongodb|natural language processing|numpy|pandas|pytorch|scikit-learn|statistics|tensorflow
Jatin Menon 2313,data_scientist,Mid,mixed,data analysis|machine learning|python|scikit-learn|sql|statistics|tableau|text classification
Rajesh Hegde,nlp_engineer,Mid,full,natural language processing|python|pytorch|text classification
Vishal Rao,data_analyst,Senior,full,data analysis|excel|power bi|python|sql|tableau
Shreya Nambiar,backend_developer,Mid,full,java|postgresql|rest api|sql
Yash Venkatesh 2317,frontend_developer,Junior,abbr,docker|html/css|javascript|linux|mongodb|react
Qamar Joshi 2318,devops_engineer,Senior,abbr,ci/cd|cloud|docker|git|kubernetes|linux
Aarav Pillai 2319,data_engineer,Junior,mixed,cloud|docker|linux|numpy|python|sql
Dhruv Ghosh 2320,ml_engineer,Intern,mixed,machine learning|natural language processing|pytorch|sql|tensorflow
Naveen Rao 2321,data_scientist,Intern,abbr,ci/cd|numpy|pandas|scikit-learn|sql|statistics
Pooja Verma 2322,nlp_engineer,Mid,mixed,docker|natural language processing|numpy|python|pytorch|scikit-learn|text classification
Ishaan Rao,data_analyst,Junior,full,data analysis|excel|java|postgresql|power bi|sql
Mohit Dubey,backend_developer,Intern,mixed,kubernetes|linux|postgresql|rest api|spring boot
Nikhil Balan 2325,frontend_developer,Mid,full,html/css|javascript|node.js|react|sql
Ramya Mehta 2326,devops_engineer,Intern,abbr,ci/cd|docker|javascript|linux|react
Sameer Varma 2327,data_engineer,Mid,full,ci/cd|cloud|linux|pandas|postgresql|python|sql
Anjali Varma,ml_engineer,Mid,abbr,cloud|data analysis|deep learning|machine learning|pytorch|scikit-learn|statistics|tensorflow
Pallavi Tiwari 2329,data_scientist,Intern,mixed,machine learning|pandas|python
Darshan Chandran 2330,nlp_engineer,Intern,mixed,deep learning|natural language processing|python|pytorch|sql
Hema Nambiar,data_analyst,Mid,abbr,cloud|data analysis|numpy|power bi|sql|statistics|tableau
Tanvi Gupta 2332,backend_developer,Intern,mixed,java|mongodb|python|spring boot|sql
Parvati Kulkarni,frontend_developer,Mid,mixed,git|javascript|react
Chetan Balan 2334,devops_engineer,Mid,full,cloud|docker|html/css|kubernetes|linux|rest api
Rhea Sharma 2335,data_engineer,Junior,full,cloud|docker|python|sql
Pranav Chandran 2336,ml_engineer,Senior,abbr,deep learning|docker|machine learning|natural language processing|python|pytorch|scikit-learn|sql|statistics|tensorflow
Sanjay Krishnan 2337,data_scientist,Senior,abbr,data analysis|machine learning|pandas|python|pytorch|scikit-learn|sql|statistics|tensorflow|text classification
Esha Iyer 2338,nlp_engineer,Intern,mixed,artificial intelligence|deep learning|docker|html/css|python|pytorch
Ravi Singh 2339,data_analyst,Junior,mixed,data analysis|excel|python|sql|statistics|tableau
Tarun Rao,backend_developer,Mid,full,docker|linux|postgresql|python|rest api|spring boot|sql
Rohan Sharma 2341,frontend_developer,Junior,mixed,git|html/css|node.js|react
Aditi Singh,devops_engineer,Mid,full,cloud|docker|git|kubernetes|linux|machine learning|postgresql
Qamar Iyer 2343,data_engineer,Junior,abbr,ci/cd|cloud|pandas|postgresql|python|sql
Naveen Verma 2344,ml_engineer,Junior,full,cloud|computer vision|deep learning|machine learning|python|scikit-learn
Sameer Naidu 2345,data_scientist,Senior,mixed,data analysis|deep learning|machine learning|pandas|python|scikit-learn|sql|statistics
Siddharth Ghosh 2346,nlp_engineer,Mid,mixed,ci/cd|natural language processing|pandas|python|pytorch|text classification
Ganesh Malhotra 2347,data_analyst,Senior,full,data analysis|excel|power bi|sql|tableau
Dhruv Saxena 2348,backend_developer,Mid,mixed,java|rest api|scikit-learn|spring boot|sql
Farhan Dubey 2349,frontend_developer,Mid,mixed,docker|git|javascript|node.js|react
Vinay Subramanian 2350,devops_engineer,Mid,mixed,ci/cd|docker|kubernetes|linux
Vidya Chandran 2351,data_engineer,Mid,full,ci/cd|cloud|docker|linux|mongodb|postgresql|python
Siddharth Kapoor 2352,ml_engineer,Junior,abbr,deep learning|kubernetes|machine learning|mongodb|natural language processing|numpy|pytorch|scikit-learn|sql
Chetan Shetty,data_scientist,Mid,abbr,data analysis|machine learning|pandas|power bi|python|sql
Indira Mehta 2354,nlp_engineer,Junior,mixed,cloud|deep learning|natural language processing|python|text classification
Trisha Desai,data_analyst,Intern,abbr,data analysis|numpy|sql|tableau
Vidya Joshi 2356,backend_developer,Junior,mixed,ci/cd|docker|java|pandas|postgresql|python|rest api|sql
Uma Desai,frontend_developer,Intern,abbr,html/css|react
Aditi Raghavan 2358,devops_engineer,Mid,mixed,cloud|docker|git|kubernetes|linux|postgresql
Rhea Kumar 2359,data_engineer,Mid,mixed,cloud|deep learning|docker|mongodb|pandas|postgresql|python|sql
Parvati Nair,ml_engineer,Junior,abbr,deep learning|natural language processing|numpy|pandas|python|scikit-learn|tensorflow
Gaurav Kulkarni,data_scientist,Junior,abbr,data analysis|machine learning|python|sql|tableau
Ravi Agarwal 2362,nlp_engineer,Intern,abbr,ci/cd|git|natural language processing|python|pytorch|scikit-learn
Vinay Shetty 2363,data_analyst,Junior,abbr,excel|power bi|python|sql|statistics|tableau
Rakesh Verma,backend_developer,Senior,abbr,docker|git|java|kubernetes|mongodb|postgresql|rest api|spring boot|sql
Vinay Raghavan 2365,frontend_developer,Junior,mixed,docker|git|html/css|javascript|linux
Sonal Kumar,devops_engineer,Intern,abbr,ci/cd|kubernetes|linux|postgresql
Charu Varma,data_engineer,Intern,mixed,deep learning|docker|linux|mongodb|postgresql|sql
Sneha Balan 2368,ml_engineer,Intern,abbr,cloud|computer vision|html/css|javascript|python|pytorch|sql|tensorflow
Aniket Prasad 2369,data_scientist,Mid,abbr,data analysis|deep learning|pandas|python|scikit-learn|sql|statistics
Ritu Sharma 2370,nlp_engineer,Intern,mixed,deep learning|machine learning|natural language processing|python
Rohan Shetty,data_analyst,Mid,mixed,data analysis|excel|pandas|sql|statistics|tableau
Indira Reddy 2372,backend_developer,Senior,mixed,java|kubernetes|linux|mongodb|postgresql|rest api|spring boot|sql
Ramya Subramanian 2373,frontend_developer,Senior,full,computer vision|git|html/css|javascript|react|tensorflow
Rahul Gupta,devops_engineer,Junior,full,cloud|docker|git|kubernetes|linux|python
Sneha Dubey 2375,data_engineer,Senior,abbr,cloud|docker|postgresql|python|sql
Tanvi Nambiar 2376,ml_engineer,Mid,mixed,deep learning|machine learning|pytorch|scikit-learn|tensorflow|text classification
Aniket Desai 2377,data_scientist,Mid,full,data analysis|machine learning|numpy|pandas|python|sql|statistics|text classification
Varun Verma 2378,nlp_engineer,Senior,full,deep learning|docker|natural language processing|python|pytorch|text classification
Jaya Dubey 2379,data_analyst,Senior,full,data analysis|excel|kubernetes|mongodb|pandas|power bi|python|sql|tableau
Neha Agarwal 2380,backend_developer,Mid,abbr,docker|java|postgresql|python|rest api|spring boot|sql
Sonal Menon,frontend_developer,Intern,mixed,docker|git|javascript
Yash Singh 2382,devops_engineer,Junior,abbr,ci/cd|cloud|docker|java|kubernetes|linux|pandas|python
Suresh Nair 2383,data_engineer,Mid,mixed,cloud|docker|kubernetes|linux|postgresql|python
Siddharth Venkatesh 2384,ml_engineer,Senior,mixed,deep learning|machine learning|python|pytorch|scikit-learn|statistics|tensorflow
Vinay Mehta 2385,data_scientist,Mid,full,cloud|data analysis|deep learning|java|machine learning|numpy|pandas|python|scikit-learn|sql
Aniket Nambiar 2386,nlp_engineer,Intern,full,deep learning|python|text classification
Rahul Mehta 2387,data_analyst,Junior,abbr,cloud|data analysis|excel|python|sql|tableau
Bhargav Iyer,backend_developer,Junior,mixed,git|java|linux|postgresql|spring boot|sql|statistics
Vidya Chopra,frontend_developer,Intern,full,docker|git|html/css
Rahul Tiwari 2390,devops_engineer,Senior,full,ci/cd|cloud|docker|git|kubernetes|linux|python
Uma Prasad 2391,data_engineer,Senior,mixed,ci/cd|cloud|docker|kubernetes|linux|postgresql|python|sql
Farhan Singh 2392,ml_engineer,Intern,full,deep learning|pytorch|scikit-learn|sql
Shreya Verma 2393,data_scientist,Intern,mixed,computer vision|pandas|python|statistics
Gaurav Iyer 2394,nlp_engineer,Junior,full,deep learning|docker|natural language processing|numpy|python|pytorch|scikit-learn
Ramya Kaur 2395,data_analyst,Senior,full,data analysis|docker|excel|pandas|postgresql|power bi|sql|tableau
Naveen Chopra 2396,backend_developer,Junior,full,java|mongodb|postgresql|python|spring boot|sql
Darshan Singh 2397,frontend_developer,Junior,mixed,git|html/css|javascript|node.js
Harini Iyer 2398,devops_engineer,Senior,mixed,ci/cd|cloud|docker|git|kubernetes|linux|postgresql|sql
Jatin Saxena,data_engineer,Senior,abbr,cloud|docker|git|java|kubernetes|mongodb|postgresql|python|sql
Ganesh Kulkarni,ml_engineer,Junior,abbr,deep learning|docker|machine learning|python|scikit-learn|statistics
Zoya Nambiar,data_scientist,Senior,full,data analysis|deep learning|machine learning|pandas|power bi|python|rest api|sql|statistics|tableau
Vikram Hegde 2402,nlp_engineer,Senior,full,artificial intelligence|cloud|deep learning|natural language processing|numpy|python|pytorch|text classification
Qamar Jain 2403,data_analyst,Intern,mixed,data analysis|pandas|sql|tableau
Divya Ghosh 2404,backend_developer,Intern,full,docker|java|javascript|python|spring boot|sql
Tarun Joshi,frontend_developer,Senior,full,git|html/css|javascript|numpy|python|react|rest api
Jaya Ghosh 2406,devops_engineer,Junior,full,ci/cd|cloud|docker|kubernetes
Ramya Mehta 2407,data_engineer,Mid,mixed,ci/cd|cloud|docker|linux|python|sql
Vikram Mehta 2408,ml_engineer,Mid,mixed,computer vision|deep learning|docker|machine learning|numpy|python|pytorch|rest api|sql|tensorflow
Charu Agarwal 2409,data_scientist,Junior,mixed,data analysis|docker|machine learning|mongodb|scikit-learn|sql|statistics
Manish Subramanian 2410,nlp_engineer,Intern,full,python|pytorch|text classification
Trisha Reddy 2411,data_analyst,Intern,full,kubernetes|power bi|sql|tableau
Rakesh Mehta 2412,backend_developer,Senior,mixed,docker|git|java|kubernetes|postgresql|python|rest api|spring boot|sql
Farhan Mehta,frontend_developer,Junior,full,html/css|javascript|react
Sanjay Sharma 2414,devops_engineer,Intern,mixed,cloud|kubernetes|linux
Sanjay Ghosh 2415,data_engineer,Senior,mixed,ci/cd|cloud|docker|linux|mongodb|postgresql|python|sql
Farhan Naidu 2416,ml_engineer,Mid,mixed,cloud|computer vision|machine learning|pandas|python|pytorch|scikit-learn|statistics|tensorflow
Udhav Menon,data_scientist,Junior,full,deep learning|machine learning|python|scikit-learn|sql|statistics
Vishal Kapoor 2418,nlp_engineer,Senior,full,artificial intelligence|cloud|deep learning|docker|natural language processing|numpy|python|pytorch|text classification
Aarav Hegde 2419,data_analyst,Intern,abbr,power bi|sql|tableau
Rakesh Menon 2420,backend_developer,Mid,full,java|javascript|linux|postgresql|python|react|rest api|sql
Dhruv Raghavan 2421,frontend_developer,Mid,full,html/css|javascript|node.js|react|rest api
Rhea Menon 2422,devops_engineer,Mid,full,ci/cd|cloud|deep learning|docker|linux|numpy
Pranav Krishnan 2423,data_engineer,Junior,mixed,cloud|docker|kubernetes|postgresql|power bi|sql|statistics
Suresh Kapoor 2424,ml_engineer,Junior,full,machine learning|natural language processing|python|pytorch|tensorflow
Harini Sharma 2425,data_scientist,Junior,mixed,data analysis|deep learning|machine learning|python|statistics|tableau|text classification
Vikram Ghosh 2426,nlp_engineer,Senior,abbr,deep learning|docker|natural language processing|python|pytorch|scikit-learn|text classification
Vidya Deshpande 2427,data_analyst,Mid,full,data analysis|power bi|sql|statistics|tableau
Lakshmi Pillai,backend_developer,Mid,full,java|linux|postgresql|spring boot|sql
Lakshmi Prasad 2429,frontend_developer,Junior,mixed,docker|git|html/css|power bi|react
Tarun Reddy 2430,devops_engineer,Junior,abbr,ci/cd|docker|java|kubernetes|linux|postgresql
Aarav Pillai 2431,data_engineer,Senior,full,cloud|docker|kubernetes|linux|postgresql|python|spring boot|sql
Aditi Mehta 2432,ml_engineer,Senior,mixed,deep learning|git|machine learning|postgresql|python|pytorch|scikit-learn|tensorflow
Udhav Desai,data_scientist,Intern,mixed,data analysis|deep learning|machine learning|power bi|sql
Jaya Rao 2434,nlp_engineer,Intern,mixed,artificial intelligence|deep learning|java|natural language processing|text classification
Anjali Kapoor,data_analyst,Junior,full,excel|power bi|python|sql|tableau
Lakshmi Menon 2436,backend_developer,Senior,mixed,docker|git|java|kubernetes|linux|postgresql|rest api|spring boot|sql
Arjun Kulkarni 2437,frontend_developer,Mid,abbr,git|html/css|javascript|mongodb|rest api
Lalita Agarwal 2438,devops_engineer,Junior,abbr,ci/cd|cloud|docker|git|linux|postgresql
Qamar Agarwal 2439,data_engineer,Senior,abbr,ci/cd|cloud|docker|machine learning|mongodb|pandas|postgresql|python|sql
Vikram Venkatesh 2440,ml_engineer,Intern,mixed,cloud|deep learning|machine learning|pandas|sql|tensorflow
Esha Deshpande,data_scientist,Junior,abbr,data analysis|deep learning|pandas|sql|statistics
Madhav Deshpande 2442,nlp_engineer,Intern,mixed,artificial intelligence|natural language processing|pytorch|text classification
Sanjay Deshpande,data_analyst,Mid,full,data analysis|excel|power bi|sql
Farhan Mehta 2444,backend_developer,Intern,mixed,kubernetes|postgresql|python|rest api|sql
Deepa Kumar,frontend_developer,Junior,mixed,docker|git|javascript|react
Manish Raghavan 2446,devops_engineer,Junior,full,ci/cd|docker|excel|kubernetes|linux
Esha Saxena,data_engineer,Junior,mixed,ci/cd|cloud|docker|python|sql
Tarun Verma 2448,ml_engineer,Senior,mixed,deep learning|docker|machine learning|postgresql|python|pytorch|scikit-learn|sql|statistics|tensorflow
Udhav Ghosh,data_scientist,Mid,abbr,cloud|data analysis|machine learning|numpy|pandas|python|sql|tableau|text classification
Nikhil Kumar 2450,nlp_engineer,Mid,abbr,cloud|deep learning|natural language processing|python|pytorch|tensorflow
Rakesh Nair,data_analyst,Junior,full,data analysis|excel|pandas|python|sql|tableau
Varun Venkatesh 2452,backend_developer,Junior,mixed,java|postgresql|spring boot|sql
Tanvi Varma 2453,frontend_developer,Senior,full,docker|git|html/css|javascript|postgresql|react|rest api|sql
Ishaan Prasad 2454,devops_engineer,Senior,mixed,ci/cd|cloud|docker|kubernetes|linux|postgresql|react
Vinay Reddy 2455,data_engineer,Junior,abbr,cloud|kubernetes|linux|postgresql|python|sql
Rakesh Jain 2456,ml_engineer,Intern,mixed,cloud|deep learning|natural language processing|python|scikit-learn|statistics
Esha Iyer 2457,data_scientist,Junior,abbr,cloud|data analysis|machine learning|pandas|power bi|sql|text classification
Vikram Pillai 2458,nlp_engineer,Mid,mixed,artificial intelligence|cloud|deep learning|machine learning|numpy|python|pytorch|text classification
Rajesh Reddy 2459,data_analyst,Mid,mixed,data analysis|excel|machine learning|power bi|sql|statistics
Varun Balan 2460,backend_developer,Senior,full,java|kubernetes|linux|postgresql|rest api|spring boot|sql
Bhavna Hegde 2461,frontend_developer,Intern,mixed,git|html/css|sql
Omkar Desai,devops_engineer,Mid,full,ci/cd|cloud|docker|git|linux|natural language processing
Rohan Subramanian 2463,data_engineer,Mid,full,docker|kubernetes|mongodb|postgresql|python|sql
Jatin Agarwal 2464,ml_engineer,Intern,full,deep learning|python|pytorch|sql
Sneha Menon,data_scientist,Senior,abbr,data analysis|git|kubernetes|machine learning|pandas|python|sql|statistics
Sonal Reddy 2466,nlp_engineer,Mid,full,cloud|computer vision|natural language processing|python|pytorch|text classification
Aarav Kapoor 2467,data_analyst,Senior,full,data analysis|docker|excel|power bi|sql|tableau
Udhav Joshi 2468,backend_developer,Mid,mixed,docker|java|mongodb|postgresql|rest api|sql
Divya Venkatesh 2469,frontend_developer,Senior,mixed,computer vision|docker|git|html/css|javascript|react|tensorflow
Bhargav Subramanian 2470,devops_engineer,Mid,mixed,ci/cd|cloud|git|java|kubernetes|linux|python|spring boot
Chetan Agarwal 2471,data_engineer,Intern,abbr,cloud|mongodb|pandas|postgresql|python|text classification
Lakshmi Ghosh 2472,ml_engineer,Junior,abbr,deep learning|pandas|python|scikit-learn|tensorflow
Omkar Desai 2473,data_scientist,Senior,mixed,data analysis|machine learning|numpy|pandas|power bi|python|sql|statistics
Rhea Kaur 2474,nlp_engineer,Mid,abbr,deep learning|natural language processing|python|pytorch|react
Swathi Kaur 2475,data_analyst,Intern,full,data analysis|power bi|python|statistics|tableau
Indira Agarwal 2476,backend_developer,Intern,mixed,git|kubernetes|postgresql|rest api|spring boot
Zoya Chopra,frontend_developer,Intern,abbr,git|node.js|react
Tanvi Kapoor 2478,devops_engineer,Intern,full,ci/cd|cloud|kubernetes|python
Vidya Subramanian 2479,data_engineer,Intern,abbr,docker|kubernetes|linux|postgresql|sql
Rhea Joshi 2480,ml_engineer,Intern,mixed,machine learning|python|pytorch
Indira Verma 2481,data_scientist,Mid,full,data analysis|deep learning|docker|pandas|power bi|python|pytorch|sql|statistics
Rohan Balan 2482,nlp_engineer,Junior,mixed,deep learning|natural language processing|pandas|pytorch|text classification
Kavya Prasad 2483,data_analyst,Intern,abbr,excel|power bi|sql
Gaurav Rao 2484,backend_developer,Junior,mixed,git|java|mongodb|postgresql|python|spring boot|sql
Gaurav Desai 2485,frontend_developer,Intern,mixed,git|javascript|rest api|sql
Darshan Prasad,devops_engineer,Intern,mixed,artificial intelligence|ci/cd|cloud|linux
Naveen Venkatesh,data_engineer,Intern,mixed,docker|kubernetes|python|sql
Priya Venkatesh 2488,ml_engineer,Junior,abbr,computer vision|deep learning|docker|python|pytorch|tensorflow
Divya Reddy,data_scientist,Intern,full,data analysis|python|statistics|tableau
Pranav Jain,nlp_engineer,Senior,abbr,deep learning|docker|natural language processing|numpy|python|pytorch|text classification
Hema Menon 2491,data_analyst,Junior,full,data analysis|excel|pandas|power bi|sql
Siddharth Bhatt 2492,backend_developer,Mid,full,docker|kubernetes|linux|postgresql|python|rest api|spring boot|sql
Suresh Saxena 2493,frontend_developer,Junior,abbr,git|html/css|react|rest api
Ishaan Reddy 2494,devops_engineer,Junior,full,ci/cd|cloud|computer vision|java|kubernetes|linux
Sahana Deshpande 2495,data_engineer,Junior,abbr,cloud|docker|python|sql
Tanvi Agarwal 2496,ml_engineer,Mid,mixed,deep learning|machine learning|mongodb|python|pytorch|scikit-learn
Priya Chopra 2497,data_scientist,Mid,full,cloud|data analysis|machine learning|numpy|pandas|power bi|python|sql|tableau
Pallavi Jain 2498,nlp_engineer,Intern,full,natural language processing|python|pytorch
Sanjay Pillai 2499,data_analyst,Intern,mixed,excel|linux|sql|tableau
Jaya Gupta,backend_developer,Senior,full,docker|java|kubernetes|linux|postgresql|rest api|spring boot|sql
Nisha Varma 2501,frontend_developer,Intern,mixed,data analysis|javascript|react|rest api
Jatin Bhatt,devops_engineer,Senior,abbr,ci/cd|cloud|docker|kubernetes|linux
Lakshmi Patel 2503,data_engineer,Mid,abbr,cloud|docker|linux|mongodb|pandas|postgresql|sql
Varun Prasad 2504,ml_engineer,Mid,abbr,deep learning|docker|machine learning|numpy|python|pytorch|scikit-learn|statistics
Bhavna Ghosh 2505,data_scientist,Mid,mixed,cloud|data analysis|deep learning|excel|machine learning|pandas|power bi|sql|statistics|tableau
Abhay Subramanian,nlp_engineer,Intern,full,data analysis|deep learning|excel|natural language processing|numpy|pytorch
Yamini Sharma 2507,data_analyst,Intern,abbr,data analysis|excel|sql
Bhavna Kapoor 2508,backend_developer,Junior,full,docker|java|postgresql|python|rest api|sql|statistics
Swathi Chopra,frontend_developer,Senior,abbr,cloud|git|html/css|javascript|react|sql
Charu Varma 2510,devops_engineer,Mid,full,ci/cd|cloud|docker|java|linux|python
Rakesh Kulkarni,data_engineer,Intern,full,cloud|docker|python
Varun Gupta 2512,ml_engineer,Senior,mixed,deep learning|machine learning|python|pytorch|scikit-learn|tensorflow|text classification
Lalita Tiwari,data_scientist,Intern,abbr,cloud|data analysis|machine learning|natural language processing|sql
Ravi Kumar,nlp_engineer,Senior,full,deep learning|docker|machine learning|natural language processing|python|pytorch|scikit-learn|text classification
Esha Kumar 2515,data_analyst,Senior,mixed,data analysis|excel|kubernetes|postgresql|power bi|python|sql|tableau
Shreya Hegde 2516,backend_developer,Junior,mixed,java|kubernetes|linux|rest api|spring boot|sql
Hema Tiwari 2517,frontend_developer,Junior,mixed,docker|html/css|javascript|react
Deepa Raghavan 2518,devops_engineer,Mid,abbr,ci/cd|cloud|git|java|kubernetes|linux
Abhay Kumar 2519,data_engineer,Mid,mixed,cloud|docker|linux|mongodb|pandas|postgresql|python
Anjali Nair 2520,ml_engineer,Mid,abbr,ci/cd|deep learning|linux|natural language processing|pandas|python|pytorch|scikit-learn|sql|statistics|tensorflow
Indira Bhatt,data_scientist,Senior,abbr,cloud|data analysis|deep learning|machine learning|pandas|power bi|python|sql|statistics|text classification
Ritu Verma 2522,nlp_engineer,Intern,full,deep learning|javascript|pytorch|text classification
Esha Chopra 2523,data_analyst,Senior,mixed,data analysis|excel|pandas|power bi|python|sql|tableau
Anjali Balan 2524,backend_developer,Junior,mixed,git|java|linux|postgresql|python|rest api|spring boot
Sneha Naidu 2525,frontend_developer,Senior,mixed,cloud|git|html/css|javascript|react
Yamini Nair,devops_engineer,Senior,abbr,ci/cd|cloud|docker|kubernetes|linux|postgresql|tensorflow
Ananya Saxena,data_engineer,Mid,abbr,ci/cd|cloud|deep learning|docker|linux|pandas|python|sql|statistics
Ananya Gupta 2528,ml_engineer,Senior,mixed,deep learning|git|machine learning|python|pytorch|scikit-learn|tensorflow
Sanjay Joshi 2529,data_scientist,Senior,full,cloud|data analysis|machine learning|numpy|pandas|python|scikit-learn|sql|statistics|text classification
Sameer Kumar 2530,nlp_engineer,Junior,abbr,artificial intelligence|deep learning|docker|natural language processing|numpy|python|text classification
Lalita Subramanian 2531,data_analyst,Junior,abbr,data analysis|node.js|pandas|power bi|sql|statistics|tableau
Ananya Nair 2532,backend_developer,Junior,mixed,docker|git|java|mongodb|postgresql|spring boot|sql
Meera Kulkarni 2533,frontend_developer,Mid,abbr,html/css|javascript|machine learning|pandas|react
Nisha Chandran 2534,devops_engineer,Senior,abbr,ci/cd|cloud|docker|git|kubernetes|linux|postgresql
Kabir Nambiar 2535,data_engineer,Junior,abbr,ci/cd|cloud|docker|mongodb|postgresql|python
Sahana Prasad,ml_engineer,Mid,full,computer vision|deep learning|machine learning|python|pytorch|statistics|tensorflow
Darshan Hegde,data_scientist,Intern,full,data analysis|kubernetes|machine learning|pandas|text classification
Madhav Malhotra 2538,nlp_engineer,Mid,abbr,cloud|natural language processing|python|pytorch|text classification
Jaya Mehta 2539,data_analyst,Mid,abbr,data analysis|excel|power bi|sql
Rohan Prasad,backend_developer,Mid,mixed,kubernetes|mongodb|postgresql|python|rest api|spring boot|sql
Ramya Kumar 2541,frontend_developer,Senior,abbr,git|html/css|javascript|react|rest api
Rahul Deshpande 2542,devops_engineer,Junior,abbr,ci/cd|cloud|docker|kubernetes|python
Deepa Chopra 2543,data_engineer,Junior,full,cloud|docker|pandas|python|sql
Deepa Chopra 2544,ml_engineer,Senior,mixed,computer vision|deep learning|machine learning|pandas|python|pytorch|scikit-learn|sql|tableau|tensorflow
Trisha Malhotra 2545,data_scientist,Mid,mixed,docker|machine learning|pandas|power bi|python|sql|statistics|text classification
Yamini Subramanian 2546,nlp_engineer,Junior,abbr,artificial intelligence|natural language processing|python|pytorch|sql|text classification
Harini Agarwal 2547,data_analyst,Mid,mixed,data analysis|excel|postgresql|python|sql|tableau
Lakshmi Varma 2548,backend_developer,Intern,mixed,git|java|python|rest api|spring boot
Kavya Kapoor 2549,frontend_developer,Intern,mixed,computer vision|javascript|react
Jatin Kumar 2550,devops_engineer,Junior,mixed,ci/cd|cloud|docker|java|linux
Ishaan Naidu 2551,data_engineer,Junior,mixed,cloud|docker|pandas|python|sql
Kabir Naidu 2552,ml_engineer,Intern,full,deep learning|numpy|power bi|python|pytorch
Kabir Patel 2553,data_scientist,Intern,mixed,data analysis|deep learning|machine learning|pandas
Yash Kumar,nlp_engineer,Mid,abbr,deep learning|machine learning|natural language processing|python|scikit-learn|text classification
Aniket Deshpande,data_analyst,Intern,abbr,data analysis|excel|sql|statistics
Bhavna Mehta 2556,backend_developer,Junior,abbr,docker|java|kubernetes|mongodb|rest api|spring boot|sql
Nisha Sharma 2557,frontend_developer,Intern,mixed,git|javascript|node.js
Qamar Saxena 2558,devops_engineer,Intern,abbr,ci/cd|data analysis|kubernetes|linux|python
Tanvi Venkatesh 2559,data_engineer,Mid,abbr,cloud|docker|linux|python|sql
Aditi Iyer 2560,ml_engineer,Intern,full,deep learning|docker|natural language processing|pandas|python|scikit-learn
Lalita Nair 2561,data_scientist,Mid,abbr,machine learning|pandas|python|sql|statistics
Bhargav Saxena 2562,nlp_engineer,Senior,mixed,artificial intelligence|cloud|deep learning|machine learning|natural language processing|numpy|python|pytorch|text classification
Yash Balan,data_analyst,Intern,abbr,data analysis|docker|pandas|power bi|tableau
Bhargav Nair 2564,backend_developer,Mid,abbr,java|rest api|spring boot|sql
Siddharth Balan 2565,frontend_developer,Senior,abbr,git|html/css|javascript|react
Varun Kapoor 2566,devops_engineer,Senior,mixed,ci/cd|cloud|docker|kubernetes|linux|postgresql|python
Ishaan Malhotra 2567,data_engineer,Senior,mixed,cloud|docker|linux|pandas|postgresql|python|sql
Swathi Bhatt,ml_engineer,Intern,full,python|pytorch|scikit-learn
Kavya Iyer,data_scientist,Senior,full,data analysis|deep learning|machine learning|numpy|pandas|python|scikit-learn|sql|statistics
Udhav Kapoor,nlp_engineer,Junior,full,natural language processing|python|pytorch|text classification
Yash Prasad 2571,data_analyst,Senior,full,data analysis|excel|postgresql|power bi|sql|statistics|tableau
Abhay Menon,backend_developer,Senior,mixed,java|kubernetes|linux|postgresql|rest api|spring boot|sql
Qamar Kaur 2573,frontend_developer,Senior,full,deep learning|docker|git|html/css|javascript|node.js|react
Anjali Bhatt,devops_engineer,Intern,abbr,docker|kubernetes|linux
Zoya Iyer 2575,data_engineer,Junior,abbr,ci/cd|cloud|docker|postgresql|python|sql|statistics
Tarun Menon,ml_engineer,Junior,abbr,cloud|deep learning|machine learning|postgresql|python|pytorch|spring boot
Neha Kumar 2577,data_scientist,Mid,full,data analysis|excel|pandas|python|scikit-learn|sql|statistics
Vishal Varma 2578,nlp_engineer,Intern,mixed,computer vision|natural language processing|python|sql|text classification
Akash Deshpande 2579,data_analyst,Junior,mixed,data analysis|docker|excel|pandas|power bi|sql|tableau
Nisha Joshi 2580,backend_developer,Junior,mixed,ci/cd|docker|postgresql|rest api|spring boot|sql
Siddharth Chandran 2581,frontend_developer,Senior,mixed,git|html/css|javascript|react|rest api
Meera Subramanian,devops_engineer,Junior,full,ci/cd|docker|kubernetes|linux
Priya Joshi,data_engineer,Mid,mixed,cloud|docker|postgresql|python
Meera Krishnan 2584,ml_engineer,Intern,mixed,cloud|deep learning|linux|machine learning|numpy|sql|statistics|tensorflow
Darshan Mehta 2585,data_scientist,Junior,mixed,data analysis|machine learning|python|sql
Jatin Gupta 2586,nlp_engineer,Senior,full,cloud|deep learning|machine learning|natural language processing|python|pytorch|tensorflow|text classification
Vikram Varma 2587,data_analyst,Intern,mixed,data analysis|sql|tableau
Uma Iyer 2588,backend_developer,Mid,full,java|postgresql|rest api|sql
Rakesh Prasad,frontend_developer,Junior,full,cloud|docker|git|html/css|javascript
Rakesh Malhotra 2590,devops_engineer,Junior,mixed,ci/cd|docker|kubernetes|linux
Nisha Pillai,data_engineer,Intern,mixed,ci/cd|docker|kubernetes|postgresql|sql
Rhea Kumar 2592,ml_engineer,Intern,mixed,machine learning|scikit-learn|tensorflow
Pooja Naidu,data_scientist,Mid,mixed,data analysis|deep learning|machine learning|power bi|python|scikit-learn|sql|statistics|text classification
Ganesh Saxena 2594,nlp_engineer,Mid,full,artificial intelligence|machine learning|natural language processing|python|pytorch|text classification
Manish Raghavan 2595,data_analyst,Senior,abbr,data analysis|excel|power bi|sql|tableau
Nisha Dubey 2596,backend_developer,Mid,full,docker|java|kubernetes|postgresql|python|spring boot|sql
Udhav Ghosh 2597,frontend_developer,Senior,abbr,git|html/css|javascript|node.js|pandas|react|scikit-learn
Manish Prasad 2598,devops_engineer,Senior,abbr,ci/cd|cloud|docker|kubernetes|linux|postgresql|python
Sanjay Krishnan 2599,data_engineer,Mid,full,cloud|kubernetes|machine learning|mongodb|postgresql|python|sql
Akash Ghosh 2600,ml_engineer,Junior,full,machine learning|mongodb|pandas|python|pytorch|scikit-learn
Abhay Kapoor,data_scientist,Intern,mixed,data analysis|deep learning|postgresql|scikit-learn|sql|statistics
Aarav Tiwari 2602,nlp_engineer,Mid,mixed,deep learning|docker|machine learning|natural language processing|python|scikit-learn|text classification
Nisha Chandran 2603,data_analyst,Senior,full,data analysis|excel|power bi|sql|tableau
Kabir Kulkarni,backend_developer,Senior,full,git|java|mongodb|postgresql|rest api|spring boot|sql
Parvati Prasad 2605,frontend_developer,Senior,full,docker|git|html/css|javascript|node.js|react
Pooja Varma,devops_engineer,Intern,mixed,ci/cd|kubernetes|linux|postgresql
Ishaan Kumar,data_engineer,Junior,full,ci/cd|cloud|java|pandas|postgresql|python|sql
Anjali Subramanian 2608,ml_engineer,Mid,mixed,deep learning|kubernetes|linux|machine learning|numpy|pandas|python|scikit-learn|tensorflow
Nikhil Mehta,data_scientist,Senior,mixed,cloud|data analysis|docker|machine learning|numpy|pandas|python|scikit-learn|sql|statistics|text classification
Rahul Naidu 2610,nlp_engineer,Senior,full,deep learning|docker|natural language processing|numpy|python|pytorch|scikit-learn|text classification
Yamini Bhatt 2611,data_analyst,Intern,abbr,docker|excel|rest api|sql|tableau
Bhargav Prasad,backend_developer,Mid,mixed,java|rest api|spring boot|sql
Ritu Pillai,frontend_developer,Senior,abbr,docker|excel|git|html/css|javascript|react|rest api
Sahana Patel,devops_engineer,Junior,mixed,ci/cd|docker|kubernetes|linux
Indira Hegde 2615,data_engineer,Senior,full,cloud|docker|linux|mongodb|pandas|postgresql|python|sql
Tarun Kapoor 2616,ml_engineer,Intern,mixed,natural language processing|python|pytorch|tensorflow
Bhavna Reddy,data_scientist,Senior,full,cloud|data analysis|machine learning|numpy|pandas|power bi|python|sql|statistics|text classification
Bhavna Subramanian 2618,nlp_engineer,Intern,mixed,deep learning|docker|natural language processing|numpy|pytorch
Aniket Chopra,data_analyst,Intern,abbr,excel|power bi|tableau
Bhavna Joshi 2620,backend_developer,Junior,abbr,docker|git|java|postgresql|rest api|sql
Ramya Agarwal 2621,frontend_developer,Junior,full,git|javascript|react|rest api
Nisha Iyer 2622,devops_engineer,Intern,mixed,ci/cd|cloud|kubernetes|linux|postgresql|sql
Naveen Menon 2623,data_engineer,Senior,abbr,cloud|docker|kubernetes|linux|mongodb|postgresql|python|sql
Uma Malhotra 2624,ml_engineer,Intern,mixed,cloud|deep learning|machine learning|numpy|pytorch|statistics
Sneha Desai 2625,data_scientist,Mid,mixed,data analysis|deep learning|machine learning|numpy|pandas|python|sql|statistics|tableau
Dhruv Gupta 2626,nlp_engineer,Senior,mixed,deep learning|natural language processing|python|pytorch|text classification
Sahana Chandran 2627,data_analyst,Junior,full,data analysis|docker|java|postgresql|power bi|sql|tableau
Ananya Singh 2628,backend_developer,Senior,mixed,git|java|mongodb|postgresql|rest api|spring boot|sql
Udhav Agarwal 2629,frontend_developer,Intern,full,git|html/css
Deepa Joshi,devops_engineer,Junior,abbr,ci/cd|cloud|docker|kubernetes
Ishaan Mehta 2631,data_engineer,Senior,full,cloud|docker|linux|postgresql|python|sql
Aarav Singh 2632,ml_engineer,Junior,abbr,deep learning|docker|machine learning|python|tensorflow
Tanvi Dubey 2633,data_scientist,Senior,mixed,data analysis|machine learning|pandas|python|sql|statistics|tableau
Ramya Ghosh 2634,nlp_engineer,Mid,full,cloud|docker|machine learning|natural language processing|node.js|python|pytorch|text classification
Harini Kumar,data_analyst,Mid,abbr,data analysis|excel|pandas|postgresql|power bi|tableau
Lakshmi Rao,backend_developer,Intern,abbr,docker|java|kubernetes|postgresql|sql
Vishal Verma 2637,frontend_developer,Mid,full,git|html/css|javascript
Nisha Kulkarni 2638,devops_engineer,Intern,mixed,cloud|docker|linux|python
Varun Kaur 2639,data_engineer,Junior,mixed,cloud|docker|postgresql|sql
Meera Krishnan 2640,ml_engineer,Senior,mixed,deep learning|machine learning|natural language processing|numpy|python|pytorch|scikit-learn|sql|statistics|tensorflow
Lalita Menon,data_scientist,Mid,mixed,data analysis|pandas|python|scikit-learn|sql|statistics|tableau|text classification
Shreya Chopra,nlp_engineer,Senior,abbr,artificial intelligence|cloud|deep learning|natural language processing|node.js|numpy|python|pytorch|rest api|text classification
Yash Rao,data_analyst,Mid,full,data analysis|power bi|sql|tableau
Ganesh Chopra 2644,backend_developer,Senior,abbr,java|kubernetes|linux|postgresql|rest api|spring boot|sql
Rajesh Raghavan 2645,frontend_developer,Mid,mixed,git|html/css|react|rest api
Kavya Sharma 2646,devops_engineer,Mid,mixed,ci/cd|cloud|docker|git|kubernetes|postgresql|sql
Kavya Kumar 2647,data_engineer,Junior,mixed,cloud|docker|postgresql|sql
Ananya Deshpande 2648,ml_engineer,Mid,full,deep learning|machine learning|node.js|numpy|python|scikit-learn|statistics|tensorflow
Uma Hegde,data_scientist,Mid,full,data analysis|machine learning|pandas|python|statistics
Esha Saxena 2650,nlp_engineer,Intern,mixed,artificial intelligence|python|pytorch|text classification
Pallavi Agarwal 2651,data_analyst,Mid,abbr,data analysis|excel|numpy|power bi|sql
Swathi Saxena 2652,backend_developer,Mid,abbr,postgresql|rest api|spring boot|sql
Qamar Ghosh 2653,frontend_developer,Intern,mixed,html/css|react
Uma Agarwal 2654,devops_engineer,Mid,full,ci/cd|cloud|deep learning|kubernetes|linux|python
Shreya Iyer 2655,data_engineer,Senior,mixed,ci/cd|cloud|docker|linux|postgresql|python|scikit-learn|sql
Ramya Krishnan 2656,ml_engineer,Intern,mixed,computer vision|deep learning|pytorch|scikit-learn
Madhav Reddy 2657,data_scientist,Junior,abbr,data analysis|machine learning|pandas|python
Arjun Mehta 2658,nlp_engineer,Intern,mixed,deep learning|natural language processing|postgresql|python
Hema Balan 2659,data_analyst,Mid,abbr,data analysis|power bi|sql|tableau
Naveen Kumar,backend_developer,Mid,mixed,java|postgresql|spring boot|sql
Jatin Tiwari,frontend_developer,Senior,abbr,docker|git|html/css|javascript|react
Bhavna Bhatt 2662,devops_engineer,Mid,full,ci/cd|cloud|docker|kubernetes|linux|python
Parvati Kulkarni 2663,data_engineer,Junior,mixed,cloud|docker|git|kubernetes|linux|python|react|sql
Divya Kapoor 2664,ml_engineer,Mid,abbr,deep learning|docker|machine learning|natural language processing|numpy|pandas|python|scikit-learn|sql|tensorflow
Omkar Singh 2665,data_scientist,Intern,mixed,deep learning|java|pandas|postgresql|sql|statistics
Vikram Dubey 2666,nlp_engineer,Senior,full,cloud|deep learning|machine learning|natural language processing|python|pytorch|text classification
Charu Varma 2667,data_analyst,Senior,full,data analysis|excel|power bi|sql|tableau
Divya Naidu,backend_developer,Mid,mixed,git|java|linux|mongodb|postgresql|rest api|sql|text classification
Anjali Mehta,frontend_developer,Junior,full,git|html/css|react
Deepa Krishnan 2670,devops_engineer,Junior,abbr,ci/cd|cloud|kubernetes|linux|pandas|python|tableau
Shreya Iyer 2671,data_engineer,Intern,full,ci/cd|cloud|pandas|postgresql|python
Lakshmi Raghavan 2672,ml_engineer,Junior,abbr,cloud|deep learning|machine learning|pytorch|sql|tensorflow|text classification
Mohit Venkatesh,data_scientist,Mid,mixed,machine learning|pandas|python|sql|statistics
Suresh Deshpande,nlp_engineer,Intern,mixed,artificial intelligence|docker|natural language processing|python|pytorch|rest api
Neha Bhatt 2675,data_analyst,Junior,mixed,data analysis|excel|git|postgresql|power bi|sql|statistics
Mohit Deshpande 2676,backend_developer,Senior,mixed,git|java|linux|postgresql|rest api|spring boot|sql
Sahana Mehta,frontend_developer,Intern,mixed,html/css|javascript|python
Ganesh Singh 2678,devops_engineer,Junior,abbr,ci/cd|docker|kubernetes|linux
Anjali Desai 2679,data_engineer,Mid,abbr,cloud|docker|postgresql|sql
Uma Pillai,ml_engineer,Mid,full,cloud|deep learning|machine learning|natural language processing|python|pytorch|tensorflow
Siddharth Sharma,data_scientist,Junior,mixed,data analysis|machine learning|numpy|sql|statistics
Esha Iyer 2682,nlp_engineer,Junior,mixed,deep learning|docker|python|pytorch|text classification
Shreya Balan,data_analyst,Senior,abbr,data analysis|excel|pandas|power bi|python|sql|tableau
Sahana Krishnan,backend_developer,Mid,abbr,linux|postgresql|rest api|spring boot|sql
Aditi Singh 2685,frontend_developer,Junior,mixed,git|html/css|javascript
Uma Raghavan 2686,devops_engineer,Intern,full,ci/cd|kubernetes|linux
Vishal Verma 2687,data_engineer,Senior,mixed,ci/cd|cloud|docker|postgresql|python|sql
Madhav Iyer 2688,ml_engineer,Senior,abbr,cloud|computer vision|deep learning|machine learning|natural language processing|python|pytorch|scikit-learn|sql|statistics|tensorflow
Akash Venkatesh 2689,data_scientist,Intern,mixed,cloud|data analysis|machine learning|power bi|sql|statistics|text classification
Divya Hegde,nlp_engineer,Junior,mixed,cloud|deep learning|docker|natural language processing|python|text classification
Ganesh Dubey 2691,data_analyst,Senior,full,data analysis|excel|git|pandas|power bi|python|react|sql|tableau
Neha Prasad 2692,backend_developer,Senior,mixed,java|postgresql|python|rest api|spring boot|sql
Ganesh Varma 2693,frontend_developer,Mid,abbr,git|javascript|node.js|react|rest api
Vinay Agarwal,devops_engineer,Intern,abbr,ci/cd|cloud|kubernetes|tableau
Gaurav Subramanian 2695,data_engineer,Intern,abbr,cloud|docker|mongodb|scikit-learn|sql|text classification
Nandini Nambiar 2696,ml_engineer,Senior,abbr,deep learning|docker|machine learning|natural language processing|numpy|pandas|python|pytorch|scikit-learn|sql|tensorflow
Tanvi Bhatt 2697,data_scientist,Senior,abbr,data analysis|deep learning|machine learning|pandas|python|sql|statistics
Pranav Chandran 2698,nlp_engineer,Junior,mixed,deep learning|git|java|natural language processing|pytorch|scikit-learn|text classification
Hema Saxena 2699,data_analyst,Intern,mixed,ci/cd|data analysis|power bi|sql
Vidya Menon 2700,backend_developer,Mid,mixed,artificial intelligence|postgresql|rest api|spring boot|sql|text classification
Ritu Joshi,frontend_developer,Mid,mixed,html/css|javascript|node.js|react|rest api
Udhav Hegde,devops_engineer,Senior,abbr,ci/cd|cloud|docker|kubernetes|linux|pandas|python
Charu Kumar,data_engineer,Junior,full,docker|kubernetes|postgresql|python|sql
Bhavna Bhatt 2704,ml_engineer,Junior,mixed,deep learning|machine learning|python|scikit-learn
Sanjay Menon,data_scientist,Senior,abbr,data analysis|deep learning|machine learning|pandas|power bi|python|sql|statistics|text classification
Rahul Desai 2706,nlp_engineer,Intern,full,machine learning|python|pytorch|scikit-learn|text classification
Pallavi Patel 2707,data_analyst,Mid,abbr,data analysis|postgresql|power bi|python|sql|tableau
Omkar Kulkarni 2708,backend_developer,Junior,mixed,docker|git|java|python|rest api|spring boot|sql|statistics
Anjali Bhatt 2709,frontend_developer,Junior,full,git|javascript|mongodb|node.js|python|react
Rakesh Menon 2710,devops_engineer,Junior,mixed,cloud|docker|git|kubernetes|linux|mongodb|postgresql
Indira Dubey,data_engineer,Mid,mixed,cloud|docker|postgresql|sql
Indira Shetty 2712,ml_engineer,Intern,full,deep learning|docker|machine learning|pandas|python|sql
Sonal Bhatt 2713,data_scientist,Intern,mixed,cloud|machine learning|pandas|scikit-learn|sql|tableau
Sameer Bhatt,nlp_engineer,Mid,full,deep learning|machine learning|natural language processing|python|pytorch
Darshan Kapoor 2715,data_analyst,Mid,full,data analysis|excel|html/css|node.js|power bi|sql
Nandini Subramanian 2716,backend_developer,Intern,mixed,git|java|rest api|sql|statistics
Aarav Tiwari 2717,frontend_developer,Junior,abbr,git|html/css|javascript|rest api
Kavya Deshpande 2718,devops_engineer,Mid,full,cloud|docker|java|kubernetes|linux
Chetan Varma 2719,data_engineer,Mid,abbr,cloud|postgresql|python|sql
Rahul Kumar 2720,ml_engineer,Intern,mixed,python|pytorch|scikit-learn
Charu Nambiar 2721,data_scientist,Intern,mixed,machine learning|pandas|statistics
Ravi Jain,nlp_engineer,Junior,full,deep learning|natural language processing|numpy|python|text classification
Nikhil Kaur 2723,data_analyst,Junior,full,data analysis|docker|pandas|power bi|python|sql|tableau
Rakesh Dubey 2724,backend_developer,Mid,abbr,java|linux|rest api|spring boot|sql
Swathi Desai 2725,frontend_developer,Intern,full,git|html/css|kubernetes|rest api
Arjun Naidu,devops_engineer,Junior,full,ci/cd|cloud|docker|linux|postgresql|python
Jaya Joshi 2727,data_engineer,Junior,mixed,docker|postgresql|python|sql
Yamini Iyer,ml_engineer,Mid,mixed,cloud|machine learning|natural language processing|pandas|python|pytorch|scikit-learn|sql|tensorflow
Arjun Hegde 2729,data_scientist,Junior,mixed,cloud|machine learning|pandas|scikit-learn|sql|statistics|text classification
Varun Nair,nlp_engineer,Intern,mixed,cloud|natural language processing|python|pytorch
Yash Kaur 2731,data_analyst,Junior,abbr,data analysis|excel|pandas|sql|statistics|tableau
Naveen Sharma 2732,backend_developer,Junior,abbr,docker|git|java|linux|rest api|spring boot|sql
Farhan Dubey 2733,frontend_developer,Junior,full,git|html/css|pandas|python|react
Hema Sharma,devops_engineer,Mid,mixed,ci/cd|cloud|docker|kubernetes|python
Ishaan Kulkarni,data_engineer,Junior,abbr,cloud|postgresql|python|sql
Jaya Shetty 2736,ml_engineer,Intern,abbr,machine learning|python|pytorch
Ritu Venkatesh 2737,data_scientist,Junior,mixed,ci/cd|data analysis|machine learning|python|statistics|tableau|text classification
Nisha Raghavan,nlp_engineer,Intern,full,deep learning|docker|node.js|python|rest api|text classification
Trisha Kulkarni 2739,data_analyst,Intern,abbr,data analysis|power bi|sql
Lakshmi Varma 2740,backend_developer,Intern,full,rest api|spring boot|sql
Rahul Shetty 2741,frontend_developer,Intern,mixed,docker|git|html/css|numpy|pandas
Charu Mehta,devops_engineer,Intern,full,ci/cd|kubernetes|linux|python
Qamar Chandran 2743,data_engineer,Junior,full,cloud|postgresql|python|sql
Meera Chopra,ml_engineer,Senior,mixed,deep learning|excel|machine learning|natural language processing|python|pytorch|scikit-learn|tensorflow
Udhav Patel 2745,data_scientist,Senior,full,cloud|data analysis|deep learning|machine learning|pandas|power bi|python|scikit-learn|sql|statistics|text classification
Nandini Saxena 2746,nlp_engineer,Intern,abbr,artificial intelligence|natural language processing|python|tableau|text classification
Pranav Chandran 2747,data_analyst,Intern,mixed,data analysis|excel|sql
Rajesh Chopra 2748,backend_developer,Intern,abbr,cloud|docker|java|linux|rest api|spring boot
Sameer Deshpande 2749,frontend_developer,Mid,mixed,docker|html/css|javascript|kubernetes|react
Esha Nambiar 2750,devops_engineer,Junior,full,ci/cd|docker|kubernetes|linux
Ananya Prasad,data_engineer,Junior,mixed,docker|postgresql|python|sql
Sameer Verma 2752,ml_engineer,Senior,abbr,deep learning|machine learning|numpy|python|pytorch|scikit-learn|sql|tensorflow
Divya Ghosh 2753,data_scientist,Intern,full,cloud|deep learning|machine learning|pandas|sql
Kavya Desai,nlp_engineer,Senior,mixed,deep learning|natural language processing|python|pytorch|scikit-learn|text classification
Jaya Sharma 2755,data_analyst,Mid,full,data analysis|excel|natural language processing|sql|tableau
Nikhil Nambiar,backend_developer,Junior,full,docker|java|linux|python|rest api|spring boot|sql
Lakshmi Rao 2757,frontend_developer,Senior,mixed,git|html/css|javascript|node.js|react
Lakshmi Kaur 2758,devops_engineer,Intern,full,cloud|docker|git|linux
Ritu Chopra 2759,data_engineer,Senior,mixed,cloud|docker|mongodb|postgresql|python|sql
Harini Shetty 2760,ml_engineer,Junior,mixed,deep learning|machine learning|pandas|python|rest api|scikit-learn
Qamar Ghosh 2761,data_scientist,Mid,abbr,data analysis|deep learning|docker|machine learning|pandas|python|pytorch|statistics
Rhea Kaur 2762,nlp_engineer,Intern,abbr,deep learning|natural language processing|pytorch
Nandini Gupta,data_analyst,Senior,mixed,data analysis|excel|postgresql|power bi|sql|tableau
Naveen Rao 2764,backend_developer,Intern,mixed,java|kubernetes|postgresql|rest api
Dhruv Desai 2765,frontend_developer,Mid,abbr,docker|html/css|javascript|react|rest api
Ganesh Desai 2766,devops_engineer,Senior,abbr,ci/cd|cloud|docker|java|kubernetes|linux|machine learning|python
Siddharth Venkatesh 2767,data_engineer,Junior,full,cloud|docker|linux|pandas|postgresql|python
Meera Nambiar 2768,ml_engineer,Junior,mixed,cloud|excel|machine learning|pandas|python|pytorch|scikit-learn|statistics
Jaya Patel,data_scientist,Mid,abbr,data analysis|deep learning|kubernetes|pandas|power bi|python|sql|statistics|text classification
Tarun Varma,nlp_engineer,Junior,full,deep learning|natural language processing|python|text classification
Aarav Balan 2771,data_analyst,Junior,full,data analysis|excel|power bi|tableau
Yash Verma,backend_developer,Senior,full,html/css|java|postgresql|rest api|spring boot|sql
Yamini Verma 2773,frontend_developer,Intern,full,html/css|javascript
Darshan Nair 2774,devops_engineer,Senior,mixed,ci/cd|cloud|docker|java|kubernetes|linux|python
Qamar Reddy,data_engineer,Intern,full,cloud|docker|python
Sonal Varma,ml_engineer,Senior,full,cloud|computer vision|deep learning|docker|machine learning|python|pytorch|scikit-learn|sql|statistics|tensorflow
Farhan Mehta 2777,data_scientist,Mid,mixed,data analysis|deep learning|machine learning|python|scikit-learn|sql|statistics|tableau
Varun Desai 2778,nlp_engineer,Intern,mixed,deep learning|pytorch|text classification
Kabir Shetty,data_analyst,Mid,mixed,data analysis|excel|postgresql|power bi|sql
Tanvi Krishnan 2780,backend_developer,Mid,mixed,docker|java|kubernetes|mongodb|rest api|spring boot|sql
Siddharth Desai 2781,frontend_developer,Senior,abbr,git|html/css|javascript|react
Ravi Saxena,devops_engineer,Intern,abbr,ci/cd|cloud|java|kubernetes
Priya Kumar 2783,data_engineer,Intern,mixed,ci/cd|cloud|pandas|postgresql|sql
Varun Desai 2784,ml_engineer,Senior,full,cloud|deep learning|docker|machine learning|natural language processing|python|pytorch|scikit-learn|statistics|tensorflow
Pallavi Deshpande 2785,data_scientist,Intern,full,cloud|deep learning|machine learning|pandas|python|text classification
Sanjay Sharma 2786,nlp_engineer,Senior,full,artificial intelligence|cloud|deep learning|docker|natural language processing|python|pytorch|tableau|text classification
Sameer Chandran 2787,data_analyst,Mid,full,excel|power bi|sql|statistics|tableau
Kavya Nambiar 2788,backend_developer,Junior,mixed,java|postgresql|python|spring boot|sql
Nisha Deshpande 2789,frontend_developer,Mid,mixed,git|html/css|react|rest api
Kiran Kaur 2790,devops_engineer,Junior,full,ci/cd|cloud|docker|kubernetes|postgresql|python
Swathi Malhotra,data_engineer,Junior,mixed,cloud|docker|python|sql
Priya Mehta,ml_engineer,Senior,full,computer vision|deep learning|docker|git|machine learning|python|pytorch|scikit-learn|sql|tensorflow
Rhea Jain 2793,data_scientist,Senior,abbr,data analysis|machine learning|pandas|python|scikit-learn|sql|statistics|tableau
Yamini Singh,nlp_engineer,Senior,full,artificial intelligence|cloud|deep learning|docker|natural language processing|python|pytorch|scikit-learn|sql|text classification
Manish Mehta,data_analyst,Junior,mixed,data analysis|excel|power bi|python|sql|statistics
Sahana Kulkarni 2796,backend_developer,Intern,full,ci/cd|cloud|java|postgresql|sql
Vinay Agarwal 2797,frontend_developer,Intern,abbr,html/css|react
Aarav Kaur,devops_engineer,Senior,mixed,ci/cd|cloud|docker|kubernetes|linux
Bhavna Saxena,data_engineer,Mid,full,ci/cd|docker|kubernetes|postgresql|python|sql
Swathi Prasad 2800,ml_engineer,Mid,full,deep learning|docker|machine learning|numpy|pandas|pytorch|scikit-learn|sql|statistics|tensorflow
Rajesh Kapoor 2801,data_scientist,Junior,mixed,cloud|data analysis|java|machine learning|pandas|sql
Jatin Dubey 2802,nlp_engineer,Intern,mixed,cloud|deep learning|machine learning|natural language processing|tableau|text classification
Akash Tiwari 2803,data_analyst,Intern,abbr,excel|html/css|node.js|sql|tableau
Nikhil Krishnan,backend_developer,Senior,abbr,docker|git|java|kubernetes|linux|postgresql|rest api|spring boot|sql
Divya Malhotra,frontend_developer,Mid,mixed,git|html/css|javascript|node.js|rest api
Trisha Patel 2806,devops_engineer,Intern,full,ci/cd|cloud|deep learning|docker|java
Omkar Joshi 2807,data_engineer,Mid,mixed,ci/cd|cloud|kubernetes|mongodb|postgresql|python|sql
Indira Chopra 2808,ml_engineer,Junior,full,machine learning|python|pytorch|tensorflow
Ravi Chopra 2809,data_scientist,Junior,mixed,data analysis|python|sql|statistics|tableau
Rahul Krishnan 2810,nlp_engineer,Junior,mixed,machine learning|natural language processing|python|pytorch|text classification
Yamini Gupta 2811,data_analyst,Junior,mixed,excel|mongodb|pandas|power bi|python|sql|tableau
Rohan Kumar 2812,backend_developer,Junior,full,data analysis|java|postgresql|rest api|sql|tableau
Abhay Malhotra,frontend_developer,Senior,full,docker|git|html/css|javascript|react
Vishal Kaur,devops_engineer,Junior,abbr,cloud|docker|git|java|kubernetes|linux|machine learning
Rohan Reddy,data_engineer,Senior,mixed,cloud|docker|linux|postgresql|python|sql
Shreya Chandran,ml_engineer,Junior,abbr,deep learning|docker|machine learning|numpy|python|scikit-learn|sql
Nisha Venkatesh 2817,data_scientist,Intern,full,machine learning|python|scikit-learn|sql|statistics|tableau
Anjali Bhatt 2818,nlp_engineer,Junior,mixed,artificial intelligence|cloud|machine learning|natural language processing|python|pytorch|text classification
Trisha Malhotra 2819,data_analyst,Mid,full,data analysis|excel|postgresql|power bi|python|tableau
Jatin Desai 2820,backend_developer,Junior,mixed,java|rest api|spring boot|sql
Pallavi Varma 2821,frontend_developer,Senior,mixed,git|html/css|javascript|node.js|react|rest api
Priya Krishnan 2822,devops_engineer,Junior,full,ci/cd|cloud|docker|javascript|kubernetes|linux
Sneha Dubey 2823,data_engineer,Junior,abbr,cloud|docker|postgresql|sql
Vikram Chopra,ml_engineer,Mid,mixed,cloud|computer vision|deep learning|docker|machine learning|python|pytorch|scikit-learn|statistics
Kavya Verma 2825,data_scientist,Mid,mixed,cloud|data analysis|deep learning|machine learning|numpy|pandas|python|sql|statistics|tableau
Nandini Patel,nlp_engineer,Senior,full,cloud|deep learning|machine learning|natural language processing|python|pytorch|scikit-learn|text classification
Vikram Ghosh 2827,data_analyst,Junior,mixed,excel|power bi|sql|tableau
Aarav Chandran 2828,backend_developer,Senior,full,docker|java|postgresql|rest api|scikit-learn|spring boot|sql
Charu Chandran 2829,frontend_developer,Senior,full,git|html/css|javascript|kubernetes|node.js|react
Ritu Malhotra 2830,devops_engineer,Mid,mixed,cloud|docker|git|java|kubernetes|linux
Shreya Saxena,data_engineer,Senior,full,ci/cd|cloud|docker|javascript|kubernetes|linux|postgresql|python|sql
Bhargav Mehta 2832,ml_engineer,Junior,mixed,deep learning|machine learning|natural language processing|pandas|python|sql|tensorflow
Rahul Nair,data_scientist,Junior,abbr,data analysis|python|sql|statistics
Esha Desai 2834,nlp_engineer,Senior,mixed,artificial intelligence|deep learning|machine learning|natural language processing|numpy|pandas|python|pytorch|scikit-learn|text classification
Rohan Reddy 2835,data_analyst,Junior,mixed,artificial intelligence|data analysis|docker|excel|power bi|sql
Kavya Pillai 2836,backend_developer,Mid,abbr,git|java|linux|postgresql|spring boot|sql
Meera Krishnan 2837,frontend_developer,Senior,abbr,git|html/css|javascript|react|rest api
Meera Reddy 2838,devops_engineer,Junior,mixed,ci/cd|cloud|excel|java|kubernetes|linux|postgresql
Aditi Chopra,data_engineer,Mid,mixed,artificial intelligence|ci/cd|cloud|docker|linux|pandas|postgresql|python
Pranav Nambiar 2840,ml_engineer,Intern,full,docker|machine learning|python|tensorflow
Rakesh Chandran,data_scientist,Senior,mixed,data analysis|machine learning|pandas|postgresql|python|sql|statistics
Nisha Venkatesh 2842,nlp_engineer,Mid,abbr,deep learning|natural language processing|numpy|python|scikit-learn|text classification
Darshan Varma 2843,data_analyst,Senior,abbr,data analysis|excel|pandas|power bi|sql|tableau
Charu Kaur,backend_developer,Intern,full,git|kubernetes|machine learning|postgresql|rest api|sql
Ganesh Iyer 2845,frontend_developer,Senior,abbr,git|html/css|javascript|react|rest api
Manish Deshpande 2846,devops_engineer,Senior,abbr,ci/cd|cloud|docker|kubernetes|linux|postgresql
Nikhil Dubey 2847,data_engineer,Junior,mixed,docker|linux|postgresql|python|sql
Pallavi Pillai 2848,ml_engineer,Senior,full,computer vision|deep learning|docker|machine learning|natural language processing|pandas|python|pytorch|scikit-learn|tensorflow
Zoya Bhatt,data_scientist,Mid,abbr,data analysis|machine learning|pandas|power bi|python|sql|tableau|text classification
Farhan Subramanian 2850,nlp_engineer,Senior,abbr,deep learning|natural language processing|numpy|python|pytorch|scikit-learn|text classification
Suresh Kapoor 2851,data_analyst,Mid,full,data analysis|excel|rest api|sql|tableau
Aarav Tiwari 2852,backend_developer,Junior,mixed,docker|java|postgresql|python|rest api|sql
Tanvi Reddy,frontend_developer,Senior,abbr,git|html/css|javascript|react
Ishaan Balan 2854,devops_engineer,Intern,full,ci/cd|docker|linux|statistics|tableau
Ganesh Menon,data_engineer,Junior,full,ci/cd|cloud|docker|java|postgresql|python|sql
Shreya Patel,ml_engineer,Mid,full,computer vision|deep learning|docker|machine learning|pandas|pytorch|scikit-learn|tensorflow
Parvati Gupta 2857,data_scientist,Senior,abbr,data analysis|machine learning|numpy|pandas|power bi|python|scikit-learn|sql|statistics|text classification
Sanjay Kulkarni 2858,nlp_engineer,Intern,mixed,deep learning|pytorch|spring boot|text classification
Uma Prasad 2859,data_analyst,Junior,full,excel|pandas|postgresql|power bi|sql|tableau
Farhan Prasad 2860,backend_developer,Senior,mixed,cloud|docker|java|kubernetes|mongodb|postgresql|python|rest api|spring boot|sql|text classification
Pallavi Agarwal 2861,frontend_developer,Intern,full,git|html/css
Sneha Verma 2862,devops_engineer,Mid,mixed,ci/cd|cloud|kubernetes|linux|numpy|scikit-learn
Nandini Patel 2863,data_engineer,Junior,abbr,deep learning|docker|linux|postgresql|python|sql
Farhan Malhotra,ml_engineer,Intern,mixed,deep learning|docker|natural language processing|pandas|python|pytorch|scikit-learn
Rohan Desai 2865,data_scientist,Junior,mixed,cloud|data analysis|pandas|postgresql|sql|statistics|text classification
Darshan Varma 2866,nlp_engineer,Mid,full,artificial intelligence|deep learning|natural language processing|pandas|pytorch|scikit-learn|text classification
Zoya Krishnan 2867,data_analyst,Senior,mixed,data analysis|excel|power bi|sql|statistics|tableau
Kabir Malhotra 2868,backend_developer,Junior,mixed,java|rest api|spring boot|sql
Pranav Raghavan,frontend_developer,Mid,mixed,docker|git|javascript|kubernetes|react
Sanjay Ghosh 2870,devops_engineer,Senior,mixed,ci/cd|cloud|docker|javascript|kubernetes|linux|node.js
Deepa Pillai,data_engineer,Intern,abbr,docker|linux|pandas|postgresql|sql|tableau
Kavya Desai 2872,ml_engineer,Junior,mixed,computer vision|deep learning|machine learning|natural language processing|python|pytorch|sql|statistics
Pooja Deshpande 2873,data_scientist,Junior,full,data analysis|deep learning|javascript|pandas|sql|statistics
Rahul Desai 2874,nlp_engineer,Senior,abbr,deep learning|natural language processing|numpy|python|pytorch|scikit-learn|text classification
Siddharth Ghosh 2875,data_analyst,Senior,mixed,data analysis|excel|javascript|pandas|postgresql|power bi|sql|tableau
Rahul Bhatt,backend_developer,Intern,mixed,docker|linux|mongodb|postgresql|rest api|spring boot
Sanjay Reddy 2877,frontend_developer,Junior,abbr,docker|git|javascript|react
Tarun Bhatt 2878,devops_engineer,Intern,full,cloud|docker|kubernetes|linux
Chetan Malhotra 2879,data_engineer,Mid,mixed,ci/cd|cloud|mongodb|postgresql|python|sql
Indira Ghosh 2880,ml_engineer,Junior,abbr,docker|machine learning|numpy|python|pytorch|scikit-learn|statistics
Ishaan Malhotra 2881,data_scientist,Junior,abbr,cloud|data analysis|machine learning|numpy|pandas|scikit-learn|sql
Naveen Nair 2882,nlp_engineer,Intern,mixed,cloud|deep learning|linux|machine learning|natural language processing|pandas|python
Manish Reddy 2883,data_analyst,Junior,abbr,data analysis|excel|sql|tableau
Swathi Naidu 2884,backend_developer,Senior,full,java|postgresql|rest api|spring boot|sql
Manish Nair 2885,frontend_developer,Junior,mixed,excel|git|javascript|react
Abhay Menon 2886,devops_engineer,Intern,full,ci/cd|docker|linux|postgresql|python
Omkar Ghosh 2887,data_engineer,Intern,full,ci/cd|postgresql|python|sql
Vidya Kulkarni,ml_engineer,Junior,full,deep learning|git|linux|pandas|python|pytorch|tensorflow
Nandini Kumar 2889,data_scientist,Mid,full,data analysis|deep learning|machine learning|pandas|python|scikit-learn|statistics
Shreya Ghosh 2890,nlp_engineer,Mid,mixed,cloud|deep learning|docker|numpy|python|pytorch|text classification
Bhavna Raghavan,data_analyst,Senior,full,data analysis|excel|power bi|python|sql|tableau
Nandini Iyer 2892,backend_developer,Senior,mixed,java|natural language processing|postgresql|rest api|spring boot|sql|tensorflow
Rajesh Tiwari 2893,frontend_developer,Junior,abbr,docker|git|html/css|react
Esha Pillai 2894,devops_engineer,Mid,mixed,ci/cd|cloud|git|kubernetes|linux|spring boot|sql
Nikhil Nambiar 2895,data_engineer,Junior,abbr,cloud|docker|linux|pandas|postgresql|python
Ganesh Kumar 2896,ml_engineer,Junior,full,cloud|deep learning|java|machine learning|natural language processing|pytorch|statistics|tensorflow
Ganesh Desai 2897,data_scientist,Junior,mixed,data analysis|machine learning|pandas|python|sql
Neha Singh 2898,nlp_engineer,Junior,full,cloud|deep learning|docker|python|pytorch|text classification
Uma Deshpande 2899,data_analyst,Senior,abbr,data analysis|excel|power bi|sql|tableau
Darshan Dubey 2900,backend_developer,Mid,mixed,java|mongodb|postgresql|spring boot|sql
Divya Varma,frontend_developer,Senior,full,docker|git|html/css|javascript|react|rest api|statistics
Farhan Gupta 2902,devops_engineer,Intern,mixed,cloud|kubernetes|linux
Yash Singh 2903,data_engineer,Mid,mixed,cloud|docker|kubernetes|linux|postgresql|python
Nikhil Prasad 2904,ml_engineer,Junior,abbr,deep learning|machine learning|pytorch|scikit-learn
Pooja Tiwari 2905,data_scientist,Junior,mixed,pandas|python|pytorch|scikit-learn|sql|statistics
Vishal Gupta,nlp_engineer,Intern,abbr,deep learning|machine learning|pytorch|text classification
Pallavi Varma 2907,data_analyst,Senior,full,data analysis|excel|power bi|sql|tableau
Nandini Sharma 2908,backend_developer,Senior,mixed,docker|java|postgresql|python|rest api|spring boot|sql
Akash Kapoor 2909,frontend_developer,Senior,abbr,git|html/css|javascript|kubernetes|node.js|react|rest api
Sonal Balan 2910,devops_engineer,Junior,full,ci/cd|cloud|docker|kubernetes|postgresql
Nikhil Subramanian 2911,data_engineer,Senior,abbr,ci/cd|cloud|docker|pandas|postgresql|python|sql
Ganesh Balan 2912,ml_engineer,Senior,mixed,deep learning|machine learning|python|pytorch|scikit-learn|tensorflow
Pooja Malhotra 2913,data_scientist,Intern,abbr,data analysis|machine learning|postgresql|power bi|statistics
Lakshmi Joshi,nlp_engineer,Intern,abbr,cloud|natural language processing|pytorch|text classification
Kavya Nair,data_analyst,Intern,mixed,data analysis|numpy|pandas|power bi|tableau|text classification
Mohit Raghavan 2916,backend_developer,Intern,full,java|rest api|sql
Kavya Singh 2917,frontend_developer,Junior,abbr,html/css|javascript|react
Dhruv Nair,devops_engineer,Senior,mixed,ci/cd|cloud|docker|git|kubernetes|linux
Rahul Shetty 2919,data_engineer,Intern,mixed,cloud|data analysis|docker|kubernetes|sql
Ritu Desai 2920,ml_engineer,Junior,abbr,deep learning|machine learning|pandas|power bi|python|sql|tensorflow
Vikram Venkatesh 2921,data_scientist,Senior,mixed,data analysis|deep learning|machine learning|pandas|python|sql|statistics
Tarun Venkatesh,nlp_engineer,Junior,mixed,cloud|deep learning|machine learning|natural language processing|python|pytorch|scikit-learn
Varun Desai 2923,data_analyst,Mid,abbr,data analysis|power bi|scikit-learn|sql|tableau
Charu Pillai 2924,backend_developer,Junior,full,java|postgresql|spring boot|sql
Ananya Nambiar 2925,frontend_developer,Senior,mixed,docker|git|html/css|javascript|node.js|react
Ananya Nambiar 2926,devops_engineer,Junior,full,cloud|docker|kubernetes|linux|postgresql|python
Sonal Iyer 2927,data_engineer,Senior,abbr,cloud|docker|pandas|postgresql|python|sql
Sonal Nambiar 2928,ml_engineer,Mid,full,cloud|machine learning|python|pytorch|scikit-learn|sql|tensorflow
Nandini Verma 2929,data_scientist,Junior,mixed,data analysis|deep learning|linux|machine learning|pandas|power bi|scikit-learn|statistics
Tarun Singh 2930,nlp_engineer,Intern,mixed,deep learning|linux|natural language processing|postgresql|text classification
Esha Varma 2931,data_analyst,Junior,mixed,data analysis|excel|postgresql|power bi|tableau
Charu Deshpande 2932,backend_developer,Junior,full,docker|java|kubernetes|mongodb|postgresql|rest api|sql
Nikhil Kapoor 2933,frontend_developer,Mid,abbr,data analysis|git|html/css|javascript|node.js
Rhea Patel,devops_engineer,Senior,abbr,ci/cd|cloud|docker|kubernetes|linux|pytorch
Kavya Mehta 2935,data_engineer,Senior,mixed,cloud|docker|kubernetes|mongodb|pandas|postgresql|python|sql
Anjali Kaur 2936,ml_engineer,Mid,mixed,deep learning|machine learning|numpy|python|pytorch|sql|tensorflow
Nikhil Kumar 2937,data_scientist,Mid,full,deep learning|linux|machine learning|pandas|python|sql|statistics|text classification
Divya Iyer 2938,nlp_engineer,Mid,abbr,deep learning|python|pytorch|text classification
Pooja Mehta 2939,data_analyst,Intern,full,data analysis|deep learning|power bi|python|sql|tableau
Aditi Patel 2940,backend_developer,Senior,full,git|java|postgresql|rest api|spring boot|sql|statistics|tableau
Parvati Balan 2941,frontend_developer,Mid,mixed,docker|git|java|javascript|linux|react
Hema Venkatesh 2942,devops_engineer,Junior,mixed,cloud|docker|kubernetes|linux|postgresql|python
Harini Patel 2943,data_engineer,Mid,abbr,ci/cd|docker|kubernetes|postgresql|python|sql
Qamar Nair 2944,ml_engineer,Senior,mixed,cloud|computer vision|deep learning|machine learning|natural language processing|python|pytorch|scikit-learn|sql|statistics|tensorflow
Aniket Rao,data_scientist,Mid,mixed,cloud|data analysis|machine learning|pandas|power bi|python|scikit-learn|sql|text classification
Anjali Subramanian 2946,nlp_engineer,Senior,abbr,artificial intelligence|cloud|deep learning|natural language processing|pandas|python|pytorch|text classification
Anjali Patel,data_analyst,Mid,mixed,data analysis|excel|node.js|react|sql|tableau
Abhay Gupta 2948,backend_developer,Junior,full,docker|java|postgresql|rest api|spring boot
Kavya Raghavan,frontend_developer,Mid,abbr,data analysis|excel|html/css|javascript|react|rest api
Hema Chandran 2950,devops_engineer,Senior,abbr,ci/cd|cloud|docker|java|kubernetes|linux|python
Sneha Joshi 2951,data_engineer,Junior,abbr,cloud|docker|python|sql
Ananya Sharma,ml_engineer,Mid,abbr,deep learning|machine learning|pytorch|scikit-learn|tensorflow
Tarun Singh 2953,data_scientist,Senior,abbr,data analysis|docker|html/css|machine learning|pandas|python|sql|statistics
Yamini Joshi,nlp_engineer,Junior,full,git|natural language processing|python|pytorch|react|text classification
Sameer Deshpande 2955,data_analyst,Senior,abbr,data analysis|excel|power bi|sql|tableau
Swathi Bhatt 2956,backend_developer,Senior,mixed,java|pandas|postgresql|rest api|spring boot|sql|tableau
Priya Malhotra 2957,frontend_developer,Senior,mixed,git|html/css|javascript|react
Manish Subramanian 2958,devops_engineer,Mid,abbr,ci/cd|cloud|docker|linux
Zoya Kumar,data_engineer,Intern,full,cloud|docker|postgresql
Mohit Naidu,ml_engineer,Intern,abbr,computer vision|linux|machine learning|python|pytorch
Divya Varma 2961,data_scientist,Mid,abbr,data analysis|java|machine learning|pandas|power bi|python|scikit-learn|sql|tableau
Priya Singh 2962,nlp_engineer,Intern,mixed,artificial intelligence|deep learning|natural language processing|text classification
Rahul Kaur 2963,data_analyst,Intern,abbr,deep learning|excel|numpy|sql|tableau
Dhruv Nambiar 2964,backend_developer,Senior,mixed,java|postgresql|rest api|spring boot|sql
Ganesh Rao 2965,frontend_developer,Intern,full,docker|html/css|javascript
Siddharth Kapoor 2966,devops_engineer,Mid,full,ci/cd|cloud|docker|kubernetes|python|sql
Ravi Jain 2967,data_engineer,Junior,full,docker|html/css|pandas|postgresql|python|sql
Kabir Chopra 2968,ml_engineer,Intern,abbr,python|pytorch|tensorflow
Nisha Kaur,data_scientist,Senior,abbr,cloud|data analysis|docker|machine learning|pandas|power bi|python|sql|statistics|tableau|text classification
Rahul Verma,nlp_engineer,Senior,full,artificial intelligence|deep learning|docker|machine learning|natural language processing|numpy|power bi|python|pytorch|tableau|text classification
Aniket Reddy 2971,data_analyst,Senior,abbr,data analysis|excel|power bi|sql|tableau
Naveen Agarwal,backend_developer,Senior,full,java|linux|postgresql|python|rest api|spring boot|sql
Ganesh Iyer 2973,frontend_developer,Intern,abbr,git|node.js|react
Deepa Nambiar 2974,devops_engineer,Mid,abbr,ci/cd|cloud|docker|kubernetes|postgresql
Gaurav Chopra 2975,data_engineer,Senior,full,cloud|docker|linux|mongodb|postgresql|python|sql
Jaya Sharma 2976,ml_engineer,Senior,abbr,deep learning|machine learning|python|pytorch|scikit-learn|tensorflow
Yamini Mehta,data_scientist,Intern,full,cloud|pandas|python|sql|text classification
Harini Dubey 2978,nlp_engineer,Mid,mixed,deep learning|java|python|pytorch|text classification
Ishaan Mehta 2979,data_analyst,Senior,full,ci/cd|data analysis|excel|postgresql|power bi|sql|tableau
Uma Subramanian 2980,backend_developer,Junior,abbr,git|kubernetes|linux|postgresql|python|rest api|spring boot|sql
Mohit Kapoor,frontend_developer,Senior,full,docker|git|html/css|javascript|python|react|rest api
Priya Joshi 2982,devops_engineer,Senior,abbr,ci/cd|cloud|docker|kubernetes|linux|machine learning|postgresql|python|statistics
Vidya Chopra 2983,data_engineer,Intern,abbr,pandas|postgresql|python|sql
Suresh Saxena 2984,ml_engineer,Junior,mixed,deep learning|machine learning|python|pytorch
Yamini Desai,data_scientist,Senior,mixed,cloud|data analysis|java|machine learning|pandas|python|sql|statistics
Abhay Prasad,nlp_engineer,Intern,mixed,deep learning|pytorch|text classification
Harini Rao 2987,data_analyst,Junior,mixed,excel|power bi|sql|tableau
Parvati Prasad 2988,backend_developer,Intern,full,java|mongodb|python|rest api|spring boot
Vinay Reddy 2989,frontend_developer,Senior,abbr,git|html/css|javascript|react
Shreya Saxena 2990,devops_engineer,Junior,mixed,cloud|docker|kubernetes|linux|postgresql
Sonal Dubey,data_engineer,Senior,full,ci/cd|cloud|docker|git|kubernetes|postgresql|python|sql
Jaya Chopra 2992,ml_engineer,Mid,full,deep learning|machine learning|python|pytorch|scikit-learn
Rhea Shetty,data_scientist,Junior,abbr,data analysis|machine learning|pandas|scikit-learn|sql
Darshan Reddy 2994,nlp_engineer,Junior,mixed,ci/cd|deep learning|docker|natural language processing|pytorch|text classification
Ramya Iyer,data_analyst,Intern,full,data analysis|power bi|python|sql
Sameer Patel 2996,backend_developer,Intern,mixed,java|postgresql|rest api
Ritu Naidu 2997,frontend_developer,Senior,full,docker|git|html/css|javascript|react
Kavya Kumar 2998,devops_engineer,Intern,abbr,ci/cd|cloud|linux
Kiran Prasad,data_engineer,Intern,mixed,docker|linux|python|sql
Ishaan Kaur,ml_engineer,Intern,mixed,computer vision|deep learning|numpy|scikit-learn|statistics|tensorflow
Vidya Naidu,data_scientist,Intern,full,data analysis|machine learning|numpy|sql|tableau
Zoya Menon 3002,nlp_engineer,Mid,full,natural language processing|python|pytorch|text classification
Zoya Jain 3003,data_analyst,Junior,full,data analysis|excel|power bi|sql
Charu Nair 3004,backend_developer,Senior,abbr,java|postgresql|python|rest api|spring boot|sql
Nikhil Nambiar 3005,frontend_developer,Intern,full,html/css|javascript|power bi|rest api
Trisha Malhotra 3006,devops_engineer,Mid,mixed,cloud|docker|kubernetes|linux
Ritu Sharma 3007,data_engineer,Mid,abbr,cloud|docker|git|mongodb|pandas|python|rest api|sql
Aniket Pillai 3008,ml_engineer,Mid,full,computer vision|docker|machine learning|natural language processing|numpy|python|pytorch|scikit-learn|tableau|tensorflow
Ananya Bhatt,data_scientist,Junior,full,data analysis|deep learning|machine learning|python|statistics
Varun Varma 3010,nlp_engineer,Senior,full,deep learning|natural language processing|python|pytorch|text classification
Dhruv Deshpande 3011,data_analyst,Mid,mixed,data analysis|excel|sql|tableau
Gaurav Kapoor 3012,backend_developer,Mid,mixed,git|java|kubernetes|linux|postgresql|rest api|sql|text classification
Kabir Kumar 3013,frontend_developer,Intern,abbr,html/css|node.js|react
Akash Raghavan 3014,devops_engineer,Intern,abbr,ci/cd|docker|kubernetes|python
Ritu Krishnan 3015,data_engineer,Junior,full,cloud|postgresql|python|sql
Akash Kulkarni 3016,ml_engineer,Senior,full,computer vision|deep learning|machine learning|natural language processing|power bi|python|pytorch|scikit-learn|tensorflow
Suresh Pillai 3017,data_scientist,Senior,mixed,ci/cd|cloud|data analysis|deep learning|kubernetes|machine learning|numpy|pandas|power bi|python|sql|statistics
Bhargav Ghosh 3018,nlp_engineer,Mid,mixed,machine learning|natural language processing|python|pytorch|scikit-learn|tensorflow|text classification
Aditi Chandran 3019,data_analyst,Mid,abbr,data analysis|excel|postgresql|power bi|sql|statistics
Sahana Singh 3020,backend_developer,Intern,mixed,git|java|mongodb|postgresql|rest api
Yamini Singh 3021,frontend_developer,Junior,full,git|html/css|react|rest api
Pooja Verma 3022,devops_engineer,Mid,full,cloud|docker|kubernetes|linux
Indira Verma 3023,data_engineer,Intern,full,ci/cd|cloud|kubernetes|postgresql|sql
Manish Sharma 3024,ml_engineer,Mid,abbr,computer vision|machine learning|natural language processing|python|pytorch|scikit-learn|statistics|tensorflow
Rohan Singh 3025,data_scientist,Senior,mixed,data analysis|machine learning|pandas|python|sql|statistics
Mohit Nambiar,nlp_engineer,Intern,full,natural language processing|python|pytorch
Udhav Chopra,data_analyst,Intern,abbr,data analysis|javascript|sql|tableau
Sahana Patel 3028,backend_developer,Senior,full,java|postgresql|rest api|spring boot|sql
Shreya Reddy,frontend_developer,Intern,abbr,docker|javascript|numpy|python|react
Rajesh Iyer 3030,devops_engineer,Intern,mixed,ci/cd|cloud|java|kubernetes
Nikhil Kumar 3031,data_engineer,Junior,full,cloud|docker|linux|pandas|python|sql
Aarav Desai,ml_engineer,Junior,full,machine learning|pandas|python|pytorch|scikit-learn
Meera Desai 3033,data_scientist,Mid,full,data analysis|pandas|python|sql|statistics|text classification
Aarav Sharma,nlp_engineer,Intern,full,cloud|deep learning|machine learning|natural language processing|text classification
Sanjay Krishnan 3035,data_analyst,Senior,mixed,cloud|data analysis|deep learning|excel|pandas|power bi|sql|statistics|tableau
Naveen Balan 3036,backend_developer,Junior,mixed,git|java|postgresql|rest api|sql
Kiran Ghosh 3037,frontend_developer,Senior,abbr,git|html/css|javascript|react
Abhay Shetty,devops_engineer,Junior,mixed,ci/cd|docker|git|java|kubernetes|linux|machine learning|scikit-learn
Rahul Krishnan 3039,data_engineer,Mid,abbr,docker|kubernetes|postgresql|python|sql
Rakesh Pillai 3040,ml_engineer,Junior,abbr,artificial intelligence|deep learning|python|pytorch|tensorflow
Sahana Deshpande 3041,data_scientist,Intern,full,kubernetes|machine learning|pandas|python|scikit-learn|tableau
Esha Gupta 3042,nlp_engineer,Intern,abbr,ci/cd|cloud|deep learning|docker|natural language processing|python|text classification
Charu Singh,data_analyst,Intern,mixed,data analysis|power bi|sql
Madhav Desai,backend_developer,Mid,full,java|postgresql|python|rest api|spring boot|sql
Kabir Rao 3045,frontend_developer,Junior,abbr,html/css|javascript|react
Rohan Ghosh 3046,devops_engineer,Mid,abbr,ci/cd|cloud|docker|excel|linux|postgresql
Rajesh Balan 3047,data_engineer,Mid,abbr,cloud|docker|linux|postgresql|python
Ramya Singh 3048,ml_engineer,Senior,mixed,deep learning|machine learning|natural language processing|python|pytorch|scikit-learn|tensorflow
Sonal Shetty,data_scientist,Intern,mixed,pandas|power bi|sql|statistics|text classification
Varun Kumar 3050,nlp_engineer,Mid,mixed,java|natural language processing|python|pytorch|scikit-learn|text classification
Divya Kaur 3051,data_analyst,Junior,abbr,data analysis|power bi|sql|tableau
Meera Pillai,backend_developer,Mid,mixed,kubernetes|linux|mongodb|postgresql|rest api|spring boot|sql
Rajesh Reddy 3053,frontend_developer,Senior,mixed,docker|git|html/css|javascript|react|rest api
Sanjay Agarwal 3054,devops_engineer,Junior,abbr,ci/cd|cloud|docker|linux|sql
Nandini Chandran,data_engineer,Junior,abbr,cloud|docker|python|sql
Gaurav Hegde 3056,ml_engineer,Junior,full,ci/cd|cloud|computer vision|deep learning|machine learning|numpy|pandas|pytorch|tensorflow
Rohan Nair 3057,data_scientist,Mid,full,data analysis|machine learning|pandas|python|statistics
Neha Subramanian 3058,nlp_engineer,Intern,abbr,cloud|data analysis|deep learning|python|tableau|text classification
Akash Rao 3059,data_analyst,Intern,full,excel|power bi|python|tableau
Abhay Reddy 3060,backend_developer,Junior,abbr,git|java|linux|mongodb|postgresql|rest api|sql
Harini Nair,frontend_developer,Senior,mixed,docker|git|html/css|javascript|node.js|react
Lalita Tiwari 3062,devops_engineer,Senior,abbr,ci/cd|cloud|docker|html/css|kubernetes|linux|rest api
Jaya Chandran,data_engineer,Junior,full,artificial intelligence|ci/cd|cloud|docker|kubernetes|python|pytorch|sql
Parvati Agarwal 3064,ml_engineer,Mid,mixed,deep learning|machine learning|numpy|pandas|python|pytorch|scikit-learn|statistics
Yamini Shetty,data_scientist,Intern,full,data analysis|machine learning|numpy|pandas
Omkar Rao,nlp_engineer,Mid,full,artificial intelligence|cloud|deep learning|machine learning|natural language processing|python|pytorch
Yash Sharma,data_analyst,Mid,mixed,excel|machine learning|power bi|sql|tableau
Aditi Saxena 3068,backend_developer,Intern,abbr,docker|java|power bi|python|spring boot|sql
Siddharth Raghavan 3069,frontend_developer,Senior,mixed,git|html/css|javascript|node.js|react|sql
Mohit Kulkarni 3070,devops_engineer,Junior,mixed,ci/cd|cloud|java|kubernetes|linux|python|sql
Manish Iyer 3071,data_engineer,Intern,abbr,docker|kubernetes|mongodb|postgresql|python
Aniket Hegde,ml_engineer,Senior,full,deep learning|git|java|machine learning|numpy|python|pytorch|scikit-learn|sql|statistics|tensorflow
Deepa Kumar 3073,data_scientist,Senior,abbr,data analysis|kubernetes|machine learning|pandas|python|sql|statistics|text classification
Dhruv Reddy 3074,nlp_engineer,Intern,full,docker|natural language processing|python|text classification
Dhruv Sharma 3075,data_analyst,Mid,mixed,excel|power bi|python|sql|tableau
Rajesh Gupta 3076,backend_developer,Intern,mixed,java|mongodb|postgresql|rest api
Naveen Krishnan 3077,frontend_developer,Junior,abbr,ci/cd|docker|html/css|javascript|linux|react
Neha Nambiar,devops_engineer,Intern,full,ci/cd|cloud|docker|postgresql
Uma Ghosh 3079,data_engineer,Senior,full,ci/cd|cloud|docker|postgresql|python|sql
Rajesh Kapoor 3080,ml_engineer,Junior,abbr,artificial intelligence|cloud|deep learning|machine learning|python|pytorch
Ganesh Dubey 3081,data_scientist,Intern,full,cloud|docker|pandas|postgresql|power bi|python|statistics
Pooja Hegde 3082,nlp_engineer,Senior,full,cloud|deep learning|machine learning|natural language processing|python|pytorch|scikit-learn|text classification
Darshan Prasad 3083,data_analyst,Mid,mixed,data analysis|excel|pandas|python|sql|tableau
Omkar Sharma 3084,backend_developer,Senior,abbr,java|mongodb|postgresql|rest api|spring boot|sql|text classification
Priya Balan 3085,frontend_developer,Mid,mixed,git|javascript|linux|react
Mohit Joshi,devops_engineer,Intern,full,ci/cd|cloud|kubernetes|postgresql|python|sql
Darshan Venkatesh 3087,data_engineer,Senior,full,cloud|docker|pandas|postgresql|python|sql
Pranav Krishnan 3088,ml_engineer,Intern,full,natural language processing|pandas|python|scikit-learn|statistics|tensorflow
Uma Varma 3089,data_scientist,Junior,mixed,ci/cd|data analysis|deep learning|git|machine learning|python|sql|text classification
Arjun Sharma 3090,nlp_engineer,Junior,full,cloud|deep learning|docker|mongodb|postgresql|python|pytorch|text classification
Varun Mehta,data_analyst,Mid,mixed,data analysis|excel|postgresql|sql|tableau
Mohit Agarwal,backend_developer,Mid,full,java|postgresql|rest api|spring boot
Suresh Raghavan 3093,frontend_developer,Intern,full,javascript|node.js|react
Zoya Deshpande,devops_engineer,Intern,full,ci/cd|docker|linux
Ramya Kapoor 3095,data_engineer,Mid,mixed,cloud|mongodb|pandas|postgresql|python|sql
Pooja Venkatesh 3096,ml_engineer,Senior,mixed,ci/cd|deep learning|git|machine learning|natural language processing|numpy|python|pytorch|scikit-learn|tensorflow
Esha Mehta 3097,data_scientist,Junior,mixed,machine learning|pandas|sql|statistics
Suresh Tiwari 3098,nlp_engineer,Senior,mixed,deep learning|mongodb|natural language processing|python|pytorch|text classification
Sneha Nair 3099,data_analyst,Intern,mixed,excel|postgresql|power bi|tableau
Mohit Verma,backend_developer,Junior,full,docker|java|postgresql|react|spring boot|sql
Neha Balan 3101,frontend_developer,Junior,abbr,html/css|java|javascript|postgresql|react|rest api
Neha Chandran 3102,devops_engineer,Junior,abbr,cloud|docker|git|javascript|kubernetes|linux|postgresql
Udhav Subramanian,data_engineer,Intern,abbr,cloud|docker|linux|numpy|sql
Charu Ghosh 3104,ml_engineer,Mid,full,deep learning|javascript|pandas|python|pytorch|rest api|scikit-learn|statistics|tensorflow
Rajesh Reddy 3105,data_scientist,Mid,abbr,data analysis|machine learning|pandas|power bi|python|sql|tableau|text classification
Tarun Hegde 3106,nlp_engineer,Junior,abbr,cloud|deep learning|docker|natural language processing|pytorch|scikit-learn|statistics|text classification
Jatin Ghosh,data_analyst,Senior,mixed,data analysis|excel|power bi|sql|tableau
Priya Subramanian 3108,backend_developer,Intern,mixed,git|postgresql|spring boot|sql
Qamar Dubey,frontend_developer,Intern,full,docker|git|postgresql|react
Gaurav Ghosh,devops_engineer,Mid,abbr,cloud|docker|kubernetes|linux|postgresql|python
Anjali Naidu 3111,data_engineer,Mid,mixed,ci/cd|cloud|docker|pandas|postgresql|python|sql
Jatin Chopra,ml_engineer,Junior,abbr,machine learning|python|pytorch|tensorflow
Farhan Gupta 3113,data_scientist,Junior,abbr,cloud|data analysis|docker|numpy|pandas|postgresql|python|statistics|tableau
Sneha Naidu 3114,nlp_engineer,Mid,mixed,cloud|data analysis|deep learning|numpy|python|pytorch|text classification
Indira Chopra 3115,data_analyst,Mid,abbr,data analysis|deep learning|excel|sql|tableau
Vishal Prasad 3116,backend_developer,Senior,mixed,java|postgresql|rest api|spring boot|sql
Nisha Prasad,frontend_developer,Junior,full,git|html/css|react
Tanvi Kulkarni 3118,devops_engineer,Mid,mixed,ci/cd|cloud|docker|kubernetes|linux|postgresql
Manish Joshi 3119,data_engineer,Intern,mixed,cloud|docker|rest api|spring boot|sql
Kavya Nambiar 3120,ml_engineer,Mid,full,deep learning|docker|machine learning|python|pytorch|sql|tensorflow
Aditi Raghavan 3121,data_scientist,Mid,full,data analysis|machine learning|pandas|postgresql|python|statistics
Rahul Venkatesh 3122,nlp_engineer,Senior,full,artificial intelligence|deep learning|natural language processing|numpy|power bi|python|pytorch|scikit-learn|text classification
Nandini Verma 3123,data_analyst,Senior,full,data analysis|excel|postgresql|power bi|sql|statistics|tableau
Ganesh Chandran 3124,backend_developer,Senior,full,git|java|postgresql|rest api|spring boot|sql
Yamini Chopra 3125,frontend_developer,Intern,abbr,html/css|javascript|node.js
Aniket Hegde 3126,devops_engineer,Mid,mixed,ci/cd|docker|kubernetes|linux|python
Naveen Dubey 3127,data_engineer,Junior,mixed,ci/cd|cloud|docker|postgresql|sql
Vishal Jain 3128,ml_engineer,Senior,mixed,deep learning|machine learning|python|pytorch|scikit-learn|tensorflow
Jatin Gupta 3129,data_scientist,Intern,mixed,git|pandas|power bi|python|rest api|sql|text classification
Ganesh Kumar 3130,nlp_engineer,Mid,abbr,cloud|deep learning|machine learning|natural language processing|numpy|pytorch|text classification
Rajesh Dubey,data_analyst,Junior,full,data analysis|excel|power bi|tableau
Pranav Ghosh 3132,backend_developer,Intern,mixed,deep learning|java|kubernetes|rest api|spring boot
Sahana Deshpande 3133,frontend_developer,Mid,full,git|javascript|node.js|react|rest api
Ramya Prasad,devops_engineer,Mid,mixed,ci/cd|cloud|docker|java|kubernetes|sql
Nandini Dubey 3135,data_engineer,Intern,abbr,docker|java|kubernetes|linux|pandas|postgresql|python
Madhav Dubey 3136,ml_engineer,Senior,abbr,computer vision|deep learning|machine learning|python|pytorch|scikit-learn|sql|tensorflow
Hema Pillai,data_scientist,Senior,mixed,cloud|data analysis|machine learning|numpy|pandas|python|sql|statistics|tableau|text classification
Esha Mehta 3138,nlp_engineer,Mid,mixed,cloud|deep learning|docker|natural language processing|python|text classification
Sneha Nambiar 3139,data_analyst,Mid,full,data analysis|excel|power bi|python|sql
Bhargav Krishnan 3140,backend_developer,Senior,abbr,git|html/css|java|kubernetes|mongodb|node.js|postgresql|python|rest api|spring boot|sql
Esha Kumar 3141,frontend_developer,Senior,mixed,git|html/css|javascript|react|rest api
Kavya Sharma 3142,devops_engineer,Senior,mixed,ci/cd|cloud|docker|kubernetes|linux|postgresql|python|sql
Deepa Raghavan 3143,data_engineer,Junior,abbr,cloud|docker|postgresql|sql
Siddharth Joshi 3144,ml_engineer,Senior,full,ci/cd|cloud|deep learning|machine learning|python|pytorch|scikit-learn|tensorflow
Kiran Chopra 3145,data_scientist,Senior,mixed,cloud|data analysis|deep learning|machine learning|pandas|python|sql|statistics|tensorflow
Chetan Mehta 3146,nlp_engineer,Junior,full,artificial intelligence|deep learning|docker|machine learning|numpy|python|pytorch|text classification
Meera Iyer,data_analyst,Junior,abbr,data analysis|excel|kubernetes|linux|pandas|postgresql|sql|tableau
Ritu Hegde,backend_developer,Senior,abbr,cloud|java|postgresql|rest api|spring boot|sql
Priya Joshi 3149,frontend_developer,Senior,full,git|html/css|javascript|node.js|react
Akash Prasad 3150,devops_engineer,Junior,abbr,ci/cd|cloud|docker|git|linux|python
Omkar Ghosh 3151,data_engineer,Junior,full,cloud|docker|html/css|linux|pandas|postgresql|sql
Lakshmi Nambiar 3152,ml_engineer,Intern,abbr,docker|machine learning|pandas|python|scikit-learn
Naveen Joshi 3153,data_scientist,Intern,mixed,cloud|machine learning|pandas|python
Yamini Pillai 3154,nlp_engineer,Junior,mixed,artificial intelligence|machine learning|natural language processing|python|pytorch|text classification
Mohit Malhotra 3155,data_analyst,Intern,abbr,excel|power bi|tableau
Madhav Venkatesh 3156,backend_developer,Intern,abbr,python|react|rest api|spring boot|sql
Nisha Raghavan 3157,frontend_developer,Junior,abbr,docker|html/css|javascript|react
Akash Krishnan 3158,devops_engineer,Mid,mixed,ci/cd|cloud|kubernetes|linux
Sahana Krishnan 3159,data_engineer,Junior,abbr,cloud|docker|mongodb|postgresql|sql
Yamini Rao 3160,ml_engineer,Mid,mixed,deep learning|docker|machine learning|pandas|python|pytorch|sql|statistics|tensorflow
Sneha Subramanian,data_scientist,Senior,full,data analysis|html/css|javascript|machine learning|numpy|pandas|power bi|python|scikit-learn|sql|statistics
Chetan Kumar 3162,nlp_engineer,Junior,abbr,cloud|deep learning|docker|python|pytorch|scikit-learn|text classification
Pallavi Iyer 3163,data_analyst,Intern,mixed,data analysis|excel|pandas|power bi
Indira Prasad 3164,backend_developer,Intern,mixed,java|linux|python|rest api|sql
Farhan Balan,frontend_developer,Junior,mixed,git|html/css|javascript
Nandini Balan,devops_engineer,Intern,mixed,cloud|docker|linux
Rhea Chopra 3167,data_engineer,Junior,full,ci/cd|docker|kubernetes|postgresql|python|sql
Suresh Ghosh,ml_engineer,Junior,mixed,deep learning|numpy|python|pytorch|scikit-learn
Dhruv Ghosh 3169,data_scientist,Senior,full,cloud|data analysis|deep learning|machine learning|numpy|pandas|python|sql|statistics|text classification
Madhav Nair,nlp_engineer,Junior,mixed,cloud|deep learning|python|pytorch|scikit-learn|text classification
Jaya Agarwal 3171,data_analyst,Intern,abbr,excel|git|power bi|rest api|sql
Lakshmi Rao 3172,backend_developer,Intern,abbr,docker|java|postgresql|sql
Vikram Joshi,frontend_developer,Intern,full,javascript|react
Bhavna Deshpande 3174,devops_engineer,Junior,mixed,ci/cd|cloud|kubernetes|linux|postgresql
Sneha Iyer 3175,data_engineer,Mid,abbr,cloud|docker|kubernetes|linux|mongodb|postgresql|sql
Rhea Deshpande,ml_engineer,Senior,mixed,cloud|deep learning|machine learning|natural language processing|numpy|python|pytorch|scikit-learn|tensorflow|text classification
Indira Subramanian,data_scientist,Intern,abbr,machine learning|numpy|pandas|python|scikit-learn
Sneha Dubey 3178,nlp_engineer,Intern,full,natural language processing|pytorch|text classification
Rhea Joshi 3179,data_analyst,Mid,mixed,data analysis|excel|pandas|power bi|python|sql
Siddharth Bhatt 3180,backend_developer,Intern,abbr,linux|postgresql|rest api|sql
Aarav Kulkarni 3181,frontend_developer,Senior,mixed,git|html/css|javascript|react
Ramya Singh 3182,devops_engineer,Junior,full,ci/cd|cloud|docker|git|linux|python|sql
Rhea Sharma 3183,data_engineer,Intern,abbr,cloud|kubernetes|linux|pandas|postgresql|sql
Farhan Kaur,ml_engineer,Intern,full,cloud|deep learning|docker|pandas|power bi|python|scikit-learn
Jaya Saxena,data_scientist,Senior,full,cloud|computer vision|data analysis|deep learning|machine learning|numpy|pandas|python|sql|statistics|tensorflow|text classification
Rhea Patel 3186,nlp_engineer,Junior,full,deep learning|machine learning|natural language processing|python|pytorch|scikit-learn
Pallavi Chandran 3187,data_analyst,Mid,mixed,data analysis|excel|power bi|python|sql|statistics
Nisha Desai,backend_developer,Mid,mixed,git|java|kubernetes|mongodb|postgresql|rest api|sql
Aditi Pillai,frontend_developer,Senior,full,docker|git|html/css|javascript|node.js|react
Neha Raghavan 3190,devops_engineer,Mid,abbr,ci/cd|cloud|docker|linux
Rahul Dubey 3191,data_engineer,Junior,full,cloud|docker|kubernetes|postgresql|sql
Farhan Pillai,ml_engineer,Mid,mixed,cloud|deep learning|natural language processing|node.js|python|pytorch|rest api|scikit-learn|sql|statistics|tensorflow
Swathi Joshi 3193,data_scientist,Mid,full,data analysis|pandas|power bi|python|sql|statistics
Trisha Gupta,nlp_engineer,Senior,mixed,artificial intelligence|deep learning|natural language processing|python|pytorch|scikit-learn|text classification
Ramya Singh 3195,data_analyst,Mid,abbr,data analysis|excel|power bi|python|sql|statistics|tableau
Tanvi Krishnan 3196,backend_developer,Senior,full,java|postgresql|rest api|spring boot|sql
Jatin Sharma,frontend_developer,Senior,abbr,docker|git|html/css|javascript|react
Deepa Bhatt 3198,devops_engineer,Mid,mixed,ci/cd|cloud|docker|git|java|kubernetes
Vidya Raghavan 3199,data_engineer,Mid,mixed,cloud|docker|python|sql
Pooja Tiwari 3200,ml_engineer,Mid,abbr,deep learning|machine learning|python|pytorch|tensorflow
Darshan Nair 3201,data_scientist,Junior,abbr,data analysis|machine learning|power bi|sql|statistics
Kavya Ghosh 3202,nlp_engineer,Intern,mixed,cloud|deep learning|natural language processing|numpy|python
Ananya Venkatesh 3203,data_analyst,Senior,mixed,data analysis|excel|postgresql|power bi|sql|tableau
Rhea Desai,backend_developer,Senior,mixed,deep learning|git|java|mongodb|postgresql|rest api|spring boot|sql
Manish Jain 3205,frontend_developer,Senior,full,docker|git|html/css|javascript|react
Kiran Iyer 3206,devops_engineer,Junior,mixed,ci/cd|cloud|docker|git|kubernetes
Aniket Kaur,data_engineer,Mid,abbr,cloud|docker|numpy|pandas|python|sql
Ananya Jain 3208,ml_engineer,Mid,mixed,deep learning|excel|machine learning|python|pytorch|scikit-learn|sql|tensorflow
Lalita Prasad 3209,data_scientist,Mid,abbr,cloud|data analysis|machine learning|pandas|sql|statistics
Omkar Verma 3210,nlp_engineer,Junior,abbr,artificial intelligence|deep learning|docker|natural language processing|pandas|pytorch|tableau|text classification
Ravi Menon,data_analyst,Senior,full,data analysis|excel|git|postgresql|power bi|python|rest api|sql|tableau
Vikram Chandran,backend_developer,Intern,full,postgresql|rest api|sql
Vishal Reddy,frontend_developer,Junior,mixed,docker|git|javascript|react
Neha Subramanian 3214,devops_engineer,Mid,mixed,ci/cd|cloud|docker|java|kubernetes|linux|mongodb|python
Farhan Kulkarni 3215,data_engineer,Senior,full,cloud|docker|postgresql|python|sql
Nandini Malhotra 3216,ml_engineer,Senior,mixed,cloud|deep learning|docker|machine learning|python|pytorch|scikit-learn|tensorflow
Lalita Shetty 3217,data_scientist,Intern,full,cloud|data analysis|machine learning|pandas|power bi|pytorch|statistics
Sneha Desai 3218,nlp_engineer,Mid,full,cloud|natural language processing|python|pytorch|text classification
Rhea Jain 3219,data_analyst,Junior,full,data analysis|excel|sql|tableau
Ravi Mehta,backend_developer,Mid,mixed,git|java|linux|python|rest api|spring boot|sql
Akash Rao 3221,frontend_developer,Mid,full,git|javascript|react
Vikram Singh 3222,devops_engineer,Mid,full,cloud|docker|kubernetes|linux
Naveen Singh,data_engineer,Junior,mixed,cloud|docker|kubernetes|postgresql|python
Neha Pillai,ml_engineer,Mid,mixed,deep learning|machine learning|natural language processing|postgresql|pytorch|scikit-learn|sql|tensorflow
Sameer Patel 3225,data_scientist,Senior,full,data analysis|machine learning|pandas|power bi|python|scikit-learn|sql|statistics|tableau
Ananya Singh 3226,nlp_engineer,Mid,abbr,artificial intelligence|cloud|deep learning|docker|natural language processing|python|pytorch
Aniket Varma,data_analyst,Intern,mixed,data analysis|excel|python|sql
Aniket Menon,backend_developer,Senior,full,git|java|mongodb|postgresql|python|rest api|spring boot|sql
Bhavna Jain 3229,frontend_developer,Intern,mixed,git|react
Jaya Kumar 3230,devops_engineer,Mid,full,cloud|docker|kubernetes|linux|python
Kiran Kulkarni 3231,data_engineer,Intern,mixed,cloud|kubernetes|python|sql
Jaya Nair,ml_engineer,Senior,mixed,cloud|deep learning|docker|machine learning|natural language processing|numpy|pandas|python|pytorch|scikit-learn|tensorflow
Charu Rao 3233,data_scientist,Senior,abbr,cloud|data analysis|machine learning|numpy|pandas|python|sql|statistics
Abhay Kaur 3234,nlp_engineer,Intern,abbr,cloud|deep learning|natural language processing|pytorch|scikit-learn
Uma Kapoor,data_analyst,Junior,full,excel|power bi|python|sql|tableau
Vikram Chopra 3236,backend_developer,Senior,mixed,java|postgresql|rest api|spring boot|sql
Vishal Prasad 3237,frontend_developer,Senior,mixed,cloud|git|html/css|javascript|kubernetes|react
Lakshmi Dubey,devops_engineer,Junior,full,ci/cd|cloud|docker|linux|numpy|scikit-learn
Vishal Verma 3239,data_engineer,Mid,full,cloud|docker|mongodb|python|sql
Sameer Kulkarni,ml_engineer,Senior,mixed,cloud|computer vision|deep learning|docker|machine learning|natural language processing|numpy|pandas|python|pytorch|scikit-learn|tensorflow
Abhay Chandran 3241,data_scientist,Senior,full,data analysis|machine learning|pandas|power bi|python|sql|statistics
Omkar Pillai 3242,nlp_engineer,Junior,mixed,machine learning|natural language processing|postgresql|python|pytorch|scikit-learn|sql|text classification
Mohit Malhotra 3243,data_analyst,Mid,mixed,data analysis|excel|javascript|react|sql|statistics|tableau
Abhay Pillai 3244,backend_developer,Intern,mixed,ci/cd|java|kubernetes|postgresql|spring boot
Tarun Desai 3245,frontend_developer,Senior,mixed,data analysis|git|html/css|javascript|react
Rajesh Agarwal,devops_engineer,Senior,full,ci/cd|cloud|docker|java|kubernetes|linux|python
Udhav Chopra 3247,data_engineer,Mid,mixed,docker|linux|postgresql|python|sql
Nikhil Reddy,ml_engineer,Senior,abbr,cloud|deep learning|machine learning|numpy|python|pytorch|scikit-learn|sql|tensorflow
Aditi Rao 3249,data_scientist,Mid,mixed,data analysis|deep learning|machine learning|pandas|sql|statistics|text classification
Qamar Kapoor 3250,nlp_engineer,Senior,mixed,artificial intelligence|cloud|deep learning|docker|natural language processing|numpy|python|pytorch|scikit-learn|text classification
Vishal Iyer 3251,data_analyst,Senior,full,data analysis|excel|power bi|sql|tableau
Deepa Kaur,backend_developer,Junior,abbr,java|kubernetes|postgresql|spring boot|sql
Tarun Patel 3253,frontend_developer,Mid,mixed,docker|git|html/css|javascript|rest api
Sonal Bhatt 3254,devops_engineer,Junior,mixed,ci/cd|cloud|docker|linux|postgresql|python
Rahul Venkatesh 3255,data_engineer,Intern,full,ci/cd|cloud|kubernetes|postgresql|python|scikit-learn|tableau
Sanjay Verma 3256,ml_engineer,Intern,mixed,cloud|computer vision|html/css|pytorch|rest api|scikit-learn|statistics|tensorflow
Lakshmi Sharma 3257,data_scientist,Senior,full,data analysis|deep learning|machine learning|numpy|pandas|python|scikit-learn|sql|statistics
Rohan Nair 3258,nlp_engineer,Senior,mixed,artificial intelligence|cloud|deep learning|docker|natural language processing|numpy|python|pytorch|text classification
Rakesh Bhatt 3259,data_analyst,Mid,mixed,data analysis|excel|sql|tableau
Omkar Nambiar 3260,backend_developer,Mid,mixed,git|java|kubernetes|postgresql|rest api|sql
Ravi Joshi,frontend_developer,Senior,full,docker|git|html/css|javascript|kubernetes|mongodb|react|rest api
Charu Menon 3262,devops_engineer,Intern,abbr,cloud|docker|kubernetes|sql
Pooja Nambiar 3263,data_engineer,Intern,full,docker|linux|mongodb|python|sql|text classification
Trisha Desai 3264,ml_engineer,Junior,full,deep learning|machine learning|natural language processing|python|tensorflow
Rajesh Nambiar 3265,data_scientist,Senior,full,data analysis|machine learning|pandas|python|sql|statistics|tableau|text classification
Sameer Subramanian 3266,nlp_engineer,Senior,full,artificial intelligence|deep learning|natural language processing|numpy|python|pytorch|scikit-learn|text classification
Chetan Varma 3267,data_analyst,Intern,full,data analysis|pytorch|sql|statistics|tableau
Ganesh Kumar 3268,backend_developer,Junior,abbr,java|postgresql|spring boot|sql
Hema Agarwal 3269,frontend_developer,Senior,mixed,docker|git|html/css|javascript|node.js|react|statistics
Nikhil Venkatesh 3270,devops_engineer,Intern,abbr,cloud|docker|kubernetes|python|sql
Farhan Iyer 3271,data_engineer,Junior,mixed,docker|postgresql|python|sql
Nandini Chopra 3272,ml_engineer,Junior,abbr,machine learning|pytorch|scikit-learn|tensorflow
Gaurav Chandran,data_scientist,Mid,full,cloud|data analysis|pandas|power bi|python|scikit-learn|sql|statistics|text classification
Ganesh Malhotra 3274,nlp_engineer,Mid,abbr,artificial intelligence|deep learning|python|pytorch|text classification
Ramya Menon 3275,data_analyst,Senior,mixed,data analysis|excel|power bi|sql|tableau
Rajesh Balan 3276,backend_developer,Mid,mixed,git|kubernetes|postgresql|rest api|spring boot|sql
Aarav Saxena,frontend_developer,Intern,mixed,git|html/css|pytorch
Aniket Singh 3278,devops_engineer,Intern,mixed,ci/cd|docker|linux
Kavya Raghavan 3279,data_engineer,Intern,abbr,docker|linux|postgresql|sql
Indira Varma 3280,ml_engineer,Senior,mixed,deep learning|machine learning|python|pytorch|scikit-learn|tensorflow
Pallavi Saxena 3281,data_scientist,Intern,full,data analysis|power bi|python|statistics
Vikram Desai 3282,nlp_engineer,Junior,mixed,cloud|deep learning|machine learning|natural language processing|python|pytorch
Aniket Shetty,data_analyst,Mid,full,ci/cd|data analysis|java|power bi|sql|tableau
Naveen Iyer,backend_developer,Mid,abbr,docker|excel|java|kubernetes|linux|pandas|postgresql|spring boot|sql
Abhay Sharma 3285,frontend_developer,Intern,abbr,computer vision|git|html/css
Rhea Naidu 3286,devops_engineer,Mid,full,cloud|docker|kubernetes|linux|react
Divya Verma,data_engineer,Intern,full,ci/cd|cloud|docker|machine learning|pandas|sql|statistics
Ganesh Deshpande,ml_engineer,Mid,mixed,deep learning|docker|machine learning|numpy|python|pytorch|scikit-learn|sql|statistics
Uma Saxena,data_scientist,Senior,mixed,cloud|data analysis|docker|machine learning|pandas|power bi|python|scikit-learn|sql|statistics
Rhea Prasad 3290,nlp_engineer,Senior,abbr,deep learning|natural language processing|python|pytorch|text classification
Vikram Kapoor,data_analyst,Senior,abbr,data analysis|docker|excel|postgresql|power bi|sql|tableau
Darshan Jain 3292,backend_developer,Junior,full,git|java|mongodb|rest api|spring boot|sql
Rajesh Kulkarni 3293,frontend_developer,Mid,mixed,docker|html/css|javascript|react
Qamar Menon,devops_engineer,Intern,abbr,ci/cd|cloud|kubernetes|pandas
Kabir Krishnan,data_engineer,Intern,full,ci/cd|deep learning|docker|kubernetes|postgresql|pytorch|sql
Bhargav Menon,ml_engineer,Junior,abbr,machine learning|pandas|python|pytorch|scikit-learn
Jaya Dubey 3297,data_scientist,Junior,mixed,data analysis|machine learning|numpy|pandas|statistics
Anjali Krishnan 3298,nlp_engineer,Senior,mixed,deep learning|kubernetes|natural language processing|python|pytorch|text classification
Ravi Chopra 3299,data_analyst,Intern,full,excel|power bi|python|tableau
Pooja Dubey 3300,backend_developer,Intern,full,java|linux|rest api|sql
Dhruv Kulkarni,frontend_developer,Intern,mixed,cloud|docker|git|html/css
Rakesh Subramanian,devops_engineer,Mid,full,ci/cd|docker|kubernetes|linux|postgresql
Aditi Chopra 3303,data_engineer,Intern,full,ci/cd|cloud|docker|linux|postgresql|statistics
Suresh Prasad 3304,ml_engineer,Junior,mixed,cloud|computer vision|docker|git|machine learning|python|pytorch|scikit-learn
Nandini Saxena 3305,data_scientist,Senior,mixed,cloud|data analysis|machine learning|pandas|python|pytorch|sql|statistics
Naveen Balan 3306,nlp_engineer,Intern,mixed,cloud|deep learning|natural language processing|python
Sneha Mehta 3307,data_analyst,Mid,full,data analysis|docker|excel|sql|tableau
Aniket Kumar,backend_developer,Mid,mixed,java|python|rest api|scikit-learn|spring boot|sql
Siddharth Raghavan 3309,frontend_developer,Mid,abbr,git|java|javascript|react|rest api
Ravi Balan 3310,devops_engineer,Junior,full,ci/cd|cloud|docker|kubernetes|python
Rohan Varma 3311,data_engineer,Mid,abbr,cloud|docker|pandas|postgresql|python
Ishaan Kumar 3312,ml_engineer,Junior,full,deep learning|machine learning|python|scikit-learn
Pallavi Deshpande 3313,data_scientist,Intern,full,numpy|pandas|scikit-learn|sql|statistics
Deepa Subramanian 3314,nlp_engineer,Mid,abbr,deep learning|natural language processing|postgresql|python|pytorch
Ananya Malhotra,data_analyst,Mid,full,data analysis|numpy|pandas|power bi|sql|tableau|tensorflow
Nisha Verma,backend_developer,Mid,abbr,postgresql|python|rest api|spring boot|sql
Omkar Jain 3317,frontend_developer,Intern,mixed,javascript|react|scikit-learn
Vidya Pillai 3318,devops_engineer,Junior,mixed,ci/cd|cloud|docker|java|kubernetes|linux|postgresql
Suresh Kulkarni 3319,data_engineer,Senior,abbr,ci/cd|cloud|docker|postgresql|python|sql
Sahana Kapoor 3320,ml_engineer,Mid,abbr,cloud|deep learning|docker|machine learning|numpy|python|pytorch|tensorflow
Gaurav Venkatesh 3321,data_scientist,Mid,abbr,machine learning|pandas|python|sql|statistics
Ganesh Chandran 3322,nlp_engineer,Intern,mixed,deep learning|java|natural language processing|pytorch
Pallavi Kumar 3323,data_analyst,Senior,abbr,data analysis|excel|power bi|sql|tableau
Divya Agarwal 3324,backend_developer,Mid,abbr,git|postgresql|power bi|python|rest api|spring boot|sql|statistics
Parvati Agarwal 3325,frontend_developer,Mid,abbr,git|html/css|react
Charu Patel 3326,devops_engineer,Junior,mixed,ci/cd|cloud|data analysis|kubernetes|linux|postgresql
Kiran Desai,data_engineer,Senior,full,cloud|docker|pandas|postgresql|python|sql
Sameer Subramanian 3328,ml_engineer,Mid,mixed,cloud|deep learning|docker|machine learning|pandas|python|scikit-learn|tensorflow
Rhea Iyer,data_scientist,Mid,full,machine learning|numpy|pandas|power bi|python|scikit-learn|sql|statistics
Naveen Agarwal 3330,nlp_engineer,Senior,mixed,deep learning|machine learning|natural language processing|python|pytorch|scikit-learn|sql|text classification
Udhav Patel 3331,data_analyst,Mid,abbr,data analysis|postgresql|power bi|sql|tableau
Tanvi Kaur 3332,backend_developer,Senior,abbr,git|java|kubernetes|postgresql|python|rest api|spring boot|sql
Gaurav Gupta 3333,frontend_developer,Senior,mixed,git|html/css|javascript|node.js|pandas|react|statistics
Suresh Iyer 3334,devops_engineer,Intern,abbr,cloud|docker|kubernetes|machine learning
Ravi Nambiar,data_engineer,Senior,full,cloud|data analysis|docker|postgresql|python|sql
Ananya Kapoor 3336,ml_engineer,Intern,mixed,machine learning|pytorch|sql|tensorflow
Sanjay Bhatt,data_scientist,Senior,mixed,data analysis|machine learning|numpy|pandas|python|scikit-learn|sql|statistics|tableau
Rhea Venkatesh,nlp_engineer,Senior,abbr,cloud|deep learning|natural language processing|numpy|python|pytorch|scikit-learn|text classification
Vishal Tiwari 3339,data_analyst,Mid,mixed,excel|power bi|sql|tableau
Omkar Kumar 3340,backend_developer,Senior,mixed,git|java|postgresql|rest api|spring boot|sql
Pranav Deshpande 3341,frontend_developer,Mid,full,html/css|javascript|python|react
Yamini Ghosh 3342,devops_engineer,Junior,full,ci/cd|cloud|docker|linux|postgresql
Nikhil Nambiar 3343,data_engineer,Senior,full,cloud|docker|mongodb|pandas|postgresql|python|sql
Ganesh Rao 3344,ml_engineer,Intern,abbr,deep learning|machine learning|python|pytorch|scikit-learn
Naveen Nair 3345,data_scientist,Intern,full,machine learning|pandas|python
Sneha Reddy,nlp_engineer,Senior,mixed,artificial intelligence|deep learning|docker|machine learning|natural language processing|python|pytorch|scikit-learn|text classification
Abhay Sharma 3347,data_analyst,Intern,mixed,data analysis|natural language processing|sql|statistics|tableau
Nikhil Naidu,backend_developer,Senior,mixed,java|kubernetes|postgresql|python|rest api|spring boot|sql
Dhruv Bhatt,frontend_developer,Mid,mixed,git|html/css|react
Darshan Tiwari,devops_engineer,Mid,full,ci/cd|cloud|java|kubernetes|linux|postgresql
Vikram Iyer,data_engineer,Intern,abbr,ci/cd|docker|kubernetes|python|sql
Ananya Shetty,ml_engineer,Mid,abbr,deep learning|machine learning|pandas|pytorch|scikit-learn|tensorflow
Ananya Mehta,data_scientist,Junior,full,data analysis|machine learning|pandas|python|pytorch|tableau
Zoya Bhatt 3354,nlp_engineer,Junior,full,ci/cd|deep learning|docker|natural language processing|pytorch|scikit-learn|text classification
Vishal Jain 3355,data_analyst,Intern,abbr,data analysis|excel|sql
Ganesh Singh 3356,backend_developer,Intern,mixed,java|mongodb|rest api|spring boot
Shreya Chopra 3357,frontend_developer,Junior,full,html/css|javascript|node.js|react
Sneha Singh,devops_engineer,Intern,full,ci/cd|git|kubernetes|linux|postgresql
Sahana Rao 3359,data_engineer,Senior,mixed,cloud|docker|git|postgresql|python|sql
Nikhil Kulkarni 3360,ml_engineer,Mid,full,cloud|deep learning|python|pytorch|scikit-learn|sql|statistics|tensorflow
Harini Raghavan 3361,data_scientist,Mid,mixed,data analysis|machine learning|pandas|scikit-learn|sql|statistics|tensorflow
Sanjay Chopra 3362,nlp_engineer,Mid,abbr,deep learning|natural language processing|pytorch|text classification
Jatin Joshi 3363,data_analyst,Senior,abbr,cloud|data analysis|docker|excel|power bi|python|sql|tableau
Tanvi Raghavan,backend_developer,Senior,mixed,java|postgresql|rest api|spring boot|sql
Rahul Kaur 3365,frontend_developer,Mid,mixed,html/css|javascript|node.js|react|rest api
Gaurav Sharma 3366,devops_engineer,Mid,full,cloud|docker|git|kubernetes|linux|react
Rhea Raghavan,data_engineer,Mid,abbr,cloud|docker|linux|mongodb|pandas|postgresql|python|rest api|sql
Deepa Joshi 3368,ml_engineer,Mid,abbr,deep learning|machine learning|numpy|python|pytorch|tensorflow
Rajesh Kumar,data_scientist,Intern,full,pandas|python|sql|tableau|text classification
Ishaan Dubey 3370,nlp_engineer,Junior,mixed,cloud|deep learning|machine learning|natural language processing|python|pytorch|text classification
Ganesh Patel 3371,data_analyst,Intern,mixed,excel|kubernetes|pandas|sql|tableau
Udhav Balan 3372,backend_developer,Senior,abbr,cloud|git|java|mongodb|postgresql|rest api|spring boot|sql
Varun Joshi,frontend_developer,Junior,full,git|javascript|node.js|numpy|python|react
Yash Chopra,devops_engineer,Junior,mixed,ci/cd|cloud|docker|html/css|linux|node.js|postgresql|python
Meera Naidu 3375,data_engineer,Intern,mixed,cloud|kubernetes|linux|postgresql|sql
Trisha Kumar 3376,ml_engineer,Mid,full,computer vision|machine learning|numpy|python|pytorch|scikit-learn|sql|tensorflow
Vidya Patel 3377,data_scientist,Intern,abbr,data analysis|kubernetes|machine learning|numpy|sql|tableau
Vikram Krishnan 3378,nlp_engineer,Intern,abbr,artificial intelligence|deep learning|java|postgresql|python|text classification
Ramya Desai 3379,data_analyst,Intern,full,power bi|python|sql|tableau
Udhav Chandran 3380,backend_developer,Intern,abbr,postgresql|rest api|sql|statistics
Sneha Menon 3381,frontend_developer,Intern,abbr,html/css|javascript
Sonal Bhatt 3382,devops_engineer,Junior,mixed,ci/cd|cloud|docker|git|kubernetes|python
Harini Ghosh 3383,data_engineer,Senior,full,ci/cd|cloud|docker|postgresql|python|sql
Charu Joshi,ml_engineer,Senior,mixed,cloud|computer vision|deep learning|machine learning|numpy|pandas|python|pytorch|scikit-learn|tensorflow
Jaya Agarwal 3385,data_scientist,Junior,abbr,data analysis|deep learning|pandas|python|statistics
Swathi Raghavan,nlp_engineer,Senior,abbr,deep learning|natural language processing|python|pytorch|text classification
Qamar Dubey 3387,data_analyst,Intern,abbr,data analysis|excel|sql
Omkar Joshi 3388,backend_developer,Intern,full,docker|git|java|rest api|spring boot
Deepa Kumar 3389,frontend_developer,Junior,abbr,git|html/css|node.js|react
Ravi Chandran 3390,devops_engineer,Junior,mixed,ci/cd|cloud|docker|java|kubernetes|postgresql|pytorch|sql
Parvati Kumar 3391,data_engineer,Junior,mixed,ci/cd|cloud|docker|html/css|javascript|linux|postgresql|sql
Chetan Iyer 3392,ml_engineer,Intern,full,deep learning|python|scikit-learn
Tarun Jain,data_scientist,Senior,mixed,data analysis|machine learning|pandas|python|sql|statistics
Mohit Varma,nlp_engineer,Senior,full,artificial intelligence|deep learning|machine learning|natural language processing|numpy|python|pytorch|text classification
Indira Kulkarni 3395,data_analyst,Senior,full,data analysis|excel|power bi|sql|tableau
Priya Krishnan 3396,backend_developer,Junior,mixed,java|javascript|mongodb|node.js|postgresql|rest api|sql
Vinay Menon 3397,frontend_developer,Senior,mixed,docker|git|html/css|javascript|react
Uma Pillai 3398,devops_engineer,Intern,mixed,ci/cd|git|kubernetes|linux|sql|tableau
Nandini Bhatt,data_engineer,Junior,full,cloud|docker|kubernetes|python|sql
Nisha Ghosh 3400,ml_engineer,Mid,mixed,computer vision|machine learning|python|pytorch|scikit-learn|statistics|tensorflow
Lalita Chandran,data_scientist,Mid,full,cloud|data analysis|linux|machine learning|numpy|pandas|python|scikit-learn|sql
Sameer Reddy,nlp_engineer,Junior,abbr,natural language processing|numpy|python|pytorch|scikit-learn|text classification
Yamini Joshi 3403,data_analyst,Senior,abbr,data analysis|excel|power bi|sql|tableau
Sahana Singh 3404,backend_developer,Intern,mixed,docker|git|postgresql|spring boot|sql
Ishaan Nambiar,frontend_developer,Senior,full,docker|git|html/css|javascript|react
Aditi Menon,devops_engineer,Intern,abbr,cloud|docker|git|linux
Priya Tiwari 3407,data_engineer,Senior,mixed,cloud|docker|postgresql|python|sql
Nandini Ghosh 3408,ml_engineer,Mid,abbr,ci/cd|computer vision|deep learning|docker|machine learning|pandas|postgresql|python|pytorch|tensorflow
Neha Dubey,data_scientist,Junior,full,data analysis|pandas|python|sql
Yamini Tiwari,nlp_engineer,Mid,abbr,deep learning|html/css|python|pytorch|react|text classification
Ishaan Chopra,data_analyst,Intern,full,mongodb|power bi|sql|tableau
Yamini Kumar 3412,backend_developer,Junior,mixed,ci/cd|docker|java|linux|postgresql|rest api|sql
Rahul Dubey 3413,frontend_developer,Mid,mixed,git|javascript|node.js|react
Farhan Raghavan,devops_engineer,Senior,full,ci/cd|cloud|docker|kubernetes|linux|python|tableau
Shreya Saxena 3415,data_engineer,Senior,mixed,cloud|docker|kubernetes|mongodb|postgresql|python|sql
Sanjay Naidu 3416,ml_engineer,Intern,abbr,deep learning|linux|python|pytorch
Ravi Hegde,data_scientist,Intern,abbr,machine learning|numpy|pandas|sql|tableau
Harini Rao 3418,nlp_engineer,Junior,mixed,cloud|deep learning|javascript|machine learning|natural language processing|numpy|python|pytorch
Ananya Jain 3419,data_analyst,Intern,mixed,data analysis|excel|machine learning|pandas|power bi
Deepa Verma,backend_developer,Junior,abbr,docker|java|kubernetes|postgresql|rest api|spring boot
Omkar Kumar 3421,frontend_developer,Senior,full,docker|git|html/css|javascript|linux|postgresql|react
Hema Raghavan 3422,devops_engineer,Senior,full,ci/cd|cloud|docker|java|kubernetes|linux
Shreya Patel 3423,data_engineer,Mid,full,docker|kubernetes|linux|pandas|postgresql|python|sql|tableau
Nikhil Naidu 3424,ml_engineer,Intern,abbr,python|pytorch|scikit-learn|sql
Sahana Krishnan 3425,data_scientist,Intern,mixed,deep learning|numpy|pandas|python|sql
Dhruv Kulkarni 3426,nlp_engineer,Senior,full,ci/cd|deep learning|natural language processing|postgresql|python|pytorch|text classification
Shreya Shetty,data_analyst,Senior,mixed,data analysis|excel|power bi|python|sql|statistics|tableau
Rhea Tiwari,backend_developer,Junior,mixed,docker|git|postgresql|python|rest api|spring boot|sql
Hema Mehta 3429,frontend_developer,Mid,mixed,docker|html/css|javascript|react
Lalita Varma,devops_engineer,Intern,full,ci/cd|cloud|docker
Trisha Subramanian 3431,data_engineer,Intern,mixed,cloud|pandas|python|sql
Madhav Pillai 3432,ml_engineer,Intern,mixed,machine learning|postgresql|python|pytorch
Meera Tiwari,data_scientist,Intern,full,data analysis|sql|statistics
Vikram Kumar,nlp_engineer,Mid,full,artificial intelligence|cloud|deep learning|natural language processing|numpy|python|pytorch
Nandini Raghavan 3435,data_analyst,Mid,abbr,data analysis|git|power bi|sql|tableau
Naveen Joshi 3436,backend_developer,Mid,abbr,docker|java|linux|mongodb|postgresql|spring boot|sql
Omkar Dubey,frontend_developer,Senior,abbr,docker|git|html/css|javascript|node.js|react|text classification
Bhargav Malhotra 3438,devops_engineer,Senior,full,ci/cd|cloud|docker|kubernetes|linux|react
Lakshmi Gupta,data_engineer,Senior,abbr,cloud|docker|postgresql|python|sql
Abhay Bhatt,ml_engineer,Mid,full,computer vision|deep learning|docker|natural language processing|numpy|python|pytorch|scikit-learn|tensorflow
Uma Hegde 3441,data_scientist,Senior,full,cloud|data analysis|kubernetes|machine learning|pandas|python|rest api|scikit-learn|sql|statistics|tableau|text classification
Rahul Saxena 3442,nlp_engineer,Senior,abbr,cloud|deep learning|machine learning|natural language processing|numpy|python|pytorch|react|rest api|scikit-learn|text classification
Gaurav Ghosh 3443,data_analyst,Mid,abbr,data analysis|deep learning|excel|pandas|power bi|sql
Rajesh Bhatt 3444,backend_developer,Intern,full,postgresql|power bi|rest api|spring boot|sql
Ritu Nambiar 3445,frontend_developer,Mid,abbr,cloud|git|html/css|node.js|numpy|react
Arjun Mehta 3446,devops_engineer,Intern,full,ci/cd|cloud|kubernetes|machine learning
Uma Nair 3447,data_engineer,Junior,full,cloud|docker|kubernetes|linux|postgresql|python|sql
Vidya Iyer 3448,ml_engineer,Intern,abbr,deep learning|pytorch|scikit-learn|statistics
Vishal Subramanian 3449,data_scientist,Junior,abbr,deep learning|machine learning|pandas|python|sql
Tanvi Prasad 3450,nlp_engineer,Intern,abbr,deep learning|docker|python|text classification
Shreya Joshi 3451,data_analyst,Mid,mixed,data analysis|power bi|sql|tableau
Meera Nambiar 3452,backend_developer,Senior,mixed,git|java|kubernetes|linux|mongodb|postgresql|rest api|spring boot|sql
Udhav Mehta 3453,frontend_developer,Mid,abbr,docker|git|html/css|javascript
Kabir Balan,devops_engineer,Mid,full,ci/cd|cloud|kubernetes|linux|postgresql
Yash Pillai,data_engineer,Intern,abbr,ci/cd|cloud|pandas|postgresql|python
Arjun Subramanian,ml_engineer,Senior,mixed,deep learning|docker|git|machine learning|python|pytorch|scikit-learn|tensorflow
Pranav Venkatesh 3457,data_scientist,Intern,abbr,deep learning|machine learning|numpy|pandas|sql|text classification
Pooja Desai 3458,nlp_engineer,Senior,full,artificial intelligence|cloud|deep learning|kubernetes|natural language processing|numpy|python|pytorch|scikit-learn|text classification
Dhruv Raghavan 3459,data_analyst,Senior,full,data analysis|excel|pandas|power bi|sql|statistics|tableau
Manish Raghavan 3460,backend_developer,Senior,abbr,docker|java|linux|mongodb|postgresql|python|rest api|spring boot|sql
Sneha Joshi 3461,frontend_developer,Mid,full,html/css|javascript|node.js|postgresql|react
Parvati Ghosh 3462,devops_engineer,Senior,mixed,ci/cd|cloud|docker|java|kubernetes|linux|postgresql
Rakesh Chopra 3463,data_engineer,Mid,full,ci/cd|cloud|docker|html/css|mongodb|pandas|postgresql|python
Vishal Joshi 3464,ml_engineer,Senior,full,deep learning|machine learning|python|pytorch|scikit-learn|spring boot|sql|tensorflow
Aniket Menon 3465,data_scientist,Senior,abbr,data analysis|machine learning|pandas|python|scikit-learn|sql|statistics
Shreya Agarwal 3466,nlp_engineer,Intern,full,deep learning|machine learning|python|scikit-learn|text classification
Vinay Hegde,data_analyst,Senior,mixed,data analysis|excel|pandas|power bi|python|sql|tableau
Sanjay Singh 3468,backend_developer,Senior,mixed,docker|git|java|postgresql|python|rest api|spring boot|sql
Meera Verma 3469,frontend_developer,Mid,abbr,git|html/css|javascript|natural language processing
Naveen Naidu 3470,devops_engineer,Intern,full,ci/cd|cloud|docker|mongodb|python
Neha Venkatesh,data_engineer,Mid,full,cloud|excel|pandas|postgresql|python|sql
Kabir Krishnan 3472,ml_engineer,Mid,abbr,deep learning|docker|machine learning|python|scikit-learn|sql|tensorflow
Deepa Shetty,data_scientist,Senior,mixed,data analysis|machine learning|numpy|pandas|python|scikit-learn|sql|statistics|text classification
Meera Jain 3474,nlp_engineer,Junior,abbr,natural language processing|python|pytorch|scikit-learn|text classification
Arjun Dubey 3475,data_analyst,Intern,mixed,data analysis|docker|excel|machine learning|tableau
Trisha Pillai,backend_developer,Mid,mixed,java|postgresql|spring boot|sql
Qamar Raghavan,frontend_developer,Junior,mixed,ci/cd|git|javascript|python|react
Nikhil Gupta,devops_engineer,Senior,abbr,ci/cd|cloud|docker|kubernetes|linux|numpy
Rakesh Patel 3479,data_engineer,Senior,full,cloud|data analysis|docker|postgresql|python|sql
Neha Kulkarni,ml_engineer,Senior,mixed,deep learning|docker|machine learning|natural language processing|numpy|pandas|python|pytorch|scikit-learn|statistics|tensorflow
Rohan Jain,data_scientist,Junior,full,data analysis|python|sql|statistics
Madhav Reddy 3482,nlp_engineer,Mid,mixed,deep learning|python|pytorch|scikit-learn|text classification
Rahul Prasad 3483,data_analyst,Junior,mixed,excel|pandas|power bi|react|sql|tableau
Lakshmi Reddy 3484,backend_developer,Senior,mixed,java|postgresql|rest api|spring boot|sql|statistics
Varun Tiwari,frontend_developer,Junior,abbr,git|javascript|react
Arjun Patel,devops_engineer,Junior,mixed,ci/cd|cloud|docker|java|kubernetes
Shreya Bhatt 3487,data_engineer,Senior,mixed,cloud|docker|linux|postgresql|python|sql
Naveen Krishnan 3488,ml_engineer,Junior,full,deep learning|machine learning|numpy|python|sql|tensorflow
Siddharth Kaur,data_scientist,Mid,abbr,data analysis|machine learning|numpy|pandas|sql|statistics|text classification
Ishaan Naidu 3490,nlp_engineer,Junior,full,artificial intelligence|deep learning|machine learning|natural language processing|python|pytorch
Dhruv Gupta 3491,data_analyst,Intern,mixed,numpy|power bi|pytorch|sql|tableau
Varun Desai 3492,backend_developer,Senior,full,docker|java|postgresql|python|rest api|spring boot|sql
Sonal Agarwal 3493,frontend_developer,Senior,full,git|html/css|javascript|node.js|react|rest api
Abhay Krishnan 3494,devops_engineer,Intern,mixed,ci/cd|kubernetes|linux
Kabir Singh,data_engineer,Intern,mixed,cloud|machine learning|postgresql|sql|tableau
Aditi Kulkarni,ml_engineer,Junior,abbr,deep learning|machine learning|postgresql|python|pytorch|tensorflow
Manish Pillai 3497,data_scientist,Junior,mixed,deep learning|machine learning|python|sql|statistics|text classification
Parvati Rao 3498,nlp_engineer,Mid,mixed,deep learning|docker|natural language processing|numpy|pytorch|scikit-learn|text classification
Rajesh Rao 3499,data_analyst,Intern,mixed,excel|postgresql|sql|tableau
Abhay Kaur 3500,backend_developer,Senior,mixed,java|postgresql|python|rest api|spring boot|sql
Charu Iyer 3501,frontend_developer,Junior,abbr,git|html/css|react|rest api
Meera Subramanian 3502,devops_engineer,Junior,mixed,ci/cd|cloud|java|kubernetes|linux|power bi|python
Aarav Kumar 3503,data_engineer,Intern,full,docker|kubernetes|mongodb|pandas|postgresql|python
Kabir Dubey 3504,ml_engineer,Senior,abbr,data analysis|deep learning|machine learning|natural language processing|python|pytorch|scikit-learn|tensorflow
Udhav Nair,data_scientist,Senior,full,cloud|data analysis|deep learning|machine learning|pandas|power bi|python|sql|statistics
Charu Reddy 3506,nlp_engineer,Intern,abbr,deep learning|python|pytorch|react
Divya Varma 3507,data_analyst,Mid,full,data analysis|excel|sql|statistics|tableau
Aarav Singh 3508,backend_developer,Mid,full,java|postgresql|rest api|spring boot
Meera Nambiar 3509,frontend_developer,Intern,abbr,git|javascript|rest api
Chetan Naidu,devops_engineer,Junior,mixed,cloud|docker|java|kubernetes|linux|python
Manish Hegde,data_engineer,Junior,abbr,ci/cd|docker|linux|postgresql|python|sql
Shreya Balan 3512,ml_engineer,Intern,abbr,cloud|deep learning|docker|html/css|natural language processing|numpy|python|pytorch
Abhay Krishnan 3513,data_scientist,Senior,full,data analysis|deep learning|machine learning|pandas|python|sql|statistics|text classification
Lakshmi Nambiar 3514,nlp_engineer,Junior,mixed,deep learning|natural language processing|numpy|python|pytorch|scikit-learn
Rajesh Desai 3515,data_analyst,Mid,full,cloud|data analysis|docker|excel|sql|tableau
Zoya Verma,backend_developer,Intern,abbr,git|postgresql|react|spring boot|sql
Tarun Balan 3517,frontend_developer,Intern,abbr,javascript|react
Pallavi Joshi,devops_engineer,Senior,mixed,ci/cd|cloud|docker|java|kubernetes|linux|postgresql
Esha Dubey,data_engineer,Intern,full,cloud|docker|mongodb|python
Sneha Hegde 3520,ml_engineer,Senior,abbr,cloud|computer vision|deep learning|javascript|machine learning|natural language processing|python|pytorch|rest api|scikit-learn|sql|statistics|tensorflow
Sneha Kulkarni 3521,data_scientist,Intern,abbr,machine learning|numpy|pandas|python
Tarun Ghosh 3522,nlp_engineer,Senior,abbr,ci/cd|cloud|deep learning|docker|natural language processing|numpy|python|pytorch|scikit-learn|text classification
Kavya Bhatt 3523,data_analyst,Mid,mixed,docker|excel|html/css|power bi|python|sql|statistics|tableau
Farhan Verma 3524,backend_developer,Mid,full,cloud|linux|postgresql|rest api|spring boot|sql
Sonal Kulkarni 3525,frontend_developer,Senior,mixed,docker|git|html/css|javascript|kubernetes|node.js|react
Pooja Tiwari 3526,devops_engineer,Intern,mixed,cloud|docker|linux|spring boot
Farhan Agarwal,data_engineer,Junior,abbr,docker|linux|postgresql|python|sql
Yash Bhatt 3528,ml_engineer,Senior,full,computer vision|deep learning|machine learning|pandas|python|pytorch|scikit-learn|sql|statistics|tensorflow
Abhay Subramanian 3529,data_scientist,Senior,mixed,cloud|data analysis|deep learning|machine learning|pandas|postgresql|power bi|python|sql|statistics
Ganesh Chopra 3530,nlp_engineer,Mid,abbr,natural language processing|python|pytorch|text classification
Zoya Chandran 3531,data_analyst,Senior,mixed,data analysis|deep learning|excel|power bi|sql|tableau|text classification
Pallavi Tiwari 3532,backend_developer,Junior,abbr,java|kubernetes|mongodb|postgresql|rest api|sql
Ananya Agarwal 3533,frontend_developer,Mid,full,git|javascript|node.js|pandas|react
Pranav Reddy 3534,devops_engineer,Intern,full,cloud|docker|git|linux|pandas
Zoya Shetty 3535,data_engineer,Mid,full,cloud|natural language processing|postgresql|python|sql
Vinay Mehta 3536,ml_engineer,Mid,abbr,deep learning|kubernetes|machine learning|pytorch|scikit-learn|sql|tensorflow
Pooja Ghosh,data_scientist,Mid,abbr,data analysis|machine learning|pandas|python|sql
Kavya Pillai 3538,nlp_engineer,Intern,abbr,artificial intelligence|cloud|deep learning|natural language processing|pytorch|tableau
Rajesh Chandran,data_analyst,Junior,mixed,cloud|data analysis|pandas|power bi|python|scikit-learn|sql|tableau
Esha Menon,backend_developer,Mid,full,docker|java|mongodb|postgresql|rest api|spring boot|sql
Darshan Deshpande 3541,frontend_developer,Mid,mixed,html/css|javascript|react|rest api
Sneha Kulkarni 3542,devops_engineer,Mid,abbr,ci/cd|cloud|kubernetes|linux|postgresql|scikit-learn|text classification
Nikhil Dubey 3543,data_engineer,Mid,mixed,ci/cd|docker|pandas|postgresql|python|sql
Rahul Joshi,ml_engineer,Mid,full,cloud|computer vision|deep learning|machine learning|python|pytorch|tensorflow
Yash Naidu 3545,data_scientist,Mid,mixed,data analysis|machine learning|pandas|scikit-learn|sql|statistics
Bhavna Patel 3546,nlp_engineer,Intern,mixed,deep learning|machine learning|natural language processing|python|scikit-learn
Neha Patel 3547,data_analyst,Senior,mixed,data analysis|excel|power bi|python|rest api|sql|tableau
Nikhil Saxena 3548,backend_developer,Intern,mixed,java|postgresql|sql
Sonal Verma,frontend_developer,Mid,abbr,git|html/css|javascript|node.js|rest api
Gaurav Kapoor 3550,devops_engineer,Senior,abbr,ci/cd|cloud|docker|kubernetes|linux|scikit-learn
Lalita Sharma 3551,data_engineer,Intern,mixed,cloud|docker|kubernetes|sql
Vidya Agarwal 3552,ml_engineer,Mid,abbr,deep learning|machine learning|python|pytorch|scikit-learn
Esha Prasad,data_scientist,Intern,full,machine learning|pandas|postgresql|python
Jatin Deshpande 3554,nlp_engineer,Senior,abbr,ci/cd|deep learning|machine learning|natural language processing|numpy|python|pytorch|scikit-learn|text classification
Indira Venkatesh 3555,data_analyst,Intern,full,data analysis|excel|git|linux|power bi
Parvati Singh,backend_developer,Intern,mixed,java|mongodb|python|spring boot|sql
Tanvi Chopra 3557,frontend_developer,Senior,mixed,git|html/css|javascript|react|rest api
Sneha Naidu 3558,devops_engineer,Junior,mixed,cloud|docker|java|kubernetes|linux|python|sql
Trisha Nair 3559,data_engineer,Senior,full,cloud|docker|linux|postgresql|python|sql
Nandini Chandran 3560,ml_engineer,Senior,abbr,deep learning|machine learning|python|pytorch|scikit-learn|statistics|tableau|tensorflow
Suresh Nair 3561,data_scientist,Intern,full,docker|machine learning|python|sql
Tarun Desai 3562,nlp_engineer,Mid,abbr,data analysis|deep learning|natural language processing|pytorch|text classification
Kabir Desai,data_analyst,Senior,abbr,data analysis|excel|postgresql|power bi|sql|tableau
Esha Verma 3564,backend_developer,Mid,mixed,java|postgresql|python|rest api|sql
Kiran Gupta,frontend_developer,Intern,abbr,git|javascript
Pallavi Krishnan 3566,devops_engineer,Senior,mixed,ci/cd|cloud|docker|java|kubernetes|linux|python
Tanvi Varma 3567,data_engineer,Senior,mixed,ci/cd|cloud|docker|kubernetes|linux|postgresql|python|sql
Vikram Reddy 3568,ml_engineer,Mid,full,deep learning|machine learning|python|pytorch|react|rest api|scikit-learn
Tarun Menon 3569,data_scientist,Senior,abbr,cloud|data analysis|git|machine learning|numpy|pandas|python|scikit-learn|sql|statistics|tableau
Rahul Bhatt 3570,nlp_engineer,Junior,mixed,cloud|deep learning|machine learning|natural language processing|pytorch|scikit-learn|text classification
Tarun Tiwari 3571,data_analyst,Mid,full,data analysis|java|pandas|postgresql|power bi|sql|tableau
Farhan Venkatesh 3572,backend_developer,Senior,full,java|linux|postgresql|rest api|spring boot|sql
Vishal Chandran 3573,frontend_developer,Intern,mixed,docker|html/css|javascript|natural language processing|node.js
Uma Gupta 3574,devops_engineer,Mid,full,ci/cd|cloud|docker|kubernetes|postgresql
Rajesh Verma 3575,data_engineer,Junior,full,cloud|linux|postgresql|python|sql
Trisha Dubey 3576,ml_engineer,Intern,mixed,cloud|deep learning|pytorch|statistics|tableau|tensorflow
Ravi Saxena 3577,data_scientist,Junior,full,cloud|machine learning|python|sql|statistics
Farhan Varma,nlp_engineer,Senior,full,deep learning|natural language processing|python|pytorch|tableau|text classification
Divya Gupta 3579,data_analyst,Intern,full,excel|numpy|python|sql|tableau
Swathi Joshi 3580,backend_developer,Mid,mixed,docker|java|linux|mongodb|postgresql|rest api|spring boot
Yash Subramanian 3581,frontend_developer,Intern,mixed,git|java|javascript
Rahul Nair 3582,devops_engineer,Mid,full,ci/cd|cloud|docker|kubernetes|postgresql|python
Arjun Gupta 3583,data_engineer,Intern,mixed,cloud|docker|kubernetes|linux|sql
Tarun Raghavan,ml_engineer,Junior,full,artificial intelligence|deep learning|docker|numpy|python|scikit-learn|statistics|tensorflow
Aarav Dubey 3585,data_scientist,Intern,mixed,python|sql|statistics
Nisha Iyer 3586,nlp_engineer,Mid,mixed,artificial intelligence|deep learning|docker|numpy|python|pytorch|text classification
Priya Naidu 3587,data_analyst,Intern,mixed,excel|power bi|python|tableau
Vidya Varma 3588,backend_developer,Senior,mixed,java|postgresql|rest api|spring boot|sql
Ishaan Hegde,frontend_developer,Intern,full,html/css|node.js|react
Deepa Menon 3590,devops_engineer,Mid,mixed,ci/cd|docker|kubernetes|linux
Ravi Mehta 3591,data_engineer,Senior,mixed,cloud|docker|postgresql|python|sql
Nikhil Sharma,ml_engineer,Mid,full,cloud|deep learning|docker|natural language processing|python|pytorch|scikit-learn|sql|tensorflow
Ramya Kaur 3593,data_scientist,Senior,abbr,data analysis|machine learning|pandas|python|sql|statistics|tableau
Abhay Gupta 3594,nlp_engineer,Junior,abbr,deep learning|machine learning|natural language processing|numpy|python|text classification
Charu Kapoor,data_analyst,Junior,full,data analysis|excel|power bi|python|tableau
Vidya Ghosh,backend_developer,Mid,abbr,docker|kubernetes|mongodb|postgresql|python|rest api|spring boot|sql
Vikram Agarwal,frontend_developer,Junior,mixed,git|javascript|react
Charu Gupta 3598,devops_engineer,Intern,full,ci/cd|cloud|data analysis|kubernetes|pandas
Vishal Venkatesh 3599,data_engineer,Senior,mixed,cloud|docker|kubernetes|postgresql|python|rest api|sql
Swathi Pillai 3600,ml_engineer,Intern,mixed,deep learning|java|pytorch|tensorflow
Meera Saxena 3601,data_scientist,Mid,abbr,data analysis|machine learning|python|scikit-learn|sql|statistics
Uma Hegde 3602,nlp_engineer,Senior,full,artificial intelligence|deep learning|natural language processing|python|pytorch|statistics|text classification
Zoya Saxena 3603,data_analyst,Junior,mixed,data analysis|docker|excel|git|postgresql|power bi|sql
Pallavi Saxena 3604,backend_developer,Junior,abbr,docker|git|postgresql|rest api|spring boot|sql
Bhargav Krishnan 3605,frontend_developer,Mid,full,git|html/css|javascript|pytorch|statistics
Neha Kumar 3606,devops_engineer,Senior,abbr,ci/cd|cloud|docker|kubernetes|linux
Tanvi Chandran,data_engineer,Senior,mixed,cloud|docker|kubernetes|linux|postgresql|python|sql
Ishaan Kaur 3608,ml_engineer,Senior,mixed,cloud|deep learning|git|machine learning|python|pytorch|scikit-learn|tensorflow
Rakesh Sharma 3609,data_scientist,Intern,mixed,docker|machine learning|pandas|sql
Vinay Chopra,nlp_engineer,Mid,abbr,cloud|deep learning|docker|machine learning|natural language processing|python|text classification
Neha Naidu 3611,data_analyst,Junior,mixed,data analysis|excel|git|sql|tableau
Rajesh Krishnan 3612,backend_developer,Intern,full,postgresql|spring boot|sql
Jatin Joshi 3613,frontend_developer,Junior,mixed,git|html/css|machine learning|react|rest api
Chetan Shetty 3614,devops_engineer,Senior,mixed,ci/cd|cloud|docker|kubernetes|linux|postgresql
Vinay Patel 3615,data_engineer,Senior,full,ci/cd|cloud|docker|postgresql|python|sql
Neha Kumar 3616,ml_engineer,Junior,mixed,cloud|deep learning|natural language processing|python|pytorch|statistics|tensorflow
Kiran Nair 3617,data_scientist,Intern,full,pandas|python|scikit-learn|sql|tableau
Tarun Rao 3618,nlp_engineer,Junior,abbr,artificial intelligence|deep learning|natural language processing|numpy|python|pytorch|scikit-learn
Deepa Mehta,data_analyst,Junior,abbr,data analysis|docker|excel|postgresql|power bi|sql
Abhay Chopra 3620,backend_developer,Senior,abbr,docker|excel|git|java|kubernetes|mongodb|postgresql|rest api|spring boot|sql
Uma Reddy,frontend_developer,Senior,mixed,git|html/css|javascript|node.js|react
Harini Pillai,devops_engineer,Junior,mixed,ci/cd|cloud|docker|java|kubernetes|python|react
Chetan Sharma,data_engineer,Intern,full,deep learning|docker|postgresql|python|sql
Kabir Bhatt 3624,ml_engineer,Intern,full,deep learning|machine learning|natural language processing|numpy|tensorflow|text classification
Ishaan Iyer 3625,data_scientist,Junior,mixed,data analysis|deep learning|pandas|power bi|python|sql|statistics|tableau
Naveen Naidu 3626,nlp_engineer,Senior,full,deep learning|natural language processing|pandas|python|pytorch|text classification
Vikram Subramanian 3627,data_analyst,Senior,abbr,data analysis|excel|postgresql|power bi|sql|tableau
Neha Rao,backend_developer,Junior,abbr,java|linux|mongodb|postgresql|rest api|spring boot
Aniket Hegde 3629,frontend_developer,Junior,abbr,git|html/css|react
Pallavi Nambiar 3630,devops_engineer,Intern,mixed,ci/cd|docker|git|kubernetes
Jaya Krishnan,data_engineer,Junior,full,ci/cd|docker|postgresql|python|sql
Shreya Gupta 3632,ml_engineer,Senior,mixed,deep learning|machine learning|pandas|python|pytorch|scikit-learn|tensorflow
Kiran Chopra 3633,data_scientist,Senior,abbr,computer vision|data analysis|deep learning|machine learning|numpy|pandas|power bi|python|scikit-learn|sql|statistics|tensorflow
Pooja Malhotra 3634,nlp_engineer,Mid,mixed,cloud|deep learning|natural language processing|numpy|python|sql|text classification
Rajesh Nambiar 3635,data_analyst,Junior,mixed,excel|pandas|power bi|sql|statistics|tableau
Pooja Nair 3636,backend_developer,Senior,abbr,cloud|java|postgresql|rest api|spring boot|sql
Ananya Hegde 3637,frontend_developer,Intern,full,javascript|react
Dhruv Hegde 3638,devops_engineer,Junior,mixed,ci/cd|cloud|java|kubernetes|linux|postgresql|power bi|python
Sameer Subramanian 3639,data_engineer,Intern,full,cloud|postgresql|power bi|sql
Kavya Dubey 3640,ml_engineer,Mid,mixed,computer vision|deep learning|linux|machine learning|pandas|postgresql|pytorch|scikit-learn|sql|tensorflow
Madhav Mehta,data_scientist,Junior,mixed,data analysis|deep learning|numpy|pandas|power bi|python|sql
Esha Varma 3642,nlp_engineer,Mid,full,deep learning|natural language processing|numpy|python|scikit-learn|statistics|text classification
Swathi Naidu 3643,data_analyst,Junior,abbr,data analysis|excel|power bi|rest api|sql|statistics
Divya Kaur 3644,backend_developer,Senior,mixed,html/css|java|postgresql|rest api|spring boot|sql
Rhea Hegde 3645,frontend_developer,Senior,mixed,ci/cd|docker|git|html/css|javascript|node.js|postgresql|react
Rahul Raghavan 3646,devops_engineer,Intern,full,ci/cd|docker|java|kubernetes|postgresql|spring boot
Lalita Varma 3647,data_engineer,Senior,abbr,cloud|docker|postgresql|python|sql
Parvati Kaur 3648,ml_engineer,Mid,abbr,deep learning|machine learning|natural language processing|python|pytorch|scikit-learn|sql|statistics|tensorflow
Deepa Desai 3649,data_scientist,Junior,mixed,data analysis|machine learning|python|sql
Lalita Kapoor 3650,nlp_engineer,Intern,mixed,artificial intelligence|deep learning|natural language processing|numpy|text classification
Jaya Shetty 3651,data_analyst,Intern,mixed,data analysis|postgresql|power bi|sql
Vinay Venkatesh 3652,backend_developer,Intern,abbr,git|postgresql|rest api|spring boot
Dhruv Dubey 3653,frontend_developer,Junior,abbr,html/css|javascript|kubernetes|react
Jatin Kulkarni 3654,devops_engineer,Mid,abbr,ci/cd|cloud|kubernetes|linux
Hema Saxena 3655,data_engineer,Junior,full,cloud|mongodb|postgresql|python|sql
Kiran Naidu,ml_engineer,Junior,abbr,computer vision|docker|machine learning|python|pytorch|tensorflow
Indira Bhatt 3657,data_scientist,Junior,abbr,machine learning|pandas|postgresql|python|scikit-learn|sql
Vinay Raghavan 3658,nlp_engineer,Senior,full,deep learning|natural language processing|python|pytorch|scikit-learn|text classification
Sneha Bhatt,data_analyst,Mid,abbr,data analysis|excel|power bi|statistics|tableau
Priya Jain,backend_developer,Mid,abbr,java|linux|rest api|spring boot|sql
Sonal Patel 3661,frontend_developer,Intern,abbr,cloud|docker|git|html/css|postgresql
Jatin Verma 3662,devops_engineer,Mid,mixed,ci/cd|cloud|docker|git|kubernetes|postgresql
Shreya Prasad 3663,data_engineer,Mid,mixed,cloud|docker|java|postgresql|python
Swathi Chandran 3664,ml_engineer,Junior,abbr,cloud|deep learning|machine learning|pandas|pytorch|scikit-learn|sql
Trisha Naidu 3665,data_scientist,Intern,full,data analysis|machine learning|pandas|scikit-learn
Ishaan Reddy 3666,nlp_engineer,Intern,mixed,docker|natural language processing|python|scikit-learn|text classification
Rohan Singh 3667,data_analyst,Mid,mixed,excel|pandas|power bi|python|sql|tableau
Vishal Menon,backend_developer,Junior,mixed,kubernetes|postgresql|rest api|spring boot|sql
Aniket Raghavan 3669,frontend_developer,Mid,abbr,docker|html/css|javascript|react|rest api|sql
Ishaan Kulkarni 3670,devops_engineer,Senior,mixed,ci/cd|cloud|docker|git|kubernetes|linux|python
Siddharth Venkatesh 3671,data_engineer,Intern,full,linux|postgresql|python|sql
Tarun Shetty 3672,ml_engineer,Senior,full,deep learning|machine learning|natural language processing|numpy|pandas|python|pytorch|scikit-learn|sql|statistics|tensorflow
Manish Shetty,data_scientist,Mid,mixed,deep learning|machine learning|natural language processing|pandas|python|sql|statistics
Kiran Singh,nlp_engineer,Mid,mixed,deep learning|python|pytorch|scikit-learn|text classification
Vikram Balan 3675,data_analyst,Mid,full,data analysis|excel|power bi|sql
Swathi Hegde,backend_developer,Intern,mixed,docker|git|java|kubernetes|spring boot|sql
Kiran Kaur 3677,frontend_developer,Senior,mixed,git|html/css|javascript|react
Arjun Verma,devops_engineer,Junior,full,ci/cd|cloud|docker|java|kubernetes|numpy|python
Nikhil Joshi 3679,data_engineer,Mid,full,docker|kubernetes|linux|pandas|postgresql|python|sql
Darshan Deshpande 3680,ml_engineer,Mid,mixed,cloud|deep learning|machine learning|natural language processing|pytorch|scikit-learn|sql|statistics|tensorflow
Vikram Deshpande,data_scientist,Intern,mixed,machine learning|python|pytorch|statistics
Divya Prasad 3682,nlp_engineer,Junior,mixed,deep learning|html/css|natural language processing|numpy|python|pytorch|react|scikit-learn
Arjun Naidu 3683,data_analyst,Senior,mixed,ci/cd|data analysis|excel|java|power bi|sql|statistics|tableau
Kiran Bhatt 3684,backend_developer,Junior,abbr,java|kubernetes|postgresql|python|rest api|spring boot
Hema Reddy 3685,frontend_developer,Mid,full,docker|git|javascript|node.js|react|rest api
Dhruv Nambiar 3686,devops_engineer,Senior,mixed,ci/cd|cloud|docker|kubernetes|linux|pytorch|scikit-learn
Darshan Krishnan 3687,data_engineer,Mid,mixed,docker|postgresql|python|sql
Tanvi Raghavan 3688,ml_engineer,Junior,abbr,deep learning|docker|python|scikit-learn|tensorflow
Shreya Pillai 3689,data_scientist,Senior,abbr,data analysis|git|java|machine learning|pandas|python|scikit-learn|sql|statistics|tableau
Jaya Kulkarni 3690,nlp_engineer,Junior,full,artificial intelligence|deep learning|docker|natural language processing|python|pytorch
Priya Gupta 3691,data_analyst,Intern,full,data analysis|docker|postgresql|power bi|python|tableau
Siddharth Jain,backend_developer,Mid,mixed,git|java|mongodb|postgresql|python|spring boot|sql
Zoya Joshi,frontend_developer,Mid,mixed,docker|git|html/css|node.js|react
Madhav Bhatt,devops_engineer,Mid,full,ci/cd|cloud|docker|kubernetes
Aniket Verma 3695,data_engineer,Senior,mixed,cloud|docker|linux|pandas|postgresql|python|sql
Nisha Balan 3696,ml_engineer,Junior,full,deep learning|docker|pandas|python|scikit-learn|sql|tensorflow
Sonal Verma 3697,data_scientist,Intern,full,deep learning|machine learning|python|sql|tableau
Ishaan Malhotra 3698,nlp_engineer,Intern,full,deep learning|python|pytorch
Pallavi Krishnan 3699,data_analyst,Intern,full,data analysis|excel|sql
Gaurav Balan 3700,backend_developer,Junior,abbr,docker|java|kubernetes|postgresql|rest api|sql
Deepa Krishnan 3701,frontend_developer,Mid,full,docker|html/css|javascript|react
Uma Raghavan 3702,devops_engineer,Senior,full,ci/cd|cloud|docker|kubernetes|linux
Sahana Bhatt,data_engineer,Intern,abbr,data analysis|docker|linux|postgresql|python
Swathi Balan 3704,ml_engineer,Intern,mixed,cloud|deep learning|scikit-learn|tensorflow
Tarun Varma 3705,data_scientist,Senior,abbr,cloud|data analysis|machine learning|pandas|power bi|python|sql|statistics
Rhea Menon 3706,nlp_engineer,Junior,full,deep learning|python|pytorch|sql|text classification
Pooja Balan 3707,data_analyst,Intern,abbr,data analysis|sql|tableau
Bhargav Pillai 3708,backend_developer,Junior,abbr,docker|java|python|rest api|spring boot|sql
Lalita Bhatt,frontend_developer,Junior,abbr,docker|git|html/css|react
Pranav Gupta 3710,devops_engineer,Junior,mixed,cloud|data analysis|docker|git|java|kubernetes|linux|pandas
Sanjay Nambiar 3711,data_engineer,Mid,mixed,ci/cd|cloud|docker|kubernetes|postgresql|sql
Ishaan Mehta 3712,ml_engineer,Junior,mixed,cloud|deep learning|python|pytorch|sql|statistics|tensorflow
Divya Malhotra 3713,data_scientist,Junior,mixed,data analysis|machine learning|pandas|sql
Nandini Kumar 3714,nlp_engineer,Junior,mixed,cloud|deep learning|docker|machine learning|natural language processing|python|pytorch
Farhan Varma 3715,data_analyst,Junior,full,data analysis|excel|python|pytorch|sql|statistics|tableau
Omkar Mehta 3716,backend_developer,Senior,full,git|java|kubernetes|linux|postgresql|python|rest api|spring boot|sql
Dhruv Deshpande 3717,frontend_developer,Senior,full,docker|git|html/css|javascript|node.js|react
Ananya Agarwal 3718,devops_engineer,Senior,abbr,ci/cd|cloud|deep learning|docker|kubernetes|linux
Nisha Patel,data_engineer,Mid,full,ci/cd|cloud|docker|kubernetes|linux|python|sql
Suresh Menon 3720,ml_engineer,Mid,full,deep learning|natural language processing|python|pytorch|scikit-learn|statistics|tensorflow
Rahul Menon 3721,data_scientist,Junior,abbr,machine learning|pandas|sql|statistics
Rajesh Saxena 3722,nlp_engineer,Junior,abbr,cloud|deep learning|python|pytorch|text classification
Neha Naidu 3723,data_analyst,Mid,mixed,data analysis|excel|java|kubernetes|pandas|python|sql|tableau
Farhan Subramanian 3724,backend_developer,Senior,abbr,java|pandas|postgresql|rest api|spring boot|sql
Manish Tiwari 3725,frontend_developer,Mid,full,git|html/css|react|rest api
Sneha Joshi 3726,devops_engineer,Senior,abbr,ci/cd|cloud|docker|git|kubernetes|linux|postgresql|python|sql
Arjun Patel 3727,data_engineer,Mid,full,ci/cd|cloud|docker|kubernetes|machine learning|pandas|python|sql
Akash Krishnan 3728,ml_engineer,Mid,abbr,deep learning|natural language processing|pandas|python|pytorch|scikit-learn|sql|tensorflow
Tarun Krishnan 3729,data_scientist,Intern,mixed,data analysis|python|sql
Nisha Raghavan 3730,nlp_engineer,Intern,abbr,python|pytorch|scikit-learn|text classification
Divya Chopra,data_analyst,Intern,abbr,deep learning|excel|pandas|power bi|sql
Rajesh Kaur 3732,backend_developer,Intern,mixed,java|postgresql|python|spring boot
Mohit Agarwal 3733,frontend_developer,Senior,abbr,git|html/css|javascript|machine learning|node.js|react|rest api
Ananya Kapoor 3734,devops_engineer,Junior,mixed,cloud|docker|git|kubernetes|linux|postgresql
Darshan Chopra,data_engineer,Senior,abbr,cloud|docker|postgresql|python|sql|statistics
Priya Patel,ml_engineer,Intern,mixed,python|pytorch|scikit-learn|statistics
Jaya Dubey 3737,data_scientist,Mid,mixed,cloud|data analysis|git|machine learning|numpy|pandas|postgresql|power bi|python|sql
Vikram Singh 3738,nlp_engineer,Intern,abbr,artificial intelligence|deep learning|pytorch|text classification
Ramya Kapoor 3739,data_analyst,Mid,mixed,data analysis|excel|power bi|sql
Vidya Prasad,backend_developer,Mid,mixed,deep learning|java|mongodb|postgresql|rest api|sql
Ritu Rao,frontend_developer,Junior,mixed,docker|git|html/css|react
Arjun Hegde 3742,devops_engineer,Senior,full,ci/cd|cloud|docker|kubernetes|linux|python
Deepa Gupta,data_engineer,Mid,abbr,cloud|java|kubernetes|mongodb|pandas|postgresql|python|spring boot|sql
Omkar Dubey 3744,ml_engineer,Intern,full,deep learning|machine learning|pytorch
Varun Kaur 3745,data_scientist,Senior,mixed,data analysis|machine learning|pandas|python|sql|statistics
Akash Kumar 3746,nlp_engineer,Senior,full,deep learning|docker|mongodb|natural language processing|python|pytorch|text classification
Akash Desai 3747,data_analyst,Senior,mixed,data analysis|excel|mongodb|postgresql|power bi|sql|statistics|tableau
Vinay Chopra 3748,backend_developer,Mid,mixed,data analysis|git|java|kubernetes|pandas|python|rest api|spring boot|sql
Naveen Desai,frontend_developer,Junior,mixed,git|html/css|javascript
Yamini Menon 3750,devops_engineer,Mid,mixed,ci/cd|docker|git|java|kubernetes|linux
Meera Mehta 3751,data_engineer,Mid,mixed,cloud|docker|python|sql
Farhan Menon,ml_engineer,Junior,abbr,cloud|deep learning|machine learning|numpy|scikit-learn|statistics|tensorflow
Mohit Venkatesh 3753,data_scientist,Mid,mixed,deep learning|machine learning|pandas|python|scikit-learn|sql|statistics
Suresh Chopra,nlp_engineer,Mid,mixed,cloud|deep learning|natural language processing|python|pytorch
Tanvi Subramanian 3755,data_analyst,Senior,mixed,data analysis|excel|postgresql|power bi|python|sql|tableau
Sanjay Naidu 3756,backend_developer,Junior,mixed,docker|java|linux|postgresql|rest api|sql
Mohit Chopra 3757,frontend_developer,Junior,mixed,git|html/css|javascript|python
Ritu Kulkarni,devops_engineer,Mid,full,ci/cd|docker|kubernetes|linux|python
Jaya Patel 3759,data_engineer,Intern,abbr,ci/cd|docker|postgresql|python
Suresh Hegde 3760,ml_engineer,Intern,abbr,cloud|machine learning|python|tensorflow
Zoya Desai 3761,data_scientist,Intern,mixed,machine learning|mongodb|pandas|python
Sneha Nair 3762,nlp_engineer,Mid,abbr,deep learning|docker|natural language processing|python|pytorch
Nandini Desai 3763,data_analyst,Junior,mixed,data analysis|excel|html/css|postgresql|power bi|tableau
Shreya Raghavan,backend_developer,Mid,mixed,java|rest api|spring boot|sql
Neha Kumar 3765,frontend_developer,Senior,full,git|html/css|javascript|node.js|python|react|sql
Pranav Balan 3766,devops_engineer,Junior,abbr,ci/cd|docker|kubernetes|linux|sql|statistics
Kavya Agarwal 3767,data_engineer,Mid,mixed,docker|kubernetes|pandas|postgresql|python|sql
Sneha Nambiar 3768,ml_engineer,Junior,mixed,deep learning|pandas|python|pytorch|tensorflow
Dhruv Agarwal 3769,data_scientist,Senior,mixed,data analysis|machine learning|pandas|power bi|python|sql|statistics
Parvati Sharma 3770,nlp_engineer,Intern,mixed,cloud|deep learning|numpy|python|pytorch
Lalita Raghavan 3771,data_analyst,Senior,full,data analysis|excel|postgresql|power bi|sql|tableau
Vishal Mehta 3772,backend_developer,Senior,full,docker|git|java|kubernetes|postgresql|python|rest api|spring boot|sql
Mohit Hegde,frontend_developer,Intern,abbr,git|html/css|java|kubernetes
Vikram Menon 3774,devops_engineer,Intern,mixed,cloud|kubernetes|linux|postgresql
Parvati Kulkarni 3775,data_engineer,Intern,mixed,ci/cd|cloud|docker|python
Akash Saxena 3776,ml_engineer,Mid,full,deep learning|machine learning|numpy|python|pytorch|scikit-learn
Neha Tiwari 3777,data_scientist,Junior,mixed,machine learning|python|sql|statistics
Sahana Subramanian 3778,nlp_engineer,Senior,mixed,artificial intelligence|cloud|deep learning|machine learning|natural language processing|python|pytorch|text classification
Mohit Sharma 3779,data_analyst,Senior,full,data analysis|excel|pandas|power bi|sql|statistics|tableau
Jatin Subramanian 3780,backend_developer,Junior,mixed,java|pandas|postgresql|rest api|spring boot
Omkar Subramanian 3781,frontend_developer,Intern,abbr,docker|git|javascript
Bhargav Kaur 3782,devops_engineer,Intern,mixed,ci/cd|cloud|docker|python
Esha Chandran 3783,data_engineer,Senior,mixed,cloud|docker|pandas|postgresql|python|sql
Jaya Saxena 3784,ml_engineer,Senior,mixed,deep learning|machine learning|python|pytorch|scikit-learn|tensorflow
Uma Menon 3785,data_scientist,Senior,mixed,data analysis|machine learning|numpy|pandas|python|pytorch|sql|statistics|text classification
Sahana Pillai,nlp_engineer,Junior,mixed,cloud|deep learning|machine learning|natural language processing|pytorch|text classification
Kabir Menon 3787,data_analyst,Mid,abbr,excel|node.js|postgresql|power bi|sql|tableau
Lakshmi Kulkarni,backend_developer,Intern,abbr,java|linux|spring boot|sql
Yash Prasad 3789,frontend_developer,Junior,mixed,git|javascript|react
Meera Tiwari 3790,devops_engineer,Mid,abbr,ci/cd|docker|kubernetes|linux
Trisha Bhatt 3791,data_engineer,Intern,mixed,docker|linux|mongodb|postgresql|python
Farhan Balan 3792,ml_engineer,Mid,abbr,machine learning|pandas|python|pytorch|scikit-learn|sql|tensorflow
Chetan Naidu 3793,data_scientist,Junior,mixed,git|pandas|postgresql|python|scikit-learn|sql|statistics
Siddharth Bhatt 3794,nlp_engineer,Junior,mixed,docker|machine learning|natural language processing|numpy|python|pytorch|scikit-learn|text classification
Suresh Kumar,data_analyst,Intern,abbr,excel|python|sql|tableau
Pooja Tiwari 3796,backend_developer,Junior,full,java|postgresql|rest api|sql
Ritu Saxena,frontend_developer,Junior,mixed,git|javascript|pandas|react
Swathi Venkatesh 3798,devops_engineer,Mid,mixed,ci/cd|docker|html/css|javascript|kubernetes|linux
Sonal Balan 3799,data_engineer,Mid,abbr,ci/cd|cloud|docker|linux|mongodb|postgresql|python|text classification
Mohit Tiwari 3800,ml_engineer,Intern,mixed,cloud|deep learning|machine learning|numpy|pytorch|text classification
Kiran Patel 3801,data_scientist,Senior,full,data analysis|machine learning|pandas|python|sql|statistics
Abhay Sharma 3802,nlp_engineer,Mid,abbr,deep learning|natural language processing|python|text classification
Aarav Naidu 3803,data_analyst,Junior,abbr,data analysis|excel|power bi|sql
Esha Menon 3804,backend_developer,Senior,full,docker|html/css|java|javascript|mongodb|postgresql|python|rest api|spring boot|sql
Farhan Sharma,frontend_developer,Intern,mixed,git|javascript|rest api
Rohan Varma 3806,devops_engineer,Mid,abbr,ci/cd|cloud|docker|linux
Aniket Desai 3807,data_engineer,Junior,mixed,cloud|docker|postgresql|python
Yash Varma 3808,ml_engineer,Mid,full,cloud|deep learning|docker|machine learning|natural language processing|python|scikit-learn|statistics|tensorflow
Jaya Bhatt 3809,data_scientist,Intern,full,machine learning|python|statistics
Bhargav Verma 3810,nlp_engineer,Senior,mixed,deep learning|docker|machine learning|natural language processing|python|pytorch|text classification
Lakshmi Desai 3811,data_analyst,Senior,abbr,data analysis|excel|git|postgresql|power bi|sql|tableau
Ravi Ghosh,backend_developer,Senior,mixed,java|kubernetes|postgresql|rest api|spring boot|sql
Vishal Balan 3813,frontend_developer,Senior,mixed,docker|git|html/css|javascript|react
Ganesh Venkatesh,devops_engineer,Senior,mixed,ci/cd|cloud|docker|kubernetes|linux|python
Aditi Tiwari 3815,data_engineer,Intern,abbr,ci/cd|cloud|deep learning|docker|postgresql|python
Vinay Deshpande 3816,ml_engineer,Intern,mixed,deep learning|linux|python|scikit-learn
Zoya Rao 3817,data_scientist,Senior,abbr,data analysis|machine learning|numpy|pandas|power bi|python|sql|statistics|tableau
Meera Singh 3818,nlp_engineer,Senior,full,deep learning|machine learning|natural language processing|python|pytorch|text classification
Suresh Chopra 3819,data_analyst,Junior,abbr,data analysis|excel|power bi|python|statistics|tableau
Harini Dubey 3820,backend_developer,Mid,full,docker|git|kubernetes|postgresql|rest api|spring boot|sql|statistics
Chetan Desai 3821,frontend_developer,Junior,full,html/css|javascript|node.js|react
Sonal Raghavan 3822,devops_engineer,Intern,mixed,ci/cd|cloud|kubernetes|power bi
Chetan Tiwari 3823,data_engineer,Senior,mixed,cloud|docker|postgresql|python|sql
Naveen Mehta 3824,ml_engineer,Intern,mixed,machine learning|power bi|scikit-learn|statistics|tableau|tensorflow
Arjun Desai 3825,data_scientist,Junior,abbr,data analysis|deep learning|machine learning|pandas|python
Chetan Nair,nlp_engineer,Junior,abbr,artificial intelligence|deep learning|natural language processing|numpy|python|scikit-learn|tensorflow|text classification
Omkar Desai 3827,data_analyst,Senior,full,data analysis|excel|git|power bi|sql|tableau
Sneha Menon 3828,backend_developer,Mid,abbr,git|java|kubernetes|postgresql|rest api|sql
Nisha Nambiar 3829,frontend_developer,Mid,full,git|html/css|javascript
Pallavi Tiwari 3830,devops_engineer,Senior,full,ci/cd|cloud|docker|kubernetes|linux|postgresql
Madhav Bhatt 3831,data_engineer,Junior,abbr,ci/cd|cloud|docker|postgresql|python|sql
Darshan Balan 3832,ml_engineer,Mid,full,cloud|deep learning|machine learning|pandas|pytorch|scikit-learn|sql|tensorflow
Esha Kapoor 3833,data_scientist,Intern,mixed,machine learning|pandas|sql
Ananya Dubey 3834,nlp_engineer,Senior,full,artificial intelligence|deep learning|natural language processing|python|pytorch|text classification
Vishal Tiwari 3835,data_analyst,Junior,mixed,data analysis|excel|sql|tableau
Nikhil Venkatesh 3836,backend_developer,Intern,full,kubernetes|postgresql|rest api|spring boot
Lakshmi Hegde,frontend_developer,Mid,mixed,docker|git|html/css|react|rest api
Aniket Kapoor 3838,devops_engineer,Intern,abbr,cloud|kubernetes|linux|postgresql
Jatin Prasad,data_engineer,Intern,full,docker|linux|pandas|postgresql|sql
Pooja Menon 3840,ml_engineer,Intern,full,python|pytorch|rest api|scikit-learn
Ananya Agarwal 3841,data_scientist,Senior,mixed,data analysis|machine learning|pandas|power bi|python|scikit-learn|sql|statistics|tableau
Parvati Kaur 3842,nlp_engineer,Senior,mixed,artificial intelligence|cloud|data analysis|deep learning|machine learning|natural language processing|numpy|python|pytorch|text classification
Aniket Saxena,data_analyst,Intern,mixed,data analysis|kubernetes|python|sql|tableau
Nandini Chandran 3844,backend_developer,Senior,abbr,git|java|kubernetes|postgresql|python|rest api|spring boot|sql
Tarun Agarwal,frontend_developer,Junior,full,git|html/css|react
Ishaan Kumar 3846,devops_engineer,Intern,mixed,ci/cd|cloud|linux
Nandini Patel 3847,data_engineer,Mid,full,ci/cd|docker|pandas|postgresql|python|react|sql
Omkar Prasad 3848,ml_engineer,Mid,abbr,cloud|computer vision|deep learning|docker|machine learning|numpy|python|pytorch|statistics|tensorflow
Parvati Sharma 3849,data_scientist,Intern,full,pandas|power bi|python|statistics
Gaurav Kumar 3850,nlp_engineer,Mid,full,artificial intelligence|deep learning|java|machine learning|natural language processing|pytorch|text classification
Sonal Nair 3851,data_analyst,Intern,mixed,excel|java|postgresql|power bi|sql
Ananya Prasad 3852,backend_developer,Junior,mixed,java|kubernetes|postgresql|rest api|sql
Mohit Jain,frontend_developer,Junior,abbr,docker|git|html/css|react
Aarav Sharma 3854,devops_engineer,Mid,full,ci/cd|cloud|docker|kubernetes|power bi|python|statistics
Dhruv Joshi 3855,data_engineer,Intern,full,ci/cd|docker|excel|power bi|python|sql
Akash Agarwal 3856,ml_engineer,Mid,full,computer vision|deep learning|docker|git|machine learning|numpy|pandas|python|scikit-learn|tensorflow
Suresh Pillai 3857,data_scientist,Mid,abbr,data analysis|pandas|python|scikit-learn|sql|statistics
Deepa Chandran 3858,nlp_engineer,Junior,abbr,deep learning|natural language processing|numpy|pytorch|sql|text classification
Qamar Singh 3859,data_analyst,Junior,abbr,excel|power bi|sql|tableau
Priya Pillai 3860,backend_developer,Mid,mixed,java|kubernetes|mongodb|postgresql|rest api|spring boot
Abhay Deshpande,frontend_developer,Senior,abbr,git|html/css|javascript|react
Pooja Chandran,devops_engineer,Mid,full,ci/cd|docker|java|kubernetes|linux
Ganesh Pillai 3863,data_engineer,Senior,abbr,ci/cd|cloud|deep learning|docker|linux|numpy|postgresql|python|sql
Siddharth Singh 3864,ml_engineer,Junior,mixed,deep learning|machine learning|natural language processing|pandas|pytorch|scikit-learn|statistics
Tanvi Patel 3865,data_scientist,Intern,abbr,machine learning|pandas|power bi|statistics
Anjali Desai 3866,nlp_engineer,Mid,full,deep learning|machine learning|natural language processing|numpy|postgresql|python|statistics|text classification
Qamar Patel 3867,data_analyst,Intern,full,excel|power bi|statistics|tableau
Ishaan Joshi 3868,backend_developer,Intern,full,git|mongodb|postgresql|spring boot|sql
Qamar Saxena 3869,frontend_developer,Senior,full,git|html/css|javascript|react
Sonal Iyer 3870,devops_engineer,Senior,abbr,ci/cd|cloud|docker|kubernetes|linux|python|react
Hema Chandran 3871,data_engineer,Mid,mixed,cloud|linux|mongodb|pandas|postgresql|python|sql
Vikram Desai 3872,ml_engineer,Junior,full,cloud|deep learning|machine learning|numpy|pandas|scikit-learn|tensorflow
Aniket Malhotra,data_scientist,Mid,full,data analysis|numpy|pandas|python|scikit-learn|sql|statistics|text classification
Varun Raghavan 3874,nlp_engineer,Senior,mixed,cloud|deep learning|docker|machine learning|natural language processing|python|pytorch|text classification
Ananya Desai 3875,data_analyst,Mid,mixed,excel|postgresql|power bi|sql|tableau
Chetan Menon 3876,backend_developer,Junior,mixed,java|linux|postgresql|python|rest api|spring boot|statistics
Sahana Pillai 3877,frontend_developer,Junior,mixed,git|html/css|javascript|pandas
Aditi Saxena 3878,devops_engineer,Senior,mixed,ci/cd|cloud|docker|kubernetes|linux|postgresql
Kiran Bhatt 3879,data_engineer,Intern,mixed,docker|linux|postgresql|sql
Sanjay Chandran,ml_engineer,Junior,abbr,machine learning|python|pytorch|scikit-learn|sql|statistics
Siddharth Reddy 3881,data_scientist,Mid,abbr,cloud|data analysis|deep learning|machine learning|python|sql|statistics
Pranav Verma,nlp_engineer,Mid,mixed,artificial intelligence|deep learning|docker|git|natural language processing|numpy|python|pytorch
Omkar Ghosh 3883,data_analyst,Intern,mixed,data analysis|pandas|power bi|python|tableau
Yash Tiwari 3884,backend_developer,Senior,mixed,data analysis|docker|java|postgresql|rest api|spring boot|sql
Mohit Hegde 3885,frontend_developer,Mid,abbr,html/css|javascript|node.js|react
Udhav Naidu,devops_engineer,Intern,mixed,ci/cd|cloud|docker
Rahul Chandran 3887,data_engineer,Intern,abbr,git|kubernetes|mongodb|postgresql|python|sql
Hema Kapoor 3888,ml_engineer,Junior,abbr,deep learning|docker|machine learning|numpy|pandas|scikit-learn|tensorflow
Swathi Balan 3889,data_scientist,Mid,mixed,data analysis|machine learning|pandas|python|statistics
Omkar Reddy,nlp_engineer,Mid,mixed,deep learning|docker|kubernetes|natural language processing|python|text classification
Mohit Varma 3891,data_analyst,Mid,mixed,excel|pandas|power bi|sql|tableau
Tarun Reddy 3892,backend_developer,Intern,abbr,mongodb|postgresql|spring boot|sql
Kavya Venkatesh 3893,frontend_developer,Senior,abbr,docker|git|html/css|javascript|python|react
Anjali Verma 3894,devops_engineer,Intern,abbr,cloud|docker|kubernetes|python|sql
Rajesh Shetty,data_engineer,Mid,abbr,cloud|docker|mongodb|postgresql|sql
Nandini Desai 3896,ml_engineer,Senior,full,deep learning|git|machine learning|natural language processing|numpy|postgresql|python|pytorch|scikit-learn|tensorflow
Pallavi Raghavan,data_scientist,Senior,full,data analysis|deep learning|machine learning|pandas|python|sql|statistics|tableau
Akash Chopra 3898,nlp_engineer,Mid,mixed,artificial intelligence|deep learning|power bi|python|pytorch|text classification
Abhay Bhatt 3899,data_analyst,Junior,abbr,data analysis|excel|power bi|statistics|tableau
Ananya Rao,backend_developer,Mid,mixed,git|postgresql|rest api|spring boot|sql
Charu Reddy 3901,frontend_developer,Senior,mixed,git|html/css|javascript|react
Aditi Subramanian,devops_engineer,Intern,abbr,ci/cd|cloud|linux|python
Rhea Balan 3903,data_engineer,Junior,full,cloud|docker|mongodb|pandas|postgresql|sql|tableau
Pranav Joshi 3904,ml_engineer,Junior,abbr,python|pytorch|scikit-learn|tensorflow
Uma Nair 3905,data_scientist,Junior,abbr,data analysis|git|pandas|python|sql|statistics
Zoya Kulkarni,nlp_engineer,Junior,full,deep learning|machine learning|natural language processing|numpy|python|scikit-learn|text classification
Divya Mehta 3907,data_analyst,Senior,mixed,data analysis|excel|power bi|sql|tableau
Jatin Dubey 3908,backend_developer,Senior,mixed,git|java|postgresql|python|rest api|spring boot|sql
Aarav Raghavan 3909,frontend_developer,Intern,abbr,ci/cd|html/css|javascript|node.js
Deepa Pillai 3910,devops_engineer,Mid,full,ci/cd|docker|java|kubernetes|linux|postgresql
Parvati Subramanian,data_engineer,Junior,full,ci/cd|cloud|postgresql|power bi|python|sql
Manish Patel,ml_engineer,Intern,mixed,data analysis|deep learning|docker|pandas|python|scikit-learn
Vinay Verma,data_scientist,Intern,full,pandas|python|statistics
Priya Sharma 3914,nlp_engineer,Intern,mixed,java|linux|python|pytorch|scikit-learn|text classification
Chetan Patel 3915,data_analyst,Mid,abbr,data analysis|docker|excel|postgresql|power bi|tableau
Trisha Kaur 3916,backend_developer,Mid,abbr,java|rest api|spring boot|sql
Sneha Prasad,frontend_developer,Intern,mixed,git|javascript
Sonal Menon 3918,devops_engineer,Junior,mixed,ci/cd|cloud|docker|git|linux|python
Neha Singh 3919,data_engineer,Intern,mixed,docker|python|sql
Shreya Ghosh 3920,ml_engineer,Senior,full,deep learning|machine learning|python|pytorch|scikit-learn|tensorflow
Rajesh Pillai 3921,data_scientist,Intern,full,docker|pandas|power bi|python|sql|tableau
Lalita Agarwal 3922,nlp_engineer,Intern,full,artificial intelligence|deep learning|docker|natural language processing|python
Zoya Shetty 3923,data_analyst,Senior,abbr,data analysis|excel|pandas|postgresql|power bi|sql|tableau
Udhav Agarwal 3924,backend_developer,Mid,mixed,git|java|kubernetes|mongodb|rest api|spring boot|sql
Charu Kaur 3925,frontend_developer,Intern,full,docker|git|javascript
Neha Kumar 3926,devops_engineer,Mid,full,ci/cd|cloud|docker|linux
Rahul Menon 3927,data_engineer,Intern,mixed,docker|python|sql
Akash Raghavan 3928,ml_engineer,Senior,full,cloud|computer vision|deep learning|docker|javascript|machine learning|natural language processing|python|pytorch|scikit-learn|tensorflow
Parvati Subramanian 3929,data_scientist,Junior,abbr,data analysis|machine learning|pandas|python|text classification
Gaurav Nambiar 3930,nlp_engineer,Senior,abbr,cloud|deep learning|natural language processing|python|pytorch|text classification
Swathi Tiwari,data_analyst,Intern,mixed,excel|power bi|sql
Esha Joshi,backend_developer,Senior,full,docker|git|java|linux|mongodb|postgresql|rest api|spring boot|sql
Rajesh Desai 3933,frontend_developer,Intern,mixed,html/css|javascript|postgresql|rest api
Aniket Agarwal,devops_engineer,Intern,full,docker|git|javascript|kubernetes|linux
Kavya Subramanian,data_engineer,Intern,mixed,cloud|linux|mongodb|postgresql|sql
Shreya Malhotra 3936,ml_engineer,Junior,mixed,cloud|deep learning|docker|linux|machine learning|natural language processing|python|scikit-learn|tensorflow
Yamini Sharma 3937,data_scientist,Mid,full,cloud|data analysis|deep learning|pandas|power bi|python|rest api|sql|statistics|text classification
Mohit Kapoor 3938,nlp_engineer,Mid,abbr,deep learning|docker|python|pytorch|text classification
Ishaan Desai 3939,data_analyst,Mid,abbr,data analysis|excel|pandas|postgresql|power bi|python|tableau
Ramya Joshi 3940,backend_developer,Mid,full,docker|kubernetes|postgresql|rest api|spring boot|sql
Trisha Rao,frontend_developer,Intern,full,html/css|javascript|scikit-learn
Varun Jain 3942,devops_engineer,Mid,mixed,ci/cd|docker|java|kubernetes|linux
Jatin Bhatt 3943,data_engineer,Intern,full,ci/cd|cloud|mongodb|postgresql|react|sql
Rohan Prasad 3944,ml_engineer,Mid,full,machine learning|python|pytorch|scikit-learn|tensorflow
Kavya Nair 3945,data_scientist,Intern,full,machine learning|python|scikit-learn|sql
Aditi Prasad 3946,nlp_engineer,Senior,full,cloud|deep learning|docker|natural language processing|numpy|python|pytorch|scikit-learn|text classification
Kavya Menon,data_analyst,Intern,mixed,data analysis|excel|javascript|rest api|sql
Vishal Balan 3948,backend_developer,Mid,mixed,java|kubernetes|linux|postgresql|python|react|rest api|sql
Rajesh Venkatesh,frontend_developer,Mid,full,git|javascript|react
Priya Menon 3950,devops_engineer,Junior,mixed,ci/cd|docker|kubernetes|linux
Pooja Nair 3951,data_engineer,Junior,full,cloud|docker|kubernetes|mongodb|python|sql
Suresh Raghavan 3952,ml_engineer,Mid,full,data analysis|deep learning|natural language processing|numpy|pandas|python|pytorch|scikit-learn|statistics|tensorflow
Kiran Krishnan 3953,data_scientist,Junior,abbr,data analysis|git|linux|machine learning|pandas|statistics|tableau
Sanjay Desai 3954,nlp_engineer,Mid,abbr,deep learning|machine learning|natural language processing|python|scikit-learn|text classification
Darshan Shetty 3955,data_analyst,Junior,mixed,data analysis|kubernetes|power bi|python|sql|statistics|tableau
Kabir Dubey 3956,backend_developer,Senior,abbr,java|postgresql|rest api|scikit-learn|spring boot|sql
Indira Joshi 3957,frontend_developer,Mid,mixed,docker|html/css|javascript|natural language processing|node.js|react
Rajesh Mehta,devops_engineer,Intern,full,ci/cd|docker|linux
Anjali Jain 3959,data_engineer,Mid,abbr,docker|linux|postgresql|python|react|sql
Ravi Reddy,ml_engineer,Junior,full,machine learning|natural language processing|pandas|python|pytorch|sql|tensorflow
Arjun Prasad 3961,data_scientist,Senior,abbr,cloud|data analysis|machine learning|natural language processing|pandas|python|sql|statistics
Rohan Subramanian 3962,nlp_engineer,Senior,full,cloud|deep learning|machine learning|natural language processing|numpy|python|pytorch|scikit-learn|text classification
Arjun Balan 3963,data_analyst,Junior,abbr,data analysis|excel|pandas|power bi|statistics|tableau
Lalita Malhotra,backend_developer,Senior,mixed,git|java|postgresql|rest api|spring boot|sql
Sneha Patel,frontend_developer,Intern,full,git|html/css
Tanvi Chandran 3966,devops_engineer,Junior,abbr,cloud|docker|excel|kubernetes|linux|python
Sneha Kapoor,data_engineer,Intern,full,cloud|linux|postgresql|sql
Naveen Prasad 3968,ml_engineer,Junior,mixed,deep learning|python|pytorch|tensorflow
Hema Patel,data_scientist,Mid,mixed,data analysis|deep learning|machine learning|numpy|pandas|scikit-learn|sql|statistics|text classification
Shreya Nambiar 3970,nlp_engineer,Senior,abbr,deep learning|excel|machine learning|natural language processing|numpy|python|pytorch|scikit-learn|text classification
Jaya Pillai 3971,data_analyst,Senior,full,data analysis|excel|postgresql|power bi|python|scikit-learn|sql|tableau
Ramya Sharma 3972,backend_developer,Mid,mixed,java|postgresql|rest api|sql
Nandini Iyer 3973,frontend_developer,Junior,full,data analysis|git|html/css|power bi|react
Zoya Shetty 3974,devops_engineer,Senior,mixed,ci/cd|cloud|docker|java|kubernetes|linux|numpy|postgresql|text classification
Esha Desai 3975,data_engineer,Junior,abbr,docker|kubernetes|natural language processing|postgresql|python|pytorch|sql
Zoya Bhatt 3976,ml_engineer,Mid,mixed,deep learning|numpy|pandas|python|pytorch|scikit-learn|tensorflow
Lakshmi Naidu 3977,data_scientist,Senior,full,data analysis|machine learning|pandas|python|sql|statistics|text classification
Nandini Iyer 3978,nlp_engineer,Mid,full,artificial intelligence|deep learning|natural language processing|python|text classification
Sonal Raghavan 3979,data_analyst,Junior,full,data analysis|excel|pandas|postgresql|power bi|sql
Trisha Deshpande 3980,backend_developer,Senior,abbr,ci/cd|cloud|java|postgresql|rest api|spring boot|sql
Darshan Bhatt,frontend_developer,Senior,abbr,cloud|deep learning|git|html/css|javascript|react
Kavya Raghavan 3982,devops_engineer,Intern,abbr,ci/cd|cloud|git|kubernetes|linux
Priya Chandran,data_engineer,Junior,mixed,cloud|docker|python|sql
Suresh Tiwari 3984,ml_engineer,Intern,mixed,cloud|pandas|python|scikit-learn|tensorflow
Tarun Shetty 3985,data_scientist,Mid,mixed,data analysis|pandas|python|sql|statistics
Manish Malhotra,nlp_engineer,Senior,full,deep learning|machine learning|natural language processing|python|pytorch|text classification
Bhavna Kaur 3987,data_analyst,Intern,abbr,data analysis|excel|tableau
Sonal Mehta 3988,backend_developer,Senior,abbr,docker|java|linux|pandas|postgresql|python|rest api|spring boot|sql
Dhruv Nair 3989,frontend_developer,Senior,full,git|html/css|javascript|machine learning|react
Swathi Malhotra 3990,devops_engineer,Mid,mixed,ci/cd|cloud|docker|kubernetes|python
Gaurav Kaur 3991,data_engineer,Junior,mixed,cloud|kubernetes|postgresql|python|sql
Omkar Gupta 3992,ml_engineer,Mid,abbr,cloud|deep learning|docker|numpy|python|pytorch|rest api|scikit-learn|spring boot|statistics|tensorflow
Sonal Hegde 3993,data_scientist,Intern,mixed,data analysis|machine learning|pandas|scikit-learn
Ganesh Gupta 3994,nlp_engineer,Senior,mixed,deep learning|natural language processing|python|pytorch|scikit-learn|text classification
Abhay Ghosh,data_analyst,Senior,full,data analysis|excel|power bi|sql|tableau
Divya Prasad 3996,backend_developer,Senior,mixed,git|java|mongodb|postgresql|rest api|spring boot|sql
Deepa Tiwari,frontend_developer,Senior,full,cloud|git|html/css|javascript|node.js|react|rest api|sql
Deepa Patel 3998,devops_engineer,Junior,full,cloud|docker|excel|kubernetes|linux|postgresql
Lalita Shetty 3999,data_engineer,Senior,abbr,ci/cd|cloud|docker|linux|mongodb|postgresql|python|sql
Deepa Prasad,ml_engineer,Junior,mixed,deep learning|machine learning|numpy|python|statistics|tensorflow
Akash Patel 4001,data_scientist,Senior,abbr,data analysis|kubernetes|machine learning|pandas|python|sql|statistics|text classification
Sonal Subramanian 4002,nlp_engineer,Mid,abbr,deep learning|natural language processing|numpy|python|text classification
Farhan Hegde 4003,data_analyst,Senior,full,data analysis|excel|pandas|power bi|sql|tableau
Pranav Menon 4004,backend_developer,Junior,mixed,docker|html/css|java|postgresql|react|rest api|spring boot
Kabir Prasad,frontend_developer,Intern,mixed,deep learning|html/css|machine learning|node.js|react
Lalita Chopra 4006,devops_engineer,Mid,abbr,ci/cd|cloud|docker|git|java|linux|python
Kabir Joshi 4007,data_engineer,Mid,mixed,cloud|docker|postgresql|python
Tarun Chopra 4008,ml_engineer,Intern,mixed,deep learning|html/css|javascript|numpy|pandas|python|scikit-learn|sql
Suresh Jain,data_scientist,Junior,abbr,machine learning|python|sql|statistics
Tarun Gupta 4010,nlp_engineer,Junior,full,cloud|deep learning|html/css|natural language processing|python|text classification
Dhruv Singh 4011,data_analyst,Senior,abbr,data analysis|excel|kubernetes|postgresql|power bi|sql|tableau
Varun Agarwal 4012,backend_developer,Intern,abbr,git|postgresql|spring boot|sql
Mohit Subramanian 4013,frontend_developer,Junior,abbr,cloud|git|html/css|react
Neha Pillai 4014,devops_engineer,Junior,mixed,cloud|docker|kubernetes|linux|postgresql
Sahana Ghosh 4015,data_engineer,Mid,mixed,ci/cd|cloud|docker|postgresql|python
Ramya Naidu 4016,ml_engineer,Senior,abbr,computer vision|deep learning|machine learning|pandas|python|pytorch|scikit-learn|tensorflow
Aniket Agarwal 4017,data_scientist,Mid,full,data analysis|deep learning|machine learning|pandas|python|statistics
Rohan Kaur 4018,nlp_engineer,Mid,mixed,data analysis|deep learning|python|pytorch|tableau|text classification
Nisha Gupta,data_analyst,Junior,abbr,data analysis|postgresql|power bi|sql|tableau
Aarav Mehta,backend_developer,Senior,mixed,java|kubernetes|postgresql|rest api|spring boot|sql|text classification
Hema Balan 4021,frontend_developer,Senior,mixed,docker|git|html/css|javascript|node.js|react
Madhav Desai 4022,devops_engineer,Junior,abbr,ci/cd|cloud|docker|kubernetes
Shreya Prasad 4023,data_engineer,Intern,abbr,ci/cd|cloud|docker|kubernetes|python|sql
Yash Singh 4024,ml_engineer,Junior,full,cloud|computer vision|machine learning|python|pytorch|scikit-learn|statistics
Rahul Chandran 4025,data_scientist,Intern,mixed,docker|java|machine learning|pandas|sql
Vishal Deshpande,nlp_engineer,Senior,full,deep learning|docker|linux|machine learning|natural language processing|postgresql|python|pytorch|scikit-learn|text classification
Tanvi Desai 4027,data_analyst,Intern,mixed,excel|postgresql|power bi|tableau
Darshan Shetty 4028,backend_developer,Intern,full,docker|java|rest api|sql
Abhay Kumar 4029,frontend_developer,Senior,mixed,git|html/css|javascript|react
Yamini Joshi 4030,devops_engineer,Mid,abbr,ci/cd|cloud|kubernetes|linux|postgresql
Vinay Kaur 4031,data_engineer,Junior,full,cloud|kubernetes|linux|postgresql|python|sql
Nisha Bhatt 4032,ml_engineer,Senior,full,cloud|deep learning|machine learning|postgresql|python|pytorch|scikit-learn|tensorflow
Aniket Rao 4033,data_scientist,Intern,mixed,data analysis|postgresql|python|sql|statistics
Vishal Bhatt 4034,nlp_engineer,Senior,mixed,deep learning|natural language processing|python|pytorch|text classification
Priya Tiwari 4035,data_analyst,Junior,full,data analysis|excel|postgresql|power bi|sql
Arjun Raghavan 4036,backend_developer,Junior,full,kubernetes|linux|postgresql|python|rest api|spring boot|sql
Sanjay Joshi 4037,frontend_developer,Senior,abbr,deep learning|git|html/css|javascript|node.js|python|react|rest api
Esha Menon 4038,devops_engineer,Junior,mixed,ci/cd|docker|kubernetes|linux
Deepa Tiwari 4039,data_engineer,Intern,abbr,cloud|linux|postgresql|python
Gaurav Reddy 4040,ml_engineer,Junior,full,deep learning|machine learning|python|statistics|tensorflow
Lalita Varma 4041,data_scientist,Senior,abbr,data analysis|machine learning|natural language processing|pandas|python|pytorch|scikit-learn|sql|statistics
Pranav Menon 4042,nlp_engineer,Mid,mixed,artificial intelligence|cloud|deep learning|docker|natural language processing|python|text classification
Lakshmi Chandran 4043,data_analyst,Mid,abbr,data analysis|excel|postgresql|power bi|python|tableau
Sahana Saxena 4044,backend_developer,Intern,abbr,java|postgresql|sql
Aditi Bhatt 4045,frontend_developer,Intern,abbr,html/css|node.js|react
Pooja Tiwari 4046,devops_engineer,Junior,full,ci/cd|cloud|kubernetes|linux
Abhay Deshpande 4047,data_engineer,Intern,mixed,cloud|kubernetes|postgresql|power bi|python|statistics
Harini Chandran,ml_engineer,Junior,abbr,deep learning|machine learning|natural language processing|scikit-learn|tensorflow
Aditi Kulkarni 4049,data_scientist,Senior,mixed,cloud|data analysis|deep learning|machine learning|pandas|python|scikit-learn|sql|statistics
Ramya Hegde,nlp_engineer,Mid,mixed,artificial intelligence|data analysis|deep learning|machine learning|natural language processing|numpy|pytorch|text classification
Gaurav Subramanian 4051,data_analyst,Junior,mixed,data analysis|power bi|python|sql|tableau
Dhruv Jain 4052,backend_developer,Junior,abbr,data analysis|docker|java|mongodb|postgresql|python|rest api|spring boot
Ganesh Shetty 4053,frontend_developer,Mid,mixed,computer vision|git|html/css|react
Akash Ghosh 4054,devops_engineer,Mid,mixed,cloud|docker|git|kubernetes|linux|postgresql|sql
Gaurav Agarwal 4055,data_engineer,Mid,full,ci/cd|cloud|docker|linux|mongodb|postgresql|sql
Vishal Prasad 4056,ml_engineer,Junior,mixed,deep learning|machine learning|pytorch|statistics|tensorflow
Ganesh Hegde 4057,data_scientist,Junior,mixed,deep learning|machine learning|pandas|python|pytorch|statistics
Sanjay Menon 4058,nlp_engineer,Senior,mixed,cloud|deep learning|docker|natural language processing|numpy|python|pytorch|scikit-learn|text classification
Sameer Joshi,data_analyst,Mid,mixed,data analysis|excel|natural language processing|pandas|postgresql|sql|tableau
Nandini Patel 4060,backend_developer,Junior,full,java|kubernetes|linux|postgresql|python|spring boot|sql
Sanjay Hegde 4061,frontend_developer,Intern,mixed,docker|git|javascript
Ramya Nambiar 4062,devops_engineer,Junior,full,ci/cd|cloud|docker|kubernetes|python
Udhav Singh 4063,data_engineer,Intern,full,deep learning|docker|kubernetes|pandas|python|sql
Parvati Dubey,ml_engineer,Senior,abbr,deep learning|machine learning|numpy|python|pytorch|scikit-learn|tensorflow
Aarav Nair 4065,data_scientist,Mid,mixed,cloud|data analysis|machine learning|pandas|power bi|sql|statistics|text classification
Charu Reddy 4066,nlp_engineer,Intern,abbr,python|pytorch|scikit-learn|text classification
Esha Ghosh,data_analyst,Junior,abbr,excel|power bi|sql|tableau
Vikram Ghosh 4068,backend_developer,Mid,mixed,java|postgresql|spring boot|sql
Sahana Kapoor 4069,frontend_developer,Mid,mixed,git|html/css|javascript|pytorch|rest api
Nikhil Malhotra 4070,devops_engineer,Junior,full,ci/cd|docker|git|java|kubernetes|linux
Divya Saxena 4071,data_engineer,Junior,mixed,cloud|docker|python|sql
Madhav Kumar 4072,ml_engineer,Intern,abbr,machine learning|numpy|python|pytorch
Aditi Saxena 4073,data_scientist,Mid,mixed,cloud|data analysis|machine learning|pandas|python|scikit-learn|sql|tableau
Vishal Nair 4074,nlp_engineer,Junior,mixed,deep learning|natural language processing|python|pytorch
Lalita Iyer,data_analyst,Senior,full,cloud|data analysis|excel|pandas|power bi|sql|statistics|tableau
Dhruv Hegde 4076,backend_developer,Junior,full,numpy|postgresql|rest api|spring boot|sql|tensorflow
Priya Bhatt 4077,frontend_developer,Intern,full,excel|git|javascript|node.js|postgresql
Suresh Desai 4078,devops_engineer,Intern,abbr,ci/cd|java|kubernetes|linux
Zoya Kumar 4079,data_engineer,Junior,full,docker|kubernetes|postgresql|python|sql
Udhav Mehta 4080,ml_engineer,Intern,mixed,deep learning|machine learning|numpy|scikit-learn
Parvati Ghosh 4081,data_scientist,Senior,full,data analysis|machine learning|pandas|python|sql|statistics
Meera Varma,nlp_engineer,Mid,mixed,artificial intelligence|deep learning|pandas|python|pytorch|text classification
Ishaan Jain 4083,data_analyst,Senior,abbr,data analysis|excel|power bi|sql|tableau|tensorflow
Akash Balan 4084,backend_developer,Junior,mixed,docker|java|postgresql|rest api|sql
Swathi Kumar 4085,frontend_developer,Senior,full,git|html/css|javascript|react
Nikhil Varma 4086,devops_engineer,Senior,full,ci/cd|cloud|docker|kubernetes|linux|postgresql
Bhavna Ghosh 4087,data_engineer,Mid,abbr,cloud|docker|kubernetes|postgresql|sql
Rhea Kulkarni,ml_engineer,Senior,full,cloud|computer vision|deep learning|machine learning|postgresql|python|pytorch|scikit-learn|statistics|tensorflow
Chetan Mehta 4089,data_scientist,Mid,mixed,data analysis|deep learning|pandas|python|sql|statistics|tableau
Jaya Verma 4090,nlp_engineer,Senior,mixed,artificial intelligence|deep learning|docker|git|natural language processing|python|pytorch|scikit-learn|text classification
Aarav Naidu 4091,data_analyst,Junior,abbr,data analysis|excel|pandas|python|sql|tableau
Akash Singh 4092,backend_developer,Junior,mixed,java|postgresql|rest api|sql
Manish Malhotra 4093,frontend_developer,Intern,mixed,html/css|javascript|natural language processing|sql
Ishaan Kumar 4094,devops_engineer,Senior,abbr,ci/cd|cloud|docker|kubernetes|linux
Lakshmi Shetty 4095,data_engineer,Intern,full,ci/cd|docker|python|sql
Kavya Bhatt 4096,ml_engineer,Senior,mixed,deep learning|machine learning|natural language processing|python|pytorch|scikit-learn|tensorflow
Zoya Hegde,data_scientist,Mid,full,cloud|data analysis|machine learning|python|sql|statistics
Chetan Nambiar 4098,nlp_engineer,Intern,full,natural language processing|numpy|pytorch|text classification
Mohit Menon 4099,data_analyst,Senior,full,data analysis|excel|power bi|sql|statistics|tableau
Siddharth Reddy 4100,backend_developer,Senior,abbr,git|java|kubernetes|linux|postgresql|python|rest api|spring boot|sql
Aniket Pillai 4101,frontend_developer,Intern,abbr,javascript|react
Gaurav Kulkarni 4102,devops_engineer,Intern,full,cloud|docker|kubernetes|postgresql|python
Ishaan Kapoor 4103,data_engineer,Senior,full,cloud|docker|postgresql|python|sql
Meera Bhatt 4104,ml_engineer,Intern,full,deep learning|python|scikit-learn
Indira Chopra 4105,data_scientist,Intern,abbr,data analysis|machine learning|numpy|sql|text classification
Vinay Jain 4106,nlp_engineer,Intern,full,deep learning|natural language processing|python
Gaurav Venkatesh 4107,data_analyst,Intern,abbr,data analysis|power bi|tableau
Rajesh Chopra 4108,backend_developer,Senior,mixed,git|java|kubernetes|linux|pandas|postgresql|python|rest api|spring boot|sql
Shreya Chandran 4109,frontend_developer,Senior,mixed,git|html/css|javascript|node.js|react
Suresh Naidu,devops_engineer,Intern,mixed,ci/cd|kubernetes|linux
Nisha Iyer 4111,data_engineer,Junior,abbr,cloud|docker|postgresql|sql
Kabir Rao 4112,ml_engineer,Senior,abbr,computer vision|deep learning|machine learning|natural language processing|pandas|python|pytorch|scikit-learn|sql|tensorflow
Jaya Shetty 4113,data_scientist,Junior,mixed,data analysis|machine learning|power bi|python|scikit-learn|statistics
Uma Saxena 4114,nlp_engineer,Senior,full,artificial intelligence|cloud|deep learning|machine learning|natural language processing|python|pytorch|text classification
Pooja Varma 4115,data_analyst,Senior,abbr,data analysis|excel|git|postgresql|power bi|sql|tableau
Naveen Kapoor,backend_developer,Senior,mixed,cloud|java|linux|postgresql|rest api|spring boot|sql
Lalita Mehta 4117,frontend_developer,Intern,full,docker|html/css|react
Abhay Iyer 4118,devops_engineer,Junior,mixed,cloud|docker|kubernetes|linux
Siddharth Tiwari,data_engineer,Senior,full,ci/cd|cloud|docker|kubernetes|mongodb|postgresql|python|sql
Pallavi Hegde,ml_engineer,Junior,mixed,deep learning|java|machine learning|pytorch|tensorflow
Rahul Pillai 4121,data_scientist,Mid,full,data analysis|machine learning|numpy|pandas|power bi|python|scikit-learn|sql
Bhargav Kapoor 4122,nlp_engineer,Junior,abbr,deep learning|python|pytorch|scikit-learn|text classification
Pallavi Deshpande 4123,data_analyst,Senior,full,data analysis|excel|power bi|python|sql|statistics|tableau
Anjali Sharma,backend_developer,Intern,full,ci/cd|java|rest api|sql
Ramya Chandran,frontend_developer,Senior,abbr,git|html/css|javascript|python|react|tableau
Anjali Reddy,devops_engineer,Mid,abbr,ci/cd|cloud|kubernetes|linux|power bi|python|sql
Ravi Nambiar 4127,data_engineer,Senior,abbr,cloud|docker|java|postgresql|python|sql
Ramya Deshpande,ml_engineer,Junior,abbr,ci/cd|cloud|computer vision|machine learning|pandas|python|pytorch|scikit-learn
Sanjay Pillai 4129,data_scientist,Intern,full,cloud|data analysis|machine learning|pandas|tableau
Naveen Singh 4130,nlp_engineer,Intern,mixed,deep learning|docker|natural language processing|pytorch
Arjun Jain,data_analyst,Junior,abbr,data analysis|power bi|sql|tableau
Neha Sharma 4132,backend_developer,Senior,mixed,git|java|javascript|kubernetes|mongodb|postgresql|python|react|rest api|spring boot|sql
Deepa Krishnan 4133,frontend_developer,Junior,full,ci/cd|git|html/css|java|react|rest api
Trisha Patel 4134,devops_engineer,Intern,full,cloud|docker|java|linux
Parvati Subramanian 4135,data_engineer,Junior,mixed,ci/cd|cloud|docker|python|sql
Tanvi Ghosh,ml_engineer,Senior,abbr,cloud|computer vision|deep learning|machine learning|python|pytorch|scikit-learn|statistics|tensorflow
Jaya Mehta 4137,data_scientist,Junior,full,data analysis|pandas|python|statistics|tableau
Gaurav Naidu 4138,nlp_engineer,Intern,abbr,deep learning|linux|postgresql|python|text classification
Divya Reddy 4139,data_analyst,Junior,full,excel|pandas|power bi|python|sql|tableau
Nandini Chopra 4140,backend_developer,Mid,full,html/css|java|kubernetes|linux|mongodb|rest api|spring boot|sql
Ananya Jain 4141,frontend_developer,Mid,abbr,git|javascript|pandas|react|rest api
Kavya Joshi,devops_engineer,Mid,abbr,ci/cd|cloud|excel|kubernetes|linux
Nandini Prasad,data_engineer,Intern,abbr,docker|linux|mongodb|postgresql|python|sql
Nikhil Iyer 4144,ml_engineer,Mid,abbr,computer vision|deep learning|natural language processing|pandas|python|pytorch|scikit-learn|statistics|tensorflow
Charu Patel 4145,data_scientist,Senior,abbr,cloud|data analysis|machine learning|numpy|pandas|python|sql|statistics|text classification
Pooja Rao,nlp_engineer,Mid,abbr,ci/cd|docker|kubernetes|machine learning|natural language processing|python|pytorch|scikit-learn|text classification
Vikram Hegde 4147,data_analyst,Intern,mixed,excel|pandas|power bi|tableau
Harini Naidu 4148,backend_developer,Senior,abbr,docker|java|kubernetes|linux|mongodb|postgresql|rest api|spring boot|sql
Omkar Reddy 4149,frontend_developer,Senior,full,git|html/css|javascript|node.js|react|rest api|sql|statistics
Sahana Saxena 4150,devops_engineer,Mid,abbr,ci/cd|cloud|docker|java|linux|postgresql
Swathi Pillai 4151,data_engineer,Senior,abbr,cloud|docker|postgresql|python|sql
Tanvi Naidu 4152,ml_engineer,Mid,full,machine learning|mongodb|postgresql|python|pytorch|scikit-learn|statistics|tensorflow
Pranav Nair 4153,data_scientist,Senior,full,cloud|data analysis|deep learning|machine learning|pandas|python|sql|statistics|text classification
Lalita Tiwari 4154,nlp_engineer,Senior,mixed,artificial intelligence|cloud|deep learning|docker|natural language processing|python|pytorch|scikit-learn|text classification
Harini Krishnan 4155,data_analyst,Junior,abbr,data analysis|excel|power bi|scikit-learn|tableau
Dhruv Nambiar 4156,backend_developer,Junior,mixed,java|postgresql|rest api|sql
Vidya Balan 4157,frontend_developer,Senior,mixed,docker|git|html/css|javascript|machine learning|node.js|react
Kabir Kapoor,devops_engineer,Intern,mixed,cloud|kubernetes|linux|postgresql
Tanvi Nair,data_engineer,Senior,abbr,cloud|docker|pandas|postgresql|python|sql
Nikhil Varma 4160,ml_engineer,Junior,abbr,deep learning|numpy|python|pytorch|tensorflow
Naveen Varma 4161,data_scientist,Senior,mixed,data analysis|deep learning|machine learning|numpy|pandas|python|scikit-learn|sql|statistics|text classification
Suresh Subramanian 4162,nlp_engineer,Senior,mixed,cloud|deep learning|kubernetes|machine learning|natural language processing|python|pytorch|scikit-learn|text classification
Uma Joshi,data_analyst,Intern,mixed,data analysis|excel|kubernetes|tableau
Deepa Kaur 4164,backend_developer,Mid,mixed,java|postgresql|rest api|spring boot
Vinay Kaur 4165,frontend_developer,Senior,full,docker|git|html/css|javascript|python|react|rest api
Mohit Ghosh 4166,devops_engineer,Senior,abbr,ci/cd|cloud|docker|kubernetes|linux
Sanjay Nambiar 4167,data_engineer,Intern,mixed,docker|linux|pandas|postgresql|python
Ananya Subramanian 4168,ml_engineer,Mid,mixed,deep learning|machine learning|natural language processing|numpy|python|scikit-learn|sql|statistics|tensorflow
Kavya Pillai 4169,data_scientist,Intern,full,cloud|data analysis|machine learning|power bi|sql
Rahul Verma 4170,nlp_engineer,Mid,full,deep learning|natural language processing|python|scikit-learn|text classification
Nisha Kaur 4171,data_analyst,Senior,mixed,data analysis|excel|power bi|sql|statistics|tableau
Siddharth Singh 4172,backend_developer,Senior,full,docker|git|java|kubernetes|linux|postgresql|rest api|spring boot|sql
Charu Subramanian 4173,frontend_developer,Senior,full,data analysis|docker|git|html/css|javascript|power bi|react
Vidya Gupta,devops_engineer,Intern,full,ci/cd|cloud|docker
Kabir Deshpande,data_engineer,Intern,abbr,cloud|deep learning|docker|kubernetes|sql
Vikram Reddy 4176,ml_engineer,Mid,mixed,machine learning|python|pytorch|scikit-learn|tensorflow
Omkar Singh 4177,data_scientist,Intern,mixed,cloud|data analysis|machine learning|pandas|scikit-learn|statistics
Farhan Verma 4178,nlp_engineer,Junior,abbr,deep learning|docker|python|pytorch|scikit-learn|text classification
Harini Raghavan 4179,data_analyst,Senior,abbr,data analysis|excel|power bi|sql|tableau
Zoya Krishnan 4180,backend_developer,Junior,mixed,java|node.js|postgresql|rest api|spring boot
Nandini Venkatesh 4181,frontend_developer,Intern,mixed,javascript|node.js|react
Gaurav Chandran 4182,devops_engineer,Junior,full,ci/cd|cloud|docker|java|linux|python
Rajesh Nair 4183,data_engineer,Junior,mixed,cloud|kubernetes|postgresql|python|sql
Akash Naidu 4184,ml_engineer,Intern,abbr,machine learning|pytorch|scikit-learn
Jaya Nambiar 4185,data_scientist,Junior,mixed,ci/cd|data analysis|deep learning|git|machine learning|numpy|pandas|scikit-learn|statistics
Sneha Menon 4186,nlp_engineer,Junior,abbr,docker|machine learning|natural language processing|numpy|python|pytorch|tensorflow|text classification
Kabir Agarwal 4187,data_analyst,Mid,full,data analysis|excel|mongodb|power bi|sql
Vinay Subramanian 4188,backend_developer,Intern,full,postgresql|rest api|sql
Manish Gupta,frontend_developer,Senior,abbr,git|html/css|javascript|react
Swathi Menon 4190,devops_engineer,Intern,mixed,cloud|docker|linux
Ishaan Tiwari 4191,data_engineer,Junior,mixed,cloud|linux|postgresql|python|sql
Akash Ghosh 4192,ml_engineer,Intern,mixed,computer vision|deep learning|linux|numpy|pytorch|tensorflow
Abhay Reddy 4193,data_scientist,Intern,mixed,machine learning|pandas|scikit-learn|statistics
Rhea Balan 4194,nlp_engineer,Mid,abbr,cloud|deep learning|natural language processing|numpy|python|pytorch|scikit-learn
Aniket Deshpande 4195,data_analyst,Intern,mixed,data analysis|power bi|sql
Divya Gupta 4196,backend_developer,Intern,mixed,docker|git|postgresql|python|rest api|spring boot
Sanjay Chandran 4197,frontend_developer,Mid,full,docker|git|javascript|node.js|react
Rohan Patel 4198,devops_engineer,Senior,full,ci/cd|cloud|docker|git|kubernetes|linux|python
Lakshmi Desai 4199,data_engineer,Mid,mixed,cloud|docker|linux|postgresql|sql
Tarun Chandran 4200,ml_engineer,Junior,full,deep learning|numpy|pytorch|scikit-learn|tensorflow
Rakesh Krishnan 4201,data_scientist,Intern,abbr,data analysis|machine learning|numpy|pandas|tableau
Kabir Naidu 4202,nlp_engineer,Junior,abbr,cloud|linux|natural language processing|python|pytorch|text classification
Akash Bhatt,data_analyst,Mid,full,data analysis|excel|node.js|power bi|sql|statistics
Akash Tiwari 4204,backend_developer,Mid,mixed,docker|java|postgresql|spring boot|sql
Rohan Joshi 4205,frontend_developer,Mid,abbr,docker|git|html/css|react|rest api|sql
Sahana Kumar 4206,devops_engineer,Intern,full,cloud|docker|linux|spring boot|sql
Abhay Agarwal 4207,data_engineer,Mid,full,cloud|docker|kubernetes|postgresql|sql
Esha Naidu,ml_engineer,Junior,mixed,machine learning|python|pytorch|sql|tensorflow
Sonal Malhotra,data_scientist,Senior,full,data analysis|machine learning|pandas|power bi|python|sql|statistics|tableau
Yamini Balan 4210,nlp_engineer,Intern,mixed,deep learning|natural language processing|pytorch|scikit-learn
Ananya Rao 4211,data_analyst,Junior,full,data analysis|pandas|power bi|sql|statistics|tableau
Aniket Desai 4212,backend_developer,Intern,full,git|rest api|spring boot|sql
Naveen Krishnan 4213,frontend_developer,Intern,mixed,javascript|react
Esha Rao 4214,devops_engineer,Intern,mixed,cloud|docker|kubernetes|pandas
Anjali Mehta 4215,data_engineer,Intern,full,cloud|docker|html/css|postgresql|rest api
Lalita Deshpande 4216,ml_engineer,Mid,abbr,deep learning|docker|machine learning|pytorch|scikit-learn|tensorflow
Sameer Tiwari 4217,data_scientist,Intern,abbr,machine learning|pandas|python|tableau
Arjun Chandran 4218,nlp_engineer,Mid,abbr,cloud|deep learning|natural language processing|python|pytorch|scikit-learn
Rajesh Nambiar 4219,data_analyst,Mid,mixed,data analysis|power bi|sql|statistics|tableau
Esha Mehta 4220,backend_developer,Mid,abbr,java|rest api|spring boot|sql
Kiran Menon,frontend_developer,Senior,abbr,data analysis|git|html/css|javascript|react
Trisha Raghavan 4222,devops_engineer,Senior,abbr,ci/cd|cloud|docker|kubernetes|linux
Lalita Sharma 4223,data_engineer,Mid,full,ci/cd|cloud|docker|kubernetes|postgresql|python
Kavya Gupta,ml_engineer,Senior,full,deep learning|machine learning|natural language processing|numpy|pandas|python|pytorch|scikit-learn|sql|statistics|tensorflow
Chetan Krishnan 4225,data_scientist,Intern,full,machine learning|sql|statistics|text classification
Udhav Rao,nlp_engineer,Senior,abbr,artificial intelligence|cloud|deep learning|kubernetes|machine learning|natural language processing|numpy|python|pytorch|sql|text classification
Pallavi Dubey 4227,data_analyst,Senior,mixed,data analysis|excel|power bi|sql|tableau
Divya Verma 4228,backend_developer,Senior,full,artificial intelligence|java|natural language processing|postgresql|rest api|spring boot|sql
Rohan Krishnan 4229,frontend_developer,Junior,full,cloud|docker|html/css|javascript|react
Pallavi Raghavan 4230,devops_engineer,Senior,mixed,ci/cd|cloud|deep learning|docker|java|kubernetes|linux|python|pytorch
Charu Raghavan 4231,data_engineer,Junior,abbr,cloud|docker|mongodb|postgresql|sql
Aniket Bhatt,ml_engineer,Mid,abbr,deep learning|docker|machine learning|numpy|python|pytorch|sql|tensorflow
Harini Iyer 4233,data_scientist,Mid,full,deep learning|machine learning|numpy|pandas|python|sql|statistics|tableau
Deepa Menon 4234,nlp_engineer,Senior,abbr,artificial intelligence|data analysis|deep learning|machine learning|natural language processing|numpy|python|pytorch|scikit-learn|text classification
Gaurav Dubey 4235,data_analyst,Senior,mixed,data analysis|excel|postgresql|power bi|python|sql|tableau
Kabir Tiwari 4236,backend_developer,Senior,mixed,java|postgresql|rest api|spring boot|sql
Ritu Saxena 4237,frontend_developer,Intern,full,artificial intelligence|docker|git|javascript
Rahul Chandran 4238,devops_engineer,Mid,abbr,ci/cd|cloud|docker|javascript|kubernetes
Darshan Singh 4239,data_engineer,Junior,mixed,cloud|docker|mongodb|pandas|postgresql|sql|statistics
Rakesh Nambiar 4240,ml_engineer,Intern,mixed,deep learning|javascript|pytorch|react|tensorflow
Dhruv Raghavan 4241,data_scientist,Junior,abbr,data analysis|deep learning|machine learning|pandas|statistics|tableau|text classification
Pooja Hegde 4242,nlp_engineer,Intern,full,deep learning|natural language processing|pytorch
Tarun Desai 4243,data_analyst,Junior,abbr,excel|postgresql|power bi|sql|tableau
Darshan Pillai,backend_developer,Junior,abbr,java|mongodb|rest api|spring boot|sql
Siddharth Naidu 4245,frontend_developer,Intern,mixed,git|react|rest api
Anjali Deshpande 4246,devops_engineer,Mid,mixed,ci/cd|cloud|docker|linux|python
Vikram Kaur,data_engineer,Mid,mixed,cloud|postgresql|python|sql
Gaurav Sharma 4248,ml_engineer,Junior,mixed,cloud|machine learning|power bi|python|pytorch|scikit-learn
Mohit Kumar 4249,data_scientist,Junior,abbr,machine learning|pandas|scikit-learn|sql|statistics
Jatin Kumar 4250,nlp_engineer,Intern,full,natural language processing|python|pytorch
Abhay Krishnan 4251,data_analyst,Intern,mixed,excel|pandas|postgresql|power bi|python|sql
Arjun Nambiar 4252,backend_developer,Senior,abbr,java|postgresql|python|rest api|spring boot|sql
Aarav Hegde 4253,frontend_developer,Mid,full,html/css|javascript|react
Qamar Desai 4254,devops_engineer,Junior,abbr,ci/cd|cloud|git|javascript|kubernetes|linux
Trisha Deshpande 4255,data_engineer,Mid,abbr,docker|pandas|postgresql|python|sql
Nikhil Agarwal 4256,ml_engineer,Mid,full,data analysis|deep learning|docker|machine learning|numpy|pandas|python|scikit-learn|sql|tensorflow
Meera Kulkarni 4257,data_scientist,Junior,mixed,machine learning|pandas|python|sql|tableau
Sahana Bhatt 4258,nlp_engineer,Intern,mixed,deep learning|natural language processing|numpy|postgresql|python
Harini Ghosh 4259,data_analyst,Mid,full,data analysis|excel|power bi|sql|statistics
Trisha Nair 4260,backend_developer,Junior,abbr,deep learning|java|linux|mongodb|rest api|spring boot|sql
Nisha Deshpande 4261,frontend_developer,Senior,mixed,git|html/css|javascript|kubernetes|linux|react|rest api
Darshan Raghavan,devops_engineer,Intern,abbr,cloud|docker|kubernetes|python
Nandini Naidu 4263,data_engineer,Intern,abbr,cloud|docker|python
Kabir Patel 4264,ml_engineer,Junior,abbr,deep learning|docker|pytorch|scikit-learn|tensorflow
Sahana Patel 4265,data_scientist,Mid,abbr,cloud|machine learning|pandas|python|scikit-learn|sql|statistics|tableau
Deepa Rao 4266,nlp_engineer,Mid,mixed,cloud|deep learning|machine learning|natural language processing|numpy|python|pytorch
Sahana Menon,data_analyst,Mid,abbr,data analysis|excel|power bi|sql
Rohan Menon,backend_developer,Senior,full,java|linux|postgresql|rest api|spring boot|sql
Udhav Tiwari 4269,frontend_developer,Senior,full,docker|git|html/css|javascript|natural language processing|react
Udhav Varma 4270,devops_engineer,Mid,full,ci/cd|docker|kubernetes|linux|postgresql
Bhargav Raghavan 4271,data_engineer,Intern,mixed,ci/cd|postgresql|python|sql
Yash Shetty 4272,ml_engineer,Intern,abbr,machine learning|scikit-learn|statistics|tensorflow
Vikram Chopra 4273,data_scientist,Intern,mixed,data analysis|docker|python|sql|text classification
Harini Desai 4274,nlp_engineer,Junior,abbr,deep learning|docker|natural language processing|pytorch|text classification
Jaya Prasad 4275,data_analyst,Mid,full,data analysis|excel|sql|tableau
Vikram Singh 4276,backend_developer,Senior,mixed,artificial intelligence|docker|java|mongodb|natural language processing|postgresql|rest api|spring boot|sql
Swathi Singh 4277,frontend_developer,Junior,full,git|html/css|node.js|react
Nandini Venkatesh 4278,devops_engineer,Intern,abbr,cloud|computer vision|docker|java|kubernetes
Sneha Nambiar 4279,data_engineer,Junior,full,cloud|postgresql|python|sql
Sanjay Iyer 4280,ml_engineer,Senior,abbr,deep learning|machine learning|python|pytorch|scikit-learn|tensorflow
Lakshmi Kaur 4281,data_scientist,Junior,abbr,machine learning|pandas|power bi|python|sql
Suresh Kulkarni 4282,nlp_engineer,Mid,full,deep learning|numpy|python|pytorch|scikit-learn|text classification
Sameer Menon,data_analyst,Senior,abbr,data analysis|docker|excel|power bi|sql|tableau
Hema Kaur 4284,backend_developer,Mid,mixed,docker|java|kubernetes|postgresql|rest api|sql
Charu Naidu 4285,frontend_developer,Senior,full,git|html/css|javascript|react
Divya Pillai,devops_engineer,Senior,full,ci/cd|cloud|docker|git|html/css|kubernetes|linux|python|rest api
Kavya Agarwal 4287,data_engineer,Intern,abbr,cloud|pandas|postgresql|sql
Yash Dubey,ml_engineer,Junior,mixed,deep learning|docker|python|pytorch|scikit-learn|statistics
Anjali Bhatt 4289,data_scientist,Junior,full,data analysis|numpy|pandas|power bi|python|statistics|text classification
Gaurav Subramanian 4290,nlp_engineer,Intern,mixed,artificial intelligence|deep learning|node.js|python|pytorch|rest api
Ganesh Krishnan 4291,data_analyst,Junior,mixed,data analysis|pandas|power bi|sql|tableau
Omkar Kaur 4292,backend_developer,Mid,full,artificial intelligence|docker|java|linux|postgresql|pytorch|rest api|spring boot
Jatin Bhatt 4293,frontend_developer,Senior,mixed,git|html/css|javascript|pandas|react|scikit-learn
Aniket Sharma 4294,devops_engineer,Intern,mixed,ci/cd|cloud|java|kubernetes
Sahana Prasad 4295,data_engineer,Intern,mixed,cloud|kubernetes|linux|postgresql|python|sql
Siddharth Gupta 4296,ml_engineer,Junior,abbr,computer vision|deep learning|machine learning|python|scikit-learn|statistics
Ishaan Krishnan,data_scientist,Mid,abbr,cloud|data analysis|machine learning|pandas|power bi|sql|statistics|text classification
Harini Patel 4298,nlp_engineer,Junior,abbr,deep learning|natural language processing|numpy|pytorch|scikit-learn|text classification
Deepa Reddy,data_analyst,Junior,full,excel|power bi|sql|tableau
Chetan Kaur,backend_developer,Intern,mixed,postgresql|react|spring boot|sql
Varun Joshi 4301,frontend_developer,Mid,abbr,docker|git|html/css|javascript|linux|node.js
Pallavi Patel 4302,devops_engineer,Junior,mixed,ci/cd|cloud|kubernetes|linux
Suresh Tiwari 4303,data_engineer,Intern,abbr,cloud|docker|java|python
Jaya Singh,ml_engineer,Mid,mixed,deep learning|machine learning|pytorch|scikit-learn|tensorflow
Farhan Kumar 4305,data_scientist,Senior,mixed,data analysis|deep learning|javascript|machine learning|pandas|python|sql|statistics|tableau|text classification
Nandini Venkatesh 4306,nlp_engineer,Intern,mixed,mongodb|natural language processing|python|pytorch
Suresh Varma 4307,data_analyst,Intern,abbr,cloud|data analysis|excel|python|scikit-learn|sql
Chetan Gupta,backend_developer,Mid,full,git|java|kubernetes|postgresql|spring boot|sql
Zoya Sharma 4309,frontend_developer,Senior,abbr,git|html/css|javascript|react
Vikram Gupta,devops_engineer,Intern,full,cloud|computer vision|docker|kubernetes
Rohan Raghavan 4311,data_engineer,Senior,mixed,cloud|docker|kubernetes|linux|postgresql|power bi|python|sql|statistics
Ananya Subramanian 4312,ml_engineer,Mid,full,deep learning|docker|machine learning|numpy|python|pytorch|scikit-learn|statistics
Deepa Tiwari 4313,data_scientist,Senior,mixed,data analysis|machine learning|pandas|python|sql|statistics
Qamar Desai 4314,nlp_engineer,Intern,mixed,deep learning|git|html/css|natural language processing|pytorch
Udhav Ghosh 4315,data_analyst,Mid,mixed,data analysis|docker|excel|sql|tableau
Nisha Dubey 4316,backend_developer,Mid,mixed,data analysis|java|kubernetes|mongodb|postgresql|python|rest api|spring boot
Aditi Hegde 4317,frontend_developer,Senior,full,git|html/css|javascript|react
Suresh Desai 4318,devops_engineer,Junior,mixed,ci/cd|cloud|docker|linux|postgresql
Suresh Mehta,data_engineer,Mid,full,docker|linux|pandas|postgresql|python|sql
Abhay Patel,ml_engineer,Intern,full,cloud|computer vision|deep learning|machine learning|pandas|postgresql|pytorch
Dhruv Rao 4321,data_scientist,Mid,full,deep learning|machine learning|pandas|python|sql|statistics
Charu Joshi 4322,nlp_engineer,Junior,mixed,cloud|deep learning|docker|machine learning|natural language processing|numpy|python|sql|text classification
Vikram Verma 4323,data_analyst,Junior,abbr,cloud|excel|power bi|sql|tableau
Harini Reddy,backend_developer,Mid,abbr,deep learning|java|postgresql|rest api|sql
Sanjay Bhatt 4325,frontend_developer,Intern,mixed,docker|html/css|javascript
Swathi Raghavan 4326,devops_engineer,Junior,full,ci/cd|cloud|docker|kubernetes
Farhan Deshpande 4327,data_engineer,Mid,full,cloud|data analysis|docker|postgresql|sql
Siddharth Desai 4328,ml_engineer,Junior,abbr,deep learning|docker|python|scikit-learn|tensorflow
Indira Varma 4329,data_scientist,Junior,abbr,data analysis|pandas|sql|statistics
Rohan Shetty 4330,nlp_engineer,Mid,mixed,cloud|deep learning|machine learning|natural language processing|python|text classification
Siddharth Agarwal 4331,data_analyst,Intern,mixed,cloud|data analysis|scikit-learn|sql|tableau
Manish Agarwal 4332,backend_developer,Junior,mixed,docker|git|java|linux|python|rest api|spring boot|sql
Udhav Nambiar 4333,frontend_developer,Mid,mixed,docker|git|html/css|react|rest api
Aniket Ghosh,devops_engineer,Intern,abbr,cloud|kubernetes|linux
Parvati Subramanian 4335,data_engineer,Mid,mixed,cloud|docker|postgresql|sql
Aniket Saxena 4336,ml_engineer,Intern,mixed,deep learning|machine learning|numpy|pandas|pytorch
Nikhil Ghosh,data_scientist,Junior,full,pandas|python|sql|statistics
Arjun Kulkarni 4338,nlp_engineer,Mid,abbr,deep learning|python|pytorch|text classification
Nisha Desai 4339,data_analyst,Junior,abbr,data analysis|excel|postgresql|power bi|sql|statistics|tableau
Lakshmi Kaur 4340,backend_developer,Senior,abbr,java|linux|postgresql|python|rest api|spring boot|sql
Lakshmi Jain 4341,frontend_developer,Mid,full,docker|git|html/css|node.js|python|react
Priya Prasad 4342,devops_engineer,Intern,abbr,ci/cd|cloud|docker|java
Tanvi Agarwal 4343,data_engineer,Mid,full,ci/cd|cloud|linux|postgresql|python|sql
Swathi Venkatesh 4344,ml_engineer,Senior,mixed,artificial intelligence|cloud|computer vision|deep learning|docker|machine learning|pandas|python|pytorch|scikit-learn|tensorflow
Farhan Sharma 4345,data_scientist,Intern,abbr,numpy|python|pytorch|sql|statistics
Aniket Joshi 4346,nlp_engineer,Junior,mixed,deep learning|javascript|natural language processing|python|pytorch
Kabir Kulkarni 4347,data_analyst,Junior,mixed,data analysis|excel|sql|tableau
Parvati Gupta 4348,backend_developer,Senior,full,cloud|java|linux|mongodb|postgresql|rest api|spring boot|sql
Pranav Sharma,frontend_developer,Junior,mixed,git|html/css|react
Sonal Singh,devops_engineer,Junior,mixed,ci/cd|cloud|docker|kubernetes
Dhruv Singh 4351,data_engineer,Mid,full,ci/cd|cloud|docker|postgresql|python
Ananya Rao 4352,ml_engineer,Junior,abbr,deep learning|machine learning|natural language processing|numpy|python|scikit-learn
Lakshmi Subramanian 4353,data_scientist,Senior,mixed,data analysis|deep learning|machine learning|numpy|pandas|python|sql|statistics
Darshan Desai 4354,nlp_engineer,Mid,mixed,cloud|natural language processing|python|pytorch|text classification
Yamini Pillai 4355,data_analyst,Senior,abbr,data analysis|excel|postgresql|power bi|sql|tableau
Bhargav Deshpande 4356,backend_developer,Mid,abbr,docker|java|linux|rest api|spring boot|sql
Kavya Reddy,frontend_developer,Mid,abbr,git|html/css|javascript|rest api
Bhargav Reddy 4358,devops_engineer,Intern,mixed,cloud|docker|kubernetes|python
Sameer Balan 4359,data_engineer,Mid,abbr,cloud|docker|linux|mongodb|pandas|postgresql|python|spring boot
Zoya Reddy 4360,ml_engineer,Senior,abbr,computer vision|deep learning|machine learning|python|pytorch|scikit-learn|sql|tensorflow
Abhay Pillai 4361,data_scientist,Mid,full,data analysis|deep learning|machine learning|python|scikit-learn|sql|statistics|tableau
Chetan Prasad 4362,nlp_engineer,Intern,mixed,deep learning|natural language processing|numpy|pytorch
Rahul Kaur 4363,data_analyst,Intern,full,data analysis|excel|sql
Aniket Nair 4364,backend_developer,Senior,abbr,java|mongodb|postgresql|python|rest api|spring boot|sql
Harini Reddy 4365,frontend_developer,Mid,full,docker|excel|git|html/css|react|rest api
Jaya Iyer,devops_engineer,Junior,abbr,ci/cd|cloud|docker|kubernetes
Pranav Saxena 4367,data_engineer,Senior,full,cloud|docker|postgresql|python|sql
Charu Naidu 4368,ml_engineer,Intern,abbr,computer vision|numpy|pandas|python|pytorch|tensorflow
Indira Pillai,data_scientist,Senior,full,data analysis|machine learning|pandas|power bi|python|sql|statistics|tableau|text classification
Zoya Ghosh,nlp_engineer,Senior,full,deep learning|natural language processing|python|pytorch|text classification
Sahana Kapoor 4371,data_analyst,Mid,abbr,artificial intelligence|excel|postgresql|power bi|sql|statistics|tableau
Mohit Pillai,backend_developer,Mid,mixed,java|mongodb|postgresql|power bi|rest api|spring boot|sql
Rahul Pillai 4373,frontend_developer,Junior,full,html/css|javascript|react|rest api
Siddharth Mehta,devops_engineer,Intern,full,ci/cd|cloud|java|kubernetes
Rakesh Venkatesh 4375,data_engineer,Junior,mixed,ci/cd|cloud|docker|kubernetes|python|sql
Nikhil Desai,ml_engineer,Intern,abbr,cloud|computer vision|docker|python|pytorch|tensorflow
Divya Agarwal 4377,data_scientist,Intern,mixed,data analysis|sql|statistics|tableau
Sneha Agarwal 4378,nlp_engineer,Mid,full,deep learning|docker|natural language processing|python|pytorch
Varun Deshpande 4379,data_analyst,Mid,mixed,data analysis|pandas|postgresql|power bi|sql|tableau
Chetan Raghavan 4380,backend_developer,Intern,full,java|python|rest api|spring boot|statistics
Bhargav Naidu 4381,frontend_developer,Mid,full,deep learning|docker|git|html/css|javascript
Anjali Joshi,devops_engineer,Intern,mixed,ci/cd|cloud|kubernetes|text classification
Naveen Patel,data_engineer,Senior,mixed,cloud|docker|pandas|postgresql|python|scikit-learn|sql
Swathi Saxena 4384,ml_engineer,Senior,full,deep learning|machine learning|python|pytorch|scikit-learn|tensorflow
Charu Reddy 4385,data_scientist,Intern,full,data analysis|power bi|python|sql|text classification
Bhargav Singh,nlp_engineer,Senior,mixed,artificial intelligence|deep learning|docker|machine learning|natural language processing|numpy|python|pytorch|text classification
Rakesh Malhotra 4387,data_analyst,Senior,mixed,data analysis|excel|machine learning|power bi|pytorch|sql|statistics|tableau
Kiran Tiwari,backend_developer,Senior,mixed,java|linux|mongodb|postgresql|python|rest api|spring boot|sql|text classification
Pranav Nair 4389,frontend_developer,Senior,mixed,git|html/css|javascript|react|rest api
Bhargav Patel 4390,devops_engineer,Junior,abbr,ci/cd|cloud|docker|kubernetes
Anjali Agarwal,data_engineer,Junior,mixed,cloud|docker|postgresql|sql
Siddharth Verma 4392,ml_engineer,Senior,abbr,deep learning|docker|excel|machine learning|natural language processing|numpy|python|pytorch|scikit-learn|statistics|tensorflow
Tanvi Kumar 4393,data_scientist,Intern,full,deep learning|machine learning|python|statistics
Bhavna Venkatesh,nlp_engineer,Intern,full,deep learning|natural language processing|python|pytorch|sql
Harini Ghosh 4395,data_analyst,Mid,mixed,data analysis|excel|power bi|sql
Aniket Shetty 4396,backend_developer,Junior,mixed,git|java|kubernetes|rest api|spring boot|sql
Zoya Prasad 4397,frontend_developer,Senior,abbr,cloud|git|html/css|javascript|react|rest api
Aarav Krishnan 4398,devops_engineer,Mid,full,ci/cd|cloud|kubernetes|linux|numpy|python
Lakshmi Krishnan,data_engineer,Intern,abbr,mongodb|pandas|postgresql|python|sql
Gaurav Joshi,ml_engineer,Mid,abbr,deep learning|machine learning|pytorch|scikit-learn|statistics|tensorflow
Nandini Dubey 4401,data_scientist,Mid,abbr,machine learning|pandas|python|sql|statistics
Sanjay Reddy 4402,nlp_engineer,Intern,full,deep learning|natural language processing|python|scikit-learn
Akash Shetty 4403,data_analyst,Junior,full,excel|power bi|sql|tableau
Vishal Mehta 4404,backend_developer,Junior,mixed,docker|linux|mongodb|postgresql|rest api|spring boot|sql
Neha Iyer 4405,frontend_developer,Senior,full,docker|git|html/css|javascript|linux|node.js|react
Lakshmi Malhotra 4406,devops_engineer,Intern,full,ci/cd|cloud|docker|python
Nandini Kumar 4407,data_engineer,Senior,full,cloud|docker|postgresql|python|sql
Rohan Nambiar,ml_engineer,Mid,mixed,deep learning|html/css|python|pytorch|scikit-learn|tensorflow
Gaurav Gupta 4409,data_scientist,Senior,full,cloud|data analysis|deep learning|machine learning|numpy|pandas|power bi|python|sql|statistics
Nandini Kulkarni,nlp_engineer,Intern,mixed,natural language processing|python|text classification
Rohan Chopra 4411,data_analyst,Intern,abbr,data analysis|power bi|sql
Parvati Subramanian 4412,backend_developer,Senior,full,docker|git|java|kubernetes|postgresql|python|rest api|spring boot|sql
Sahana Naidu 4413,frontend_developer,Mid,full,git|javascript|node.js|react
Pooja Balan 4414,devops_engineer,Intern,full,cloud|docker|kubernetes|postgresql
Sameer Venkatesh 4415,data_engineer,Mid,mixed,ci/cd|docker|mongodb|pandas|postgresql|python|sql
Rohan Dubey 4416,ml_engineer,Junior,mixed,deep learning|docker|git|mongodb|pandas|python|scikit-learn|tensorflow
Indira Malhotra,data_scientist,Senior,mixed,cloud|data analysis|machine learning|numpy|pandas|power bi|python|sql|statistics|tableau
Tanvi Venkatesh 4418,nlp_engineer,Intern,full,deep learning|python|pytorch
Sameer Chandran 4419,data_analyst,Mid,mixed,data analysis|power bi|python|sql|tableau
Jaya Shetty 4420,backend_developer,Senior,abbr,docker|git|java|kubernetes|postgresql|python|rest api|spring boot|sql
Darshan Kaur 4421,frontend_developer,Mid,mixed,html/css|javascript|node.js|react
Parvati Agarwal 4422,devops_engineer,Mid,abbr,ci/cd|cloud|docker|git|linux
Mohit Varma 4423,data_engineer,Intern,abbr,ci/cd|cloud|mongodb|python|sql
Suresh Saxena 4424,ml_engineer,Junior,full,machine learning|natural language processing|python|pytorch|scikit-learn
Divya Dubey 4425,data_scientist,Intern,mixed,ci/cd|machine learning|mongodb|pandas|python
Parvati Jain,nlp_engineer,Mid,abbr,artificial intelligence|cloud|deep learning|docker|python|pytorch|spring boot|sql|text classification
Bhargav Hegde 4427,data_analyst,Intern,mixed,data analysis|excel|pandas|sql
Aniket Chopra 4428,backend_developer,Mid,abbr,ci/cd|docker|git|java|kubernetes|postgresql|spring boot|sql
Suresh Desai 4429,frontend_developer,Mid,full,git|html/css|javascript
Harini Bhatt 4430,devops_engineer,Junior,mixed,cloud|docker|kubernetes|linux|postgresql
Neha Iyer 4431,data_engineer,Senior,mixed,cloud|docker|kubernetes|natural language processing|pandas|postgresql|python|sql
Deepa Verma 4432,ml_engineer,Senior,mixed,ci/cd|cloud|deep learning|docker|machine learning|pandas|python|pytorch|scikit-learn|sql|statistics|tensorflow
Deepa Joshi 4433,data_scientist,Senior,abbr,cloud|data analysis|docker|machine learning|pandas|power bi|python|sql|statistics
Abhay Kaur 4434,nlp_engineer,Junior,mixed,deep learning|python|pytorch|scikit-learn|text classification
Akash Kumar 4435,data_analyst,Mid,mixed,excel|power bi|scikit-learn|sql|tableau
Vidya Deshpande 4436,backend_developer,Senior,mixed,java|postgresql|rest api|spring boot|sql
Shreya Rao 4437,frontend_developer,Mid,full,deep learning|git|html/css|javascript|node.js|rest api
Esha Kaur,devops_engineer,Junior,mixed,ci/cd|cloud|docker|kubernetes|linux|python|scikit-learn
Anjali Deshpande 4439,data_engineer,Intern,mixed,cloud|excel|kubernetes|linux|pandas|postgresql|sql
Harini Varma 4440,ml_engineer,Intern,mixed,computer vision|machine learning|natural language processing|python|scikit-learn|sql
Rajesh Balan 4441,data_scientist,Mid,full,data analysis|deep learning|machine learning|numpy|pandas|python|statistics|text classification
Tarun Singh 4442,nlp_engineer,Intern,full,cloud|machine learning|natural language processing|pytorch|text classification
Chetan Naidu 4443,data_analyst,Junior,mixed,data analysis|excel|pandas|power bi|spring boot|sql|statistics
Naveen Tiwari 4444,backend_developer,Intern,abbr,linux|mongodb|postgresql|rest api|spring boot
Kiran Balan,frontend_developer,Intern,abbr,html/css|react|rest api
Qamar Malhotra,devops_engineer,Intern,full,ci/cd|cloud|computer vision|linux|pytorch
Lalita Kumar 4447,data_engineer,Mid,abbr,ci/cd|cloud|docker|pandas|postgresql|python|sql
Naveen Pillai,ml_engineer,Intern,full,machine learning|pytorch|scikit-learn
Swathi Bhatt 4449,data_scientist,Senior,abbr,data analysis|machine learning|pandas|python|scikit-learn|sql|statistics|text classification
Rohan Deshpande 4450,nlp_engineer,Intern,mixed,natural language processing|power bi|python|pytorch|scikit-learn|statistics
Rohan Malhotra 4451,data_analyst,Mid,full,excel|git|power bi|react|sql|statistics|tableau
Uma Menon 4452,backend_developer,Junior,mixed,java|postgresql|rest api|spring boot
Esha Naidu 4453,frontend_developer,Junior,mixed,git|javascript|react|rest api
Sanjay Verma 4454,devops_engineer,Mid,mixed,ci/cd|cloud|docker|kubernetes|postgresql
Swathi Reddy 4455,data_engineer,Mid,full,cloud|docker|git|kubernetes|linux|postgresql|python
Tanvi Jain,ml_engineer,Intern,abbr,docker|machine learning|numpy|pytorch|statistics|tensorflow
Sameer Kumar 4457,data_scientist,Senior,full,data analysis|machine learning|numpy|pandas|python|sql|statistics|tableau
Zoya Kapoor 4458,nlp_engineer,Intern,abbr,machine learning|python|pytorch|text classification
Uma Menon 4459,data_analyst,Intern,full,data analysis|power bi|pytorch|sql
Rajesh Pillai 4460,backend_developer,Senior,abbr,deep learning|java|kubernetes|linux|mongodb|postgresql|rest api|spring boot|sql|text classification
Farhan Joshi 4461,frontend_developer,Intern,mixed,git|react
Ravi Patel 4462,devops_engineer,Junior,mixed,ci/cd|cloud|docker|kubernetes
Priya Joshi 4463,data_engineer,Senior,abbr,cloud|docker|linux|mongodb|postgresql|python|spring boot|sql
Tanvi Venkatesh 4464,ml_engineer,Junior,full,deep learning|docker|machine learning|pandas|pytorch|scikit-learn
Shreya Bhatt 4465,data_scientist,Intern,full,numpy|pandas|python|statistics
Chetan Chopra 4466,nlp_engineer,Junior,abbr,deep learning|docker|natural language processing|python|pytorch
Sneha Reddy 4467,data_analyst,Junior,full,data analysis|excel|pandas|power bi|python|sql
Rhea Singh 4468,backend_developer,Senior,mixed,java|mongodb|pandas|postgresql|python|rest api|spring boot|sql
Sahana Dubey 4469,frontend_developer,Junior,abbr,git|html/css|javascript|text classification
Dhruv Pillai 4470,devops_engineer,Senior,mixed,ci/cd|cloud|docker|java|kubernetes|linux|postgresql
Priya Nair,data_engineer,Senior,mixed,cloud|docker|kubernetes|mongodb|pandas|postgresql|python|sql
Sanjay Kapoor 4472,ml_engineer,Senior,full,deep learning|machine learning|natural language processing|pandas|power bi|python|pytorch|scikit-learn|tensorflow
Meera Shetty 4473,data_scientist,Junior,full,machine learning|python|sql|statistics
Meera Patel 4474,nlp_engineer,Senior,abbr,artificial intelligence|data analysis|deep learning|docker|machine learning|natural language processing|python|pytorch|scikit-learn|tableau|text classification
Esha Krishnan 4475,data_analyst,Senior,full,data analysis|excel|power bi|spring boot|sql|tableau
Tarun Varma 4476,backend_developer,Mid,mixed,java|mongodb|rest api|spring boot|sql
Swathi Saxena 4477,frontend_developer,Junior,mixed,ci/cd|git|javascript|node.js|python|react
Rakesh Bhatt 4478,devops_engineer,Junior,mixed,cloud|docker|git|kubernetes|linux|python
Shreya Nambiar 4479,data_engineer,Senior,abbr,cloud|docker|postgresql|python|sql
Kavya Iyer 4480,ml_engineer,Mid,full,deep learning|machine learning|natural language processing|numpy|pandas|python|pytorch|statistics|tensorflow
Vikram Kapoor 4481,data_scientist,Intern,full,data analysis|sql|statistics
Yash Chandran,nlp_engineer,Intern,mixed,cloud|deep learning|docker|natural language processing|numpy|python|pytorch
Lakshmi Raghavan 4483,data_analyst,Senior,abbr,cloud|data analysis|excel|power bi|sql|tableau
Sameer Patel 4484,backend_developer,Mid,full,linux|mongodb|postgresql|rest api|spring boot|sql
Rajesh Varma,frontend_developer,Mid,mixed,git|javascript|node.js|power bi|react|rest api
Mohit Naidu 4486,devops_engineer,Senior,full,ci/cd|cloud|docker|kubernetes|linux|python
Nikhil Gupta 4487,data_engineer,Mid,full,ci/cd|cloud|docker|kubernetes|linux|node.js|python|sql
Uma Subramanian 4488,ml_engineer,Senior,mixed,computer vision|data analysis|deep learning|machine learning|pandas|python|pytorch|scikit-learn|tensorflow
Parvati Saxena 4489,data_scientist,Mid,full,data analysis|numpy|pandas|power bi|python|sql|statistics|tableau|text classification
Harini Shetty 4490,nlp_engineer,Mid,abbr,artificial intelligence|deep learning|machine learning|natural language processing|pytorch|scikit-learn|text classification
Ananya Shetty 4491,data_analyst,Junior,mixed,data analysis|excel|power bi|sql
Zoya Ghosh 4492,backend_developer,Junior,mixed,java|postgresql|rest api|sql
Pranav Iyer 4493,frontend_developer,Intern,mixed,html/css|javascript
Esha Kumar 4494,devops_engineer,Intern,mixed,ci/cd|docker|java|kubernetes
Sneha Prasad 4495,data_engineer,Senior,mixed,cloud|docker|linux|mongodb|postgresql|python|sql
Aniket Rao 4496,ml_engineer,Junior,mixed,computer vision|deep learning|machine learning|python|scikit-learn|sql
Qamar Saxena 4497,data_scientist,Mid,full,cloud|deep learning|machine learning|pandas|python|scikit-learn|sql|statistics|text classification
Nikhil Subramanian 4498,nlp_engineer,Intern,abbr,deep learning|natural language processing|numpy|power bi|text classification
Pallavi Agarwal 4499,data_analyst,Senior,mixed,data analysis|excel|power bi|python|sql|tableau
Harini Deshpande 4500,backend_developer,Mid,mixed,docker|java|natural language processing|postgresql|pytorch|rest api|sql
Vikram Reddy 4501,frontend_developer,Junior,abbr,git|html/css|react
Rajesh Chandran 4502,devops_engineer,Junior,full,ci/cd|docker|kubernetes|linux
Parvati Saxena 4503,data_engineer,Junior,mixed,cloud|docker|natural language processing|pandas|postgresql|sql
Rhea Patel 4504,ml_engineer,Junior,mixed,deep learning|docker|natural language processing|python|scikit-learn|sql|tensorflow
Akash Chopra 4505,data_scientist,Intern,mixed,data analysis|sql|statistics
Deepa Reddy 4506,nlp_engineer,Junior,full,artificial intelligence|cloud|deep learning|natural language processing|python|pytorch|sql
Omkar Varma 4507,data_analyst,Junior,mixed,data analysis|git|postgresql|power bi|sql|tableau
Abhay Singh 4508,backend_developer,Senior,full,docker|java|linux|postgresql|python|rest api|spring boot|sql
Udhav Venkatesh 4509,frontend_developer,Mid,mixed,ci/cd|html/css|javascript|python|react
Vidya Kaur,devops_engineer,Mid,full,cloud|docker|kubernetes|linux|pytorch|tensorflow
Meera Jain 4511,data_engineer,Senior,full,cloud|docker|kubernetes|linux|mongodb|postgresql|python|sql
Mohit Reddy 4512,ml_engineer,Junior,mixed,deep learning|pandas|python|pytorch|scikit-learn|statistics|text classification
Ramya Nambiar 4513,data_scientist,Junior,mixed,data analysis|mongodb|numpy|pandas|power bi|python|sql|tableau
Vikram Kulkarni 4514,nlp_engineer,Senior,mixed,deep learning|docker|machine learning|natural language processing|python|pytorch|scikit-learn|text classification
Jatin Raghavan 4515,data_analyst,Senior,mixed,data analysis|docker|excel|pandas|power bi|sql|statistics|tableau
Udhav Patel 4516,backend_developer,Intern,mixed,linux|mongodb|postgresql|rest api|sql
Neha Pillai 4517,frontend_developer,Senior,mixed,git|html/css|javascript|node.js|react|rest api
Siddharth Hegde,devops_engineer,Junior,mixed,artificial intelligence|ci/cd|cloud|docker|git|java|kubernetes|linux
Varun Pillai,data_engineer,Senior,full,cloud|docker|postgresql|python|sql
Pranav Mehta 4520,ml_engineer,Intern,full,machine learning|python|scikit-learn|text classification
Tarun Nair,data_scientist,Intern,mixed,cloud|data analysis|deep learning|machine learning|statistics
Shreya Chandran 4522,nlp_engineer,Junior,abbr,artificial intelligence|deep learning|java|natural language processing|python|pytorch|scikit-learn
Aditi Kaur,data_analyst,Intern,abbr,git|power bi|react|sql|tableau
Ritu Iyer,backend_developer,Junior,abbr,excel|java|kubernetes|postgresql|rest api|spring boot
Sneha Pillai 4525,frontend_developer,Mid,abbr,data analysis|git|javascript|power bi|react
Varun Deshpande 4526,devops_engineer,Senior,full,ci/cd|cloud|docker|kubernetes|linux|python|scikit-learn|statistics
Mohit Nambiar 4527,data_engineer,Mid,full,ci/cd|docker|linux|postgresql|python|sql
Nikhil Raghavan,ml_engineer,Junior,abbr,cloud|deep learning|machine learning|python|sql|tensorflow
Hema Naidu,data_scientist,Junior,mixed,cloud|data analysis|machine learning|pandas|power bi|sql|tableau
Rajesh Krishnan 4530,nlp_engineer,Intern,full,deep learning|python|scikit-learn|text classification
Vidya Kaur 4531,data_analyst,Mid,abbr,data analysis|excel|natural language processing|power bi|tableau
Ramya Deshpande 4532,backend_developer,Mid,abbr,java|postgresql|rest api|sql
Shreya Chandran 4533,frontend_developer,Mid,full,git|html/css|react
Madhav Kapoor,devops_engineer,Intern,full,ci/cd|cloud|docker|kubernetes|postgresql|react
Sneha Saxena 4535,data_engineer,Intern,full,cloud|docker|linux|mongodb|pandas|sql
Sonal Agarwal 4536,ml_engineer,Senior,mixed,deep learning|docker|kubernetes|machine learning|python|pytorch|scikit-learn|sql|tensorflow
Madhav Prasad 4537,data_scientist,Mid,abbr,data analysis|deep learning|docker|javascript|machine learning|numpy|pandas|power bi|python|statistics|tableau
Rohan Desai 4538,nlp_engineer,Senior,mixed,deep learning|docker|natural language processing|python|pytorch|rest api|text classification
Sahana Agarwal 4539,data_analyst,Mid,full,data analysis|excel|power bi|python|sql|statistics
Darshan Mehta 4540,backend_developer,Junior,abbr,kubernetes|postgresql|python|rest api|spring boot|sql
Vidya Singh 4541,frontend_developer,Junior,abbr,git|html/css|react
Indira Venkatesh 4542,devops_engineer,Mid,full,ci/cd|cloud|docker|git|kubernetes|postgresql|python|statistics
Priya Varma 4543,data_engineer,Intern,full,cloud|deep learning|postgresql|python|sql
Nandini Joshi,ml_engineer,Intern,mixed,computer vision|deep learning|docker|git|pandas|pytorch|scikit-learn
Sneha Menon 4545,data_scientist,Senior,full,ci/cd|data analysis|deep learning|kubernetes|machine learning|pandas|python|sql|statistics|text classification
Pallavi Kaur,nlp_engineer,Mid,full,linux|natural language processing|python|pytorch|text classification
Pranav Prasad 4547,data_analyst,Junior,mixed,docker|excel|power bi|python|sql|tableau|text classification
Manish Chandran,backend_developer,Mid,full,docker|postgresql|rest api|spring boot|sql
Meera Iyer 4549,frontend_developer,Intern,mixed,git|postgresql|react
Gaurav Chopra 4550,devops_engineer,Intern,abbr,ci/cd|docker|linux
Rohan Menon 4551,data_engineer,Intern,full,ci/cd|docker|mongodb|python|sql
Trisha Balan,ml_engineer,Mid,full,deep learning|python|pytorch|scikit-learn|sql|tensorflow
Kiran Kapoor,data_scientist,Intern,abbr,kubernetes|machine learning|pandas|power bi|python|statistics
Sameer Menon 4554,nlp_engineer,Intern,full,artificial intelligence|cloud|deep learning|natural language processing|postgresql|python|sql
Siddharth Nambiar,data_analyst,Senior,abbr,data analysis|excel|pandas|postgresql|power bi|sql|tableau
Nandini Gupta 4556,backend_developer,Junior,abbr,data analysis|git|java|kubernetes|mongodb|postgresql|python|spring boot|sql
Trisha Pillai 4557,frontend_developer,Intern,mixed,javascript|react
Vidya Dubey,devops_engineer,Intern,full,cloud|docker|linux|scikit-learn
Kabir Nambiar 4559,data_engineer,Senior,mixed,cloud|docker|pandas|postgresql|python|sql
Ramya Deshpande 4560,ml_engineer,Intern,mixed,cloud|machine learning|numpy|pytorch|tensorflow
Ramya Nambiar 4561,data_scientist,Intern,mixed,data analysis|deep learning|machine learning|numpy|sql
Trisha Chandran,nlp_engineer,Mid,abbr,deep learning|docker|python|pytorch|text classification
Nandini Deshpande 4563,data_analyst,Junior,abbr,data analysis|excel|power bi|tableau
Yamini Chopra 4564,backend_developer,Senior,abbr,docker|java|kubernetes|linux|postgresql|python|rest api|spring boot|sql
Hema Nair 4565,frontend_developer,Junior,full,docker|git|html/css|react
Nisha Kulkarni 4566,devops_engineer,Intern,abbr,cloud|docker|kubernetes|linux|python
Parvati Gupta 4567,data_engineer,Mid,full,cloud|docker|mongodb|pandas|python|sql
Divya Agarwal 4568,ml_engineer,Senior,mixed,cloud|computer vision|deep learning|machine learning|pandas|python|pytorch|scikit-learn|sql|tensorflow
Indira Rao,data_scientist,Mid,full,cloud|data analysis|machine learning|natural language processing|numpy|pandas|power bi|sql|statistics
Nikhil Venkatesh 4570,nlp_engineer,Junior,full,deep learning|docker|natural language processing|numpy|pytorch|text classification
Parvati Menon,data_analyst,Intern,mixed,excel|sql|tableau
Nisha Kumar 4572,backend_developer,Intern,mixed,java|python|rest api|spring boot
Ritu Chopra 4573,frontend_developer,Junior,full,git|javascript|node.js|react
Shreya Nair 4574,devops_engineer,Intern,abbr,ci/cd|cloud|docker|postgresql|pytorch
Jatin Reddy 4575,data_engineer,Mid,mixed,docker|kubernetes|postgresql|python|sql
Dhruv Subramanian,ml_engineer,Intern,abbr,deep learning|postgresql|pytorch|tensorflow
Sahana Rao 4577,data_scientist,Senior,mixed,data analysis|machine learning|pandas|python|sql|statistics
Vishal Rao 4578,nlp_engineer,Intern,abbr,natural language processing|numpy|pytorch|text classification
Jatin Gupta 4579,data_analyst,Mid,abbr,data analysis|pandas|power bi|python|sql|tableau
Darshan Mehta 4580,backend_developer,Junior,abbr,java|linux|rest api|spring boot|sql
Sneha Ghosh,frontend_developer,Junior,full,git|html/css|java|javascript
Pooja Kumar 4582,devops_engineer,Mid,mixed,ci/cd|cloud|docker|linux|python
Sameer Tiwari 4583,data_engineer,Intern,mixed,ci/cd|cloud|postgresql|sql
Aditi Tiwari 4584,ml_engineer,Junior,full,cloud|machine learning|pandas|python|pytorch|scikit-learn|statistics
Hema Balan 4585,data_scientist,Senior,mixed,data analysis|html/css|machine learning|pandas|python|react|scikit-learn|sql|statistics|tableau
Neha Kumar 4586,nlp_engineer,Intern,full,deep learning|docker|pytorch|text classification
Charu Sharma 4587,data_analyst,Intern,full,excel|sql|tableau
Vinay Joshi,backend_developer,Junior,full,cloud|mongodb|postgresql|rest api|spring boot|sql
Divya Kulkarni,frontend_developer,Intern,abbr,docker|html/css|javascript
Charu Pillai 4590,devops_engineer,Intern,abbr,ci/cd|cloud|git|linux
Mohit Krishnan,data_engineer,Junior,mixed,docker|kubernetes|mongodb|postgresql|python|sql
Kavya Kulkarni,ml_engineer,Mid,abbr,computer vision|deep learning|python|pytorch|scikit-learn|sql|tensorflow
Ramya Tiwari 4593,data_scientist,Senior,full,data analysis|machine learning|pandas|python|scikit-learn|sql|statistics|tableau|text classification
Trisha Sharma 4594,nlp_engineer,Junior,abbr,artificial intelligence|cloud|deep learning|natural language processing|numpy|python|pytorch
Darshan Krishnan 4595,data_analyst,Junior,full,data analysis|excel|kubernetes|pandas|postgresql|power bi|sql
Sahana Tiwari 4596,backend_developer,Mid,mixed,java|postgresql|rest api|spring boot
Trisha Joshi,frontend_developer,Mid,full,git|html/css|javascript|rest api
Kavya Malhotra,devops_engineer,Intern,abbr,cloud|git|kubernetes|linux
Rakesh Nambiar 4599,data_engineer,Junior,full,cloud|docker|pandas|postgresql|python
Swathi Singh 4600,ml_engineer,Mid,full,machine learning|python|pytorch|scikit-learn|tensorflow
Nikhil Subramanian 4601,data_scientist,Senior,full,cloud|data analysis|linux|machine learning|pandas|postgresql|python|sql|statistics
Pallavi Iyer 4602,nlp_engineer,Senior,full,artificial intelligence|cloud|deep learning|docker|machine learning|natural language processing|python|pytorch|text classification
Sonal Reddy 4603,data_analyst,Mid,full,data analysis|excel|sql|statistics|tableau
Deepa Naidu 4604,backend_developer,Intern,mixed,data analysis|java|kubernetes|power bi|python|spring boot|sql
Vikram Hegde 4605,frontend_developer,Junior,mixed,html/css|javascript|node.js|react
Kabir Kapoor 4606,devops_engineer,Intern,abbr,ci/cd|cloud|git|kubernetes
Madhav Dubey 4607,data_engineer,Senior,abbr,cloud|docker|postgresql|python|sql|statistics|tableau
Jatin Kumar 4608,ml_engineer,Senior,abbr,cloud|deep learning|machine learning|numpy|python|pytorch|scikit-learn|statistics|tensorflow
Vishal Joshi 4609,data_scientist,Intern,mixed,cloud|data analysis|linux|python|spring boot|sql
Manish Hegde 4610,nlp_engineer,Junior,abbr,git|machine learning|natural language processing|python|pytorch|rest api|scikit-learn|text classification
Kavya Balan 4611,data_analyst,Intern,mixed,linux|power bi|python|sql|tableau
Hema Joshi 4612,backend_developer,Mid,abbr,docker|java|linux|python|rest api|spring boot|sql
Mohit Gupta 4613,frontend_developer,Senior,abbr,git|html/css|javascript|python|react
Pooja Sharma 4614,devops_engineer,Senior,full,ci/cd|cloud|docker|git|kubernetes|linux|postgresql
Jatin Dubey 4615,data_engineer,Mid,mixed,docker|html/css|javascript|postgresql|python|sql
Deepa Joshi 4616,ml_engineer,Mid,full,computer vision|deep learning|python|pytorch|scikit-learn|tensorflow
Naveen Pillai 4617,data_scientist,Senior,full,data analysis|git|machine learning|pandas|python|scikit-learn|sql|statistics
Pranav Reddy 4618,nlp_engineer,Intern,mixed,artificial intelligence|natural language processing|python|scikit-learn|text classification
Lalita Nambiar 4619,data_analyst,Mid,mixed,artificial intelligence|data analysis|power bi|sql|tableau
Uma Chopra 4620,backend_developer,Junior,mixed,git|java|kubernetes|postgresql|python|rest api|sql
Aarav Singh 4621,frontend_developer,Mid,mixed,git|html/css|javascript
Parvati Nair 4622,devops_engineer,Senior,abbr,ci/cd|cloud|docker|kubernetes|linux
Rohan Prasad 4623,data_engineer,Senior,full,ci/cd|cloud|docker|kubernetes|mongodb|postgresql|python|sql
Ananya Malhotra 4624,ml_engineer,Intern,mixed,computer vision|deep learning|html/css|python|scikit-learn
Aditi Raghavan 4625,data_scientist,Mid,full,data analysis|machine learning|pandas|python|sql
Hema Kumar,nlp_engineer,Intern,full,data analysis|natural language processing|numpy|python|text classification
Qamar Agarwal 4627,data_analyst,Mid,mixed,data analysis|docker|excel|power bi|sql|statistics
Bhargav Jain 4628,backend_developer,Mid,mixed,java|linux|mongodb|postgresql|spring boot|sql
Sameer Shetty,frontend_developer,Mid,abbr,git|javascript|react|rest api|sql
Nisha Krishnan 4630,devops_engineer,Mid,mixed,ci/cd|cloud|docker|java|kubernetes|linux|python
Ishaan Nambiar 4631,data_engineer,Junior,abbr,cloud|docker|python|sql
Shreya Reddy 4632,ml_engineer,Junior,mixed,docker|python|pytorch|scikit-learn|tensorflow
Akash Joshi,data_scientist,Junior,abbr,cloud|deep learning|machine learning|pandas|sql|statistics
Deepa Kapoor 4634,nlp_engineer,Intern,mixed,docker|machine learning|python|pytorch|text classification
Suresh Tiwari 4635,data_analyst,Junior,mixed,data analysis|excel|linux|postgresql|power bi|sql|statistics
Rakesh Chandran 4636,backend_developer,Intern,abbr,postgresql|rest api|sql
Vishal Nair 4637,frontend_developer,Mid,full,html/css|javascript|react
Anjali Venkatesh 4638,devops_engineer,Mid,abbr,ci/cd|docker|kubernetes|linux|python|statistics|tensorflow
Yamini Kumar 4639,data_engineer,Junior,abbr,ci/cd|cloud|postgresql|python|sql
Udhav Menon 4640,ml_engineer,Intern,mixed,cloud|deep learning|java|numpy|postgresql|python|scikit-learn
Yash Malhotra,data_scientist,Intern,mixed,data analysis|machine learning|python|sql|tableau
Qamar Agarwal 4642,nlp_engineer,Intern,mixed,cloud|deep learning|numpy|python|pytorch
Manish Kapoor,data_analyst,Junior,full,data analysis|excel|pandas|postgresql|power bi|sql
Bhargav Raghavan 4644,backend_developer,Senior,full,java|kubernetes|mongodb|postgresql|python|rest api|scikit-learn|spring boot|sql
Aditi Reddy 4645,frontend_developer,Intern,mixed,git|pytorch|react
Siddharth Tiwari 4646,devops_engineer,Junior,mixed,ci/cd|cloud|docker|git|linux
Vikram Pillai 4647,data_engineer,Mid,abbr,cloud|docker|kubernetes|linux|pandas|python|sql
Nikhil Nambiar 4648,ml_engineer,Junior,mixed,deep learning|docker|pandas|python|pytorch|scikit-learn|sql
Nisha Raghavan 4649,data_scientist,Intern,mixed,machine learning|numpy|pandas|power bi|pytorch|sql
Shreya Jain 4650,nlp_engineer,Junior,mixed,cloud|deep learning|docker|natural language processing|python|text classification
Hema Tiwari 4651,data_analyst,Junior,abbr,excel|power bi|python|sql|tableau
Rajesh Deshpande,backend_developer,Intern,mixed,java|mongodb|postgresql|python|spring boot|sql
Pallavi Malhotra,frontend_developer,Junior,abbr,docker|html/css|javascript|linux|react
Sahana Subramanian 4654,devops_engineer,Senior,mixed,ci/cd|cloud|docker|kubernetes|linux
Swathi Nair,data_engineer,Junior,abbr,cloud|docker|linux|pandas|postgresql|sql|statistics
Abhay Kumar 4656,ml_engineer,Senior,full,computer vision|deep learning|docker|machine learning|natural language processing|python|pytorch|scikit-learn|tensorflow
Sonal Pillai 4657,data_scientist,Mid,mixed,data analysis|machine learning|pandas|python|scikit-learn|statistics
Kiran Varma,nlp_engineer,Intern,mixed,machine learning|natural language processing|python|scikit-learn|text classification
Sameer Nair 4659,data_analyst,Junior,mixed,data analysis|excel|pandas|postgresql|sql|tableau
Sneha Malhotra,backend_developer,Senior,full,java|postgresql|python|react|rest api|spring boot|sql
Nikhil Gupta 4661,frontend_developer,Mid,abbr,artificial intelligence|git|javascript|react
Yamini Hegde,devops_engineer,Mid,full,ci/cd|cloud|docker|linux
Udhav Agarwal 4663,data_engineer,Senior,abbr,cloud|docker|linux|postgresql|python|spring boot|sql
Jaya Naidu,ml_engineer,Junior,full,deep learning|machine learning|pytorch|tensorflow
Bhavna Raghavan 4665,data_scientist,Intern,abbr,data analysis|python|sql|statistics
Udhav Dubey 4666,nlp_engineer,Junior,full,deep learning|machine learning|python|pytorch|text classification
Nandini Mehta 4667,data_analyst,Mid,full,data analysis|excel|power bi|tableau
Anjali Krishnan 4668,backend_developer,Mid,abbr,docker|java|kubernetes|linux|postgresql|python|rest api|spring boot
Sonal Chandran,frontend_developer,Intern,full,git|natural language processing|pytorch|react
Bhavna Raghavan 4670,devops_engineer,Intern,mixed,cloud|deep learning|kubernetes|linux|postgresql|statistics
Kabir Gupta 4671,data_engineer,Junior,abbr,cloud|docker|python|pytorch|sql
Aarav Patel 4672,ml_engineer,Intern,abbr,computer vision|python|scikit-learn|tensorflow
Swathi Desai 4673,data_scientist,Junior,mixed,deep learning|machine learning|numpy|pandas|sql|statistics|tableau
Omkar Varma 4674,nlp_engineer,Intern,abbr,artificial intelligence|deep learning|docker|python|react|text classification
Gaurav Bhatt 4675,data_analyst,Mid,mixed,data analysis|excel|pandas|react|rest api|sql|tableau
Swathi Subramanian 4676,backend_developer,Intern,mixed,cloud|rest api|spring boot|sql
Kavya Joshi 4677,frontend_developer,Senior,mixed,git|html/css|javascript|linux|react
Trisha Chandran 4678,devops_engineer,Mid,abbr,ci/cd|docker|kubernetes|linux|machine learning
Bhargav Subramanian 4679,data_engineer,Junior,mixed,cloud|docker|machine learning|mongodb|pandas|python|scikit-learn|sql
Akash Menon,ml_engineer,Intern,full,deep learning|docker|machine learning|numpy|pytorch|statistics
Jatin Chopra 4681,data_scientist,Senior,full,data analysis|javascript|machine learning|node.js|pandas|power bi|python|sql|statistics
Neha Dubey 4682,nlp_engineer,Intern,abbr,cloud|data analysis|deep learning|docker|python|pytorch
Sonal Pillai 4683,data_analyst,Mid,abbr,ci/cd|data analysis|excel|java|pandas|python|sql|tableau
Sahana Desai 4684,backend_developer,Intern,abbr,rest api|spring boot|sql
Vishal Tiwari 4685,frontend_developer,Mid,mixed,git|html/css|react
Tanvi Shetty 4686,devops_engineer,Junior,abbr,ci/cd|docker|git|kubernetes|linux|python
Rahul Ghosh 4687,data_engineer,Intern,abbr,ci/cd|kubernetes|postgresql|python|sql
Nikhil Rao 4688,ml_engineer,Intern,mixed,deep learning|pandas|python|tensorflow
Dhruv Pillai 4689,data_scientist,Junior,mixed,artificial intelligence|machine learning|power bi|python|scikit-learn|sql|statistics
Rahul Sharma 4690,nlp_engineer,Intern,full,cloud|natural language processing|pytorch|text classification
Ishaan Nambiar 4691,data_analyst,Mid,abbr,data analysis|pandas|power bi|sql|tableau
Meera Shetty 4692,backend_developer,Junior,abbr,git|java|mongodb|rest api|spring boot|sql
Rakesh Pillai 4693,frontend_developer,Junior,full,git|html/css|javascript|linux
Bhargav Varma 4694,devops_engineer,Intern,abbr,ci/cd|cloud|linux
Aarav Chandran 4695,data_engineer,Junior,full,cloud|javascript|linux|pandas|postgresql|python|react|sql
Darshan Tiwari 4696,ml_engineer,Junior,abbr,machine learning|pytorch|scikit-learn|statistics|tensorflow
Sahana Kapoor 4697,data_scientist,Intern,mixed,excel|machine learning|pandas|postgresql|statistics
Meera Venkatesh 4698,nlp_engineer,Junior,full,artificial intelligence|deep learning|natural language processing|numpy|pytorch|text classification
Vikram Agarwal 4699,data_analyst,Senior,mixed,data analysis|excel|postgresql|power bi|sql|statistics|tableau
Neha Hegde 4700,backend_developer,Junior,abbr,java|postgresql|spring boot|sql
Vidya Mehta,frontend_developer,Senior,mixed,git|html/css|javascript|react
Pranav Saxena 4702,devops_engineer,Mid,abbr,ci/cd|docker|kubernetes|linux|power bi|sql
Siddharth Subramanian 4703,data_engineer,Mid,abbr,docker|pandas|postgresql|python|sql
Esha Naidu 4704,ml_engineer,Intern,full,machine learning|python|pytorch|statistics
Farhan Nair 4705,data_scientist,Intern,abbr,numpy|power bi|python|sql|statistics
Pranav Shetty 4706,nlp_engineer,Intern,full,artificial intelligence|natural language processing|numpy|python|pytorch
Sneha Ghosh 4707,data_analyst,Intern,full,data analysis|pandas|postgresql|power bi|tableau
Jaya Chandran 4708,backend_developer,Mid,mixed,docker|java|mongodb|postgresql|rest api|spring boot
Farhan Subramanian 4709,frontend_developer,Junior,mixed,ci/cd|html/css|javascript|mongodb|react
Pallavi Deshpande 4710,devops_engineer,Senior,mixed,ci/cd|cloud|docker|kubernetes|linux|mongodb|postgresql
Sneha Jain 4711,data_engineer,Mid,abbr,artificial intelligence|cloud|docker|python|scikit-learn|sql
Qamar Subramanian,ml_engineer,Junior,abbr,deep learning|machine learning|python|pytorch|tensorflow
Suresh Balan,data_scientist,Intern,mixed,machine learning|pandas|power bi|python|scikit-learn|statistics
Sahana Raghavan 4714,nlp_engineer,Mid,mixed,artificial intelligence|ci/cd|cloud|deep learning|numpy|python|pytorch|text classification
Pallavi Patel 4715,data_analyst,Mid,mixed,data analysis|excel|pandas|power bi|python|tableau
Qamar Chopra,backend_developer,Junior,mixed,java|postgresql|spring boot|sql
Abhay Deshpande 4717,frontend_developer,Intern,abbr,ci/cd|html/css|react|rest api
Neha Jain 4718,devops_engineer,Intern,mixed,ci/cd|docker|linux
Yamini Agarwal 4719,data_engineer,Mid,abbr,cloud|docker|pandas|postgresql|python
Ganesh Ghosh 4720,ml_engineer,Intern,mixed,computer vision|deep learning|natural language processing|python|sql|tensorflow|text classification
Aditi Shetty 4721,data_scientist,Junior,mixed,cloud|data analysis|machine learning|numpy|pandas|scikit-learn|sql
Ramya Subramanian 4722,nlp_engineer,Senior,mixed,deep learning|kubernetes|linux|natural language processing|numpy|python|pytorch|scikit-learn|text classification
Rakesh Nair 4723,data_analyst,Junior,mixed,data analysis|excel|sql|tableau
Vinay Reddy 4724,backend_developer,Intern,mixed,postgresql|spring boot|sql
Ravi Prasad 4725,frontend_developer,Senior,abbr,docker|git|html/css|javascript|node.js|numpy|react
Ramya Tiwari 4726,devops_engineer,Junior,abbr,ci/cd|docker|kubernetes|linux|pandas|python|scikit-learn
Arjun Chandran 4727,data_engineer,Junior,mixed,ci/cd|cloud|docker|javascript|python|rest api|sql
Sonal Kumar 4728,ml_engineer,Senior,abbr,deep learning|java|machine learning|python|pytorch|scikit-learn|sql|tensorflow
Harini Joshi,data_scientist,Senior,mixed,ci/cd|data analysis|deep learning|docker|machine learning|numpy|pandas|python|sql|statistics|text classification
Rahul Patel,nlp_engineer,Senior,mixed,deep learning|docker|natural language processing|python|pytorch|text classification
Abhay Desai 4731,data_analyst,Intern,abbr,data analysis|excel|pandas|sql
Ramya Pillai,backend_developer,Senior,mixed,docker|git|java|kubernetes|postgresql|rest api|spring boot|sql
Farhan Hegde 4733,frontend_developer,Mid,mixed,git|html/css|react|rest api
Nandini Iyer 4734,devops_engineer,Intern,full,cloud|docker|linux|python
Ramya Malhotra,data_engineer,Senior,mixed,ci/cd|cloud|docker|kubernetes|mongodb|postgresql|python|sql
Farhan Prasad 4736,ml_engineer,Junior,full,deep learning|python|pytorch|tensorflow
Bhargav Nair 4737,data_scientist,Intern,full,cloud|java|kubernetes|python|sql|statistics|tableau
Vidya Singh 4738,nlp_engineer,Mid,full,deep learning|docker|natural language processing|numpy|python|pytorch|scikit-learn
Kavya Singh 4739,data_analyst,Mid,abbr,data analysis|excel|postgresql|power bi|tableau
Vidya Desai 4740,backend_developer,Intern,abbr,docker|linux|react|rest api|spring boot|sql
Sneha Agarwal 4741,frontend_developer,Mid,abbr,docker|html/css|javascript|node.js|postgresql|react|rest api
Rakesh Varma 4742,devops_engineer,Intern,mixed,ci/cd|java|kubernetes|linux
Vikram Chopra 4743,data_engineer,Junior,abbr,cloud|docker|postgresql|sql
Lalita Mehta 4744,ml_engineer,Senior,full,cloud|deep learning|docker|machine learning|natural language processing|python|pytorch|scikit-learn|tensorflow
Mohit Nambiar 4745,data_scientist,Mid,full,data analysis|machine learning|pandas|python|sql
Sonal Ghosh 4746,nlp_engineer,Mid,mixed,cloud|deep learning|docker|natural language processing|python|pytorch|scikit-learn
Nikhil Ghosh 4747,data_analyst,Intern,full,data analysis|excel|postgresql|python|sql
Nandini Reddy,backend_developer,Intern,full,git|java|postgresql|python|rest api
Kavya Naidu 4749,frontend_developer,Senior,full,git|html/css|javascript|react
Udhav Deshpande,devops_engineer,Intern,mixed,ci/cd|cloud|kubernetes
Bhavna Raghavan 4751,data_engineer,Intern,full,ci/cd|cloud|docker|pandas|postgresql
Ananya Prasad 4752,ml_engineer,Intern,full,cloud|deep learning|machine learning|python|scikit-learn
Naveen Bhatt 4753,data_scientist,Mid,full,data analysis|machine learning|pandas|python|statistics|tableau
Charu Verma 4754,nlp_engineer,Mid,full,artificial intelligence|deep learning|docker|natural language processing|python|pytorch
Akash Dubey,data_analyst,Mid,mixed,data analysis|excel|sql|tableau
Qamar Balan,backend_developer,Intern,abbr,docker|java|rest api|sql
Mohit Pillai 4757,frontend_developer,Mid,full,git|javascript|react
Chetan Shetty 4758,devops_engineer,Senior,mixed,ci/cd|cloud|docker|kubernetes|linux|mongodb
Sneha Bhatt 4759,data_engineer,Junior,mixed,docker|postgresql|python|sql
Varun Ghosh,ml_engineer,Intern,abbr,cloud|deep learning|pytorch|sql|tensorflow
Vinay Chandran 4761,data_scientist,Junior,full,machine learning|pandas|power bi|python|sql|text classification
Ganesh Gupta 4762,nlp_engineer,Mid,full,cloud|computer vision|deep learning|machine learning|natural language processing|numpy|python|scikit-learn|text classification
Rahul Balan 4763,data_analyst,Intern,abbr,excel|sql|tableau
Sneha Raghavan 4764,backend_developer,Intern,mixed,linux|mongodb|postgresql|rest api|spring boot
Divya Nair 4765,frontend_developer,Junior,abbr,docker|git|javascript|mongodb|react|rest api
Harini Singh,devops_engineer,Intern,abbr,docker|kubernetes|linux
Omkar Kaur 4767,data_engineer,Senior,abbr,ci/cd|cloud|docker|linux|pandas|postgresql|python|sql
Uma Subramanian 4768,ml_engineer,Senior,abbr,ci/cd|computer vision|deep learning|docker|machine learning|natural language processing|numpy|python|pytorch|scikit-learn|sql|tensorflow
Aniket Bhatt 4769,data_scientist,Mid,mixed,linux|machine learning|pandas|power bi|python|sql|statistics
Aarav Verma,nlp_engineer,Mid,abbr,deep learning|natural language processing|numpy|python|pytorch|scikit-learn
Rakesh Subramanian 4771,data_analyst,Mid,abbr,excel|postgresql|power bi|sql|tableau
Ramya Kapoor 4772,backend_developer,Mid,mixed,java|postgresql|spring boot|sql
Jatin Chandran,frontend_developer,Mid,mixed,docker|git|html/css|react|rest api
Swathi Prasad 4774,devops_engineer,Senior,full,ci/cd|cloud|docker|git|java|kubernetes|linux|mongodb
Tarun Pillai 4775,data_engineer,Intern,mixed,cloud|docker|pandas|python
Vikram Menon 4776,ml_engineer,Mid,mixed,cloud|deep learning|docker|machine learning|pandas|python|scikit-learn|sql|tensorflow
Rajesh Verma 4777,data_scientist,Mid,full,data analysis|pandas|python|sql|statistics
Divya Malhotra 4778,nlp_engineer,Junior,abbr,cloud|machine learning|natural language processing|python|pytorch|text classification
Udhav Malhotra 4779,data_analyst,Intern,mixed,data analysis|postgresql|power bi|sql
Aniket Kulkarni 4780,backend_developer,Senior,full,java|postgresql|pytorch|rest api|spring boot|sql
Yamini Venkatesh,frontend_developer,Intern,mixed,html/css|javascript|rest api
Nisha Rao 4782,devops_engineer,Mid,abbr,ci/cd|docker|kubernetes|linux
Divya Chopra 4783,data_engineer,Mid,mixed,ci/cd|cloud|docker|git|kubernetes|linux|postgresql|python
Nisha Iyer 4784,ml_engineer,Intern,mixed,machine learning|pytorch|tensorflow
Lalita Balan,data_scientist,Intern,abbr,cloud|power bi|python|sql|statistics
Vikram Malhotra 4786,nlp_engineer,Senior,mixed,artificial intelligence|deep learning|docker|natural language processing|numpy|python|pytorch|scikit-learn|text classification
Rahul Balan 4787,data_analyst,Intern,mixed,data analysis|pandas|sql|tableau
Vinay Deshpande 4788,backend_developer,Mid,mixed,git|postgresql|python|rest api|spring boot|sql|text classification
Yamini Patel 4789,frontend_developer,Senior,mixed,docker|git|html/css|javascript|natural language processing|react|rest api|scikit-learn
Aarav Sharma 4790,devops_engineer,Junior,mixed,cloud|docker|kubernetes|linux|python
Harini Iyer 4791,data_engineer,Senior,mixed,cloud|docker|postgresql|python|sql
Rhea Desai 4792,ml_engineer,Mid,mixed,computer vision|deep learning|machine learning|natural language processing|pandas|python|scikit-learn|statistics|tensorflow
Jaya Prasad 4793,data_scientist,Mid,full,data analysis|linux|machine learning|python|scikit-learn|sql|statistics
Bhavna Ghosh 4794,nlp_engineer,Junior,mixed,artificial intelligence|deep learning|linux|pandas|python|pytorch|text classification
Mohit Naidu 4795,data_analyst,Senior,abbr,data analysis|excel|power bi|react|sql|tableau
Rohan Desai 4796,backend_developer,Intern,abbr,git|java|postgresql|spring boot|sql
Vishal Saxena 4797,frontend_developer,Junior,full,html/css|javascript|react
Jaya Ghosh 4798,devops_engineer,Mid,mixed,cloud|docker|git|kubernetes|linux|python|sql
Rohan Malhotra 4799,data_engineer,Mid,mixed,ci/cd|docker|kubernetes|mongodb|postgresql|python|sql
Indira Prasad 4800,ml_engineer,Junior,abbr,html/css|machine learning|natural language processing|python|rest api|scikit-learn|statistics|tensorflow
Mohit Balan 4801,data_scientist,Junior,mixed,data analysis|machine learning|python|sql
Siddharth Agarwal 4802,nlp_engineer,Intern,abbr,deep learning|natural language processing|text classification
Rhea Saxena 4803,data_analyst,Junior,mixed,excel|pandas|postgresql|power bi|sql|tableau
Anjali Iyer 4804,backend_developer,Intern,mixed,java|rest api|spring boot
Sonal Kumar 4805,frontend_developer,Mid,mixed,git|html/css|javascript|rest api
Vishal Bhatt 4806,devops_engineer,Junior,mixed,ci/cd|cloud|kubernetes|linux
Pranav Reddy 4807,data_engineer,Junior,mixed,cloud|docker|mongodb|pandas|postgresql|python
Sonal Agarwal 4808,ml_engineer,Mid,full,computer vision|deep learning|java|machine learning|pandas|postgresql|python|scikit-learn|sql|tensorflow
Rhea Kulkarni 4809,data_scientist,Junior,full,machine learning|pandas|python|scikit-learn|statistics
Bhavna Sharma 4810,nlp_engineer,Junior,mixed,artificial intelligence|docker|natural language processing|python|pytorch|text classification
Dhruv Varma,data_analyst,Junior,full,data analysis|excel|kubernetes|postgresql|power bi|tableau
Sonal Raghavan 4812,backend_developer,Intern,mixed,linux|mongodb|postgresql|spring boot|sql
Sneha Dubey 4813,frontend_developer,Mid,abbr,git|html/css|javascript|node.js
Pranav Krishnan 4814,devops_engineer,Junior,abbr,ci/cd|cloud|docker|linux|python
Tanvi Nair 4815,data_engineer,Mid,mixed,ci/cd|cloud|docker|postgresql|sql
Nikhil Malhotra 4816,ml_engineer,Intern,mixed,docker|python|scikit-learn|statistics|tensorflow
Vinay Varma 4817,data_scientist,Junior,mixed,data analysis|pandas|react|rest api|sql|statistics
Lakshmi Shetty 4818,nlp_engineer,Senior,full,artificial intelligence|cloud|deep learning|kubernetes|natural language processing|numpy|python|pytorch|scikit-learn|text classification
Aarav Joshi,data_analyst,Junior,mixed,data analysis|excel|sql|statistics|tableau
Udhav Deshpande 4820,backend_developer,Mid,abbr,cloud|linux|postgresql|rest api|spring boot|sql
Pooja Tiwari 4821,frontend_developer,Intern,mixed,docker|git|javascript
Akash Singh 4822,devops_engineer,Mid,abbr,ci/cd|cloud|docker|java|linux|mongodb
Mohit Hegde 4823,data_engineer,Mid,abbr,cloud|docker|linux|mongodb|postgresql|sql
Madhav Malhotra 4824,ml_engineer,Mid,mixed,deep learning|machine learning|natural language processing|numpy|python|scikit-learn|tensorflow
Uma Kumar 4825,data_scientist,Mid,mixed,data analysis|machine learning|pandas|power bi|python|statistics|text classification
Aditi Saxena 4826,nlp_engineer,Junior,mixed,artificial intelligence|machine learning|natural language processing|numpy|python|pytorch|text classification
Sahana Joshi 4827,data_analyst,Senior,abbr,data analysis|excel|pandas|postgresql|power bi|react|sql|tableau
Sahana Shetty 4828,backend_developer,Intern,full,java|kubernetes|linux|numpy|postgresql|rest api
Mohit Deshpande 4829,frontend_developer,Senior,full,docker|git|html/css|javascript|react
Nikhil Bhatt,devops_engineer,Intern,mixed,cloud|computer vision|git|kubernetes|linux
Charu Varma 4831,data_engineer,Intern,full,cloud|docker|python
Udhav Ghosh 4832,ml_engineer,Junior,full,docker|machine learning|natural language processing|numpy|python|scikit-learn|tensorflow
Rajesh Ghosh,data_scientist,Mid,full,cloud|machine learning|pandas|power bi|python|sql|statistics|text classification
Mohit Varma 4834,nlp_engineer,Intern,full,docker|natural language processing|python|scikit-learn|text classification
Charu Prasad 4835,data_analyst,Junior,mixed,excel|power bi|sql|tableau
Yash Naidu 4836,backend_developer,Mid,abbr,git|html/css|kubernetes|postgresql|python|react|rest api|spring boot|sql
Arjun Rao 4837,frontend_developer,Senior,mixed,git|html/css|javascript|node.js|react|rest api
Yash Balan 4838,devops_engineer,Mid,abbr,ci/cd|cloud|docker|java|linux|mongodb|python
Nikhil Kulkarni 4839,data_engineer,Junior,mixed,cloud|docker|linux|node.js|postgresql|python
Ganesh Venkatesh 4840,ml_engineer,Senior,mixed,deep learning|machine learning|natural language processing|numpy|pandas|postgresql|python|pytorch|scikit-learn|statistics|tensorflow
Trisha Iyer 4841,data_scientist,Senior,full,data analysis|machine learning|numpy|pandas|python|rest api|scikit-learn|sql|statistics|text classification
Harini Iyer 4842,nlp_engineer,Mid,abbr,cloud|deep learning|docker|numpy|python|pytorch|tensorflow|text classification
Ganesh Tiwari 4843,data_analyst,Senior,mixed,data analysis|excel|power bi|sql|tableau
Tanvi Agarwal 4844,backend_developer,Senior,abbr,docker|git|java|mongodb|postgresql|python|rest api|spring boot|sql
Parvati Dubey 4845,frontend_developer,Junior,abbr,cloud|html/css|javascript|numpy|react
Yash Hegde 4846,devops_engineer,Intern,mixed,ci/cd|cloud|linux
Yash Kumar 4847,data_engineer,Senior,abbr,cloud|docker|postgresql|python|sql|tableau
Vinay Balan,ml_engineer,Mid,abbr,cloud|computer vision|data analysis|machine learning|natural language processing|python|pytorch|scikit-learn|statistics|tableau|tensorflow
Aarav Desai 4849,data_scientist,Senior,mixed,cloud|data analysis|html/css|machine learning|numpy|pandas|power bi|python|scikit-learn|sql|statistics
Zoya Desai 4850,nlp_engineer,Intern,mixed,deep learning|natural language processing|text classification
Rhea Menon 4851,data_analyst,Mid,abbr,docker|excel|html/css|pandas|power bi|sql|tableau
Siddharth Raghavan 4852,backend_developer,Senior,full,computer vision|docker|java|linux|mongodb|postgresql|python|rest api|spring boot|sql
Sneha Singh 4853,frontend_developer,Mid,abbr,docker|git|html/css|javascript|node.js|sql
Kiran Raghavan 4854,devops_engineer,Senior,full,ci/cd|cloud|docker|git|kubernetes|linux
Aditi Subramanian 4855,data_engineer,Mid,mixed,ci/cd|cloud|docker|mongodb|pandas|postgresql|python
Zoya Kulkarni 4856,ml_engineer,Mid,mixed,computer vision|deep learning|docker|machine learning|node.js|python|pytorch|react|tensorflow
Siddharth Deshpande,data_scientist,Senior,mixed,data analysis|java|linux|machine learning|pandas|python|sql|statistics
Vishal Krishnan 4858,nlp_engineer,Intern,abbr,docker|natural language processing|postgresql|python|pytorch
Kavya Malhotra 4859,data_analyst,Mid,abbr,data analysis|excel|power bi|tableau
Omkar Saxena 4860,backend_developer,Intern,abbr,git|java|linux|postgresql|sql
Rohan Mehta 4861,frontend_developer,Senior,mixed,git|html/css|javascript|react|rest api
Farhan Pillai 4862,devops_engineer,Senior,abbr,ci/cd|cloud|docker|kubernetes|linux|postgresql|python|react|rest api
Ganesh Jain 4863,data_engineer,Junior,mixed,ci/cd|cloud|docker|mongodb|postgresql|sql
Rahul Ghosh 4864,ml_engineer,Mid,abbr,computer vision|deep learning|machine learning|numpy|pandas|python|pytorch|tensorflow
Pooja Kapoor 4865,data_scientist,Mid,mixed,data analysis|deep learning|pandas|python|scikit-learn|sql|statistics|tableau
Vinay Kapoor 4866,nlp_engineer,Intern,mixed,python|pytorch|tableau|text classification
Pooja Gupta 4867,data_analyst,Mid,abbr,data analysis|docker|excel|postgresql|power bi|spring boot|statistics|tableau
Nisha Varma 4868,backend_developer,Junior,abbr,cloud|git|java|kubernetes|pandas|postgresql|python|rest api|spring boot
Yamini Verma 4869,frontend_developer,Mid,full,git|html/css|javascript|linux
Siddharth Balan 4870,devops_engineer,Senior,abbr,ci/cd|cloud|docker|git|kubernetes|linux|postgresql
Indira Menon,data_engineer,Junior,mixed,cloud|docker|kubernetes|mongodb|postgresql|python
Indira Joshi 4872,ml_engineer,Junior,abbr,deep learning|docker|machine learning|python|scikit-learn
Meera Gupta 4873,data_scientist,Junior,full,cloud|machine learning|python|sql|statistics
Nikhil Jain 4874,nlp_engineer,Mid,full,deep learning|docker|machine learning|natural language processing|python|scikit-learn|text classification
Dhruv Gupta 4875,data_analyst,Junior,mixed,data analysis|excel|linux|postgresql|python|sql|tableau
Lakshmi Venkatesh 4876,backend_developer,Mid,mixed,cloud|java|postgresql|python|spring boot|sql
Ramya Venkatesh,frontend_developer,Junior,full,git|html/css|react
Tanvi Varma 4878,devops_engineer,Mid,abbr,ci/cd|cloud|git|kubernetes|linux|postgresql
Parvati Jain 4879,data_engineer,Junior,mixed,cloud|docker|linux|pandas|postgresql|sql
Rhea Chandran,ml_engineer,Mid,full,computer vision|deep learning|machine learning|numpy|python|pytorch|tensorflow
Nisha Chandran 4881,data_scientist,Intern,mixed,data analysis|numpy|python|scikit-learn|sql
Kabir Hegde 4882,nlp_engineer,Mid,mixed,cloud|natural language processing|python|pytorch|text classification
Sanjay Kapoor 4883,data_analyst,Junior,abbr,excel|mongodb|postgresql|power bi|sql|statistics|tableau
Gaurav Patel 4884,backend_developer,Senior,mixed,data analysis|docker|excel|java|postgresql|python|rest api|spring boot|sql
Udhav Iyer 4885,frontend_developer,Senior,full,docker|git|html/css|javascript|pandas|react|rest api|scikit-learn
Tarun Jain 4886,devops_engineer,Senior,abbr,ci/cd|cloud|docker|kubernetes|linux
Suresh Ghosh 4887,data_engineer,Mid,abbr,docker|pandas|postgresql|python|react|rest api|sql
Madhav Mehta 4888,ml_engineer,Junior,abbr,data analysis|machine learning|natural language processing|python|pytorch|statistics|tensorflow
Rhea Patel 4889,data_scientist,Junior,mixed,machine learning|pandas|sql|statistics
Yash Nair 4890,nlp_engineer,Senior,abbr,artificial intelligence|deep learning|docker|machine learning|natural language processing|python|pytorch|scikit-learn|text classification
Nikhil Chopra 4891,data_analyst,Intern,abbr,data analysis|excel|linux|pandas|tableau
Ravi Chandran 4892,backend_developer,Junior,full,git|linux|mongodb|postgresql|rest api|spring boot|sql
Abhay Shetty 4893,frontend_developer,Junior,full,html/css|javascript|node.js|react|rest api|spring boot
Ravi Iyer 4894,devops_engineer,Senior,abbr,ci/cd|cloud|computer vision|docker|kubernetes|linux
Gaurav Saxena 4895,data_engineer,Mid,mixed,ci/cd|cloud|docker|linux|mongodb|python|sql
Nikhil Hegde 4896,ml_engineer,Mid,abbr,computer vision|docker|machine learning|python|pytorch|scikit-learn|tensorflow
Bhavna Iyer 4897,data_scientist,Senior,full,cloud|data analysis|machine learning|numpy|pandas|power bi|python|sql|statistics
Darshan Pillai 4898,nlp_engineer,Intern,abbr,cloud|natural language processing|pytorch|scikit-learn|text classification
Sameer Kapoor 4899,data_analyst,Junior,full,excel|postgresql|power bi|sql|statistics|tableau
Hema Hegde 4900,backend_developer,Intern,full,cloud|java|mongodb|rest api|sql
Vikram Desai 4901,frontend_developer,Mid,mixed,git|html/css|javascript|node.js|rest api
Shreya Balan 4902,devops_engineer,Junior,mixed,ci/cd|cloud|docker|git|linux|sql
Farhan Rao,data_engineer,Senior,abbr,cloud|docker|kubernetes|linux|pandas|postgresql|python|sql
Sneha Saxena 4904,ml_engineer,Senior,abbr,artificial intelligence|cloud|computer vision|deep learning|docker|machine learning|pandas|python|pytorch|scikit-learn|sql|tensorflow
Nandini Deshpande 4905,data_scientist,Mid,abbr,data analysis|java|machine learning|pandas|python|statistics
Trisha Singh 4906,nlp_engineer,Mid,mixed,cloud|deep learning|machine learning|natural language processing|numpy|python|pytorch|scikit-learn
Manish Subramanian 4907,data_analyst,Mid,mixed,data analysis|excel|sql|tableau
Sneha Reddy 4908,backend_developer,Intern,mixed,git|java|mongodb|postgresql|spring boot
Priya Venkatesh 4909,frontend_developer,Mid,abbr,git|javascript|react
Aarav Gupta,devops_engineer,Mid,abbr,ci/cd|docker|kubernetes|linux|postgresql
Naveen Saxena 4911,data_engineer,Senior,mixed,cloud|docker|excel|postgresql|python|sql
Ganesh Naidu 4912,ml_engineer,Senior,mixed,deep learning|machine learning|numpy|python|pytorch|scikit-learn|tensorflow
Udhav Prasad 4913,data_scientist,Mid,mixed,cloud|data analysis|machine learning|pandas|python|statistics|tableau
Bhavna Balan 4914,nlp_engineer,Senior,full,deep learning|natural language processing|python|pytorch|text classification
Bhavna Malhotra 4915,data_analyst,Intern,mixed,data analysis|excel|python|tableau
Darshan Raghavan 4916,backend_developer,Senior,abbr,docker|java|linux|postgresql|python|rest api|spring boot|sql
Omkar Kumar 4917,frontend_developer,Senior,mixed,git|html/css|javascript|react|rest api
Kiran Kaur 4918,devops_engineer,Junior,abbr,ci/cd|docker|git|kubernetes|linux
Charu Rao 4919,data_engineer,Intern,mixed,postgresql|python|sql
Madhav Pillai 4920,ml_engineer,Junior,full,deep learning|machine learning|scikit-learn|tensorflow
Ramya Deshpande 4921,data_scientist,Mid,mixed,data analysis|machine learning|pandas|sql|statistics
Pallavi Gupta,nlp_engineer,Intern,abbr,natural language processing|numpy|python|text classification
Kavya Bhatt 4923,data_analyst,Senior,mixed,data analysis|excel|power bi|sql|tableau
Bhavna Shetty 4924,backend_developer,Mid,abbr,artificial intelligence|docker|java|linux|postgresql|python|rest api|sql
Divya Iyer 4925,frontend_developer,Intern,abbr,git|react|rest api
Yash Nambiar 4926,devops_engineer,Intern,abbr,ci/cd|cloud|linux|postgresql|python
Hema Sharma 4927,data_engineer,Mid,mixed,cloud|kubernetes|postgresql|python|sql
Ramya Patel 4928,ml_engineer,Mid,abbr,cloud|machine learning|natural language processing|python|pytorch|scikit-learn|tensorflow
Zoya Nambiar 4929,data_scientist,Mid,mixed,data analysis|machine learning|python|scikit-learn|sql|statistics
Pallavi Bhatt,nlp_engineer,Intern,abbr,machine learning|natural language processing|python|text classification
Ravi Singh 4931,data_analyst,Senior,full,data analysis|excel|kubernetes|postgresql|power bi|sql|statistics|tableau
Jaya Reddy 4932,backend_developer,Junior,full,docker|java|linux|postgresql|rest api|sql
Naveen Saxena 4933,frontend_developer,Senior,mixed,git|html/css|javascript|react
Yamini Raghavan 4934,devops_engineer,Mid,full,ci/cd|cloud|kubernetes|linux|machine learning
Rohan Rao 4935,data_engineer,Junior,full,cloud|docker|mongodb|postgresql|sql
Nisha Tiwari 4936,ml_engineer,Mid,full,deep learning|postgresql|python|pytorch|scikit-learn|tensorflow
Ganesh Patel 4937,data_scientist,Junior,mixed,cloud|deep learning|machine learning|pandas|power bi|sql|statistics
Harini Shetty 4938,nlp_engineer,Mid,full,artificial intelligence|docker|natural language processing|numpy|python|pytorch|text classification
Aniket Joshi 4939,data_analyst,Mid,abbr,data analysis|postgresql|power bi|python|sql|statistics|tableau
Lalita Reddy 4940,backend_developer,Senior,mixed,computer vision|java|postgresql|pytorch|rest api|spring boot|sql
Anjali Sharma 4941,frontend_developer,Senior,mixed,docker|git|html/css|javascript|react|rest api
Uma Mehta 4942,devops_engineer,Mid,abbr,ci/cd|cloud|java|kubernetes|linux|python
Arjun Sharma 4943,data_engineer,Mid,full,cloud|docker|postgresql|python
Chetan Mehta 4944,ml_engineer,Junior,abbr,cloud|machine learning|python|pytorch|scikit-learn
Aditi Kaur 4945,data_scientist,Junior,mixed,cloud|data analysis|machine learning|pandas|python|sql
Neha Verma,nlp_engineer,Mid,mixed,deep learning|python|pytorch|statistics|tableau|text classification
Lakshmi Kapoor,data_analyst,Mid,mixed,data analysis|pandas|power bi|sql|tableau
Rohan Ghosh 4948,backend_developer,Senior,mixed,cloud|docker|java|pandas|postgresql|rest api|spring boot|sql
Sameer Agarwal 4949,frontend_developer,Intern,abbr,html/css|pandas|python|react|rest api
Kavya Prasad 4950,devops_engineer,Junior,full,ci/cd|cloud|kubernetes|linux
Trisha Menon 4951,data_engineer,Junior,abbr,cloud|docker|python|sql
Harini Deshpande 4952,ml_engineer,Mid,mixed,deep learning|docker|machine learning|postgresql|python|scikit-learn|sql|statistics|tensorflow
Tanvi Krishnan 4953,data_scientist,Mid,full,data analysis|machine learning|numpy|python|sql|statistics
Dhruv Joshi 4954,nlp_engineer,Mid,abbr,artificial intelligence|deep learning|natural language processing|python|pytorch
Aarav Mehta 4955,data_analyst,Mid,mixed,data analysis|excel|power bi|statistics|tableau
Indira Verma 4956,backend_developer,Junior,full,java|postgresql|rest api|sql
Mohit Joshi 4957,frontend_developer,Mid,abbr,docker|git|javascript|linux|node.js|react
Anjali Balan 4958,devops_engineer,Intern,full,cloud|docker|linux|natural language processing
Sonal Varma 4959,data_engineer,Intern,mixed,cloud|linux|mongodb|postgresql|sql
Varun Desai 4960,ml_engineer,Senior,abbr,cloud|deep learning|machine learning|python|pytorch|scikit-learn|tensorflow
Lalita Naidu,data_scientist,Mid,abbr,machine learning|natural language processing|pandas|python|sql|statistics
Rajesh Kapoor 4962,nlp_engineer,Intern,abbr,docker|natural language processing|pytorch|scikit-learn|text classification
Uma Gupta 4963,data_analyst,Intern,mixed,excel|power bi|sql|statistics
Vinay Venkatesh 4964,backend_developer,Mid,abbr,java|postgresql|power bi|rest api|sql|tableau
Kabir Bhatt 4965,frontend_developer,Mid,mixed,docker|git|html/css|react|rest api
Swathi Varma 4966,devops_engineer,Junior,abbr,cloud|docker|git|kubernetes|linux|power bi|sql
Aditi Tiwari 4967,data_engineer,Mid,abbr,ci/cd|docker|html/css|linux|node.js|pandas|postgresql|python|sql
Vikram Chandran 4968,ml_engineer,Junior,abbr,cloud|computer vision|deep learning|docker|git|machine learning|python|pytorch
Chetan Ghosh,data_scientist,Junior,mixed,data analysis|deep learning|pandas|sql|statistics|tableau
Aniket Pillai 4970,nlp_engineer,Senior,full,artificial intelligence|deep learning|natural language processing|python|pytorch|text classification
Rajesh Raghavan 4971,data_analyst,Senior,full,data analysis|excel|power bi|python|sql|statistics|tableau
Suresh Singh,backend_developer,Junior,mixed,docker|java|mongodb|numpy|postgresql|python|rest api|sql
Omkar Menon 4973,frontend_developer,Senior,abbr,docker|git|html/css|javascript|react|rest api
Mohit Iyer,devops_engineer,Mid,full,ci/cd|docker|kubernetes|linux|mongodb|sql
Tarun Saxena 4975,data_engineer,Intern,mixed,docker|linux|postgresql|sql
Ishaan Malhotra 4976,ml_engineer,Mid,mixed,deep learning|docker|machine learning|natural language processing|pandas|python|pytorch|scikit-learn|sql
Aniket Bhatt 4977,data_scientist,Senior,full,data analysis|kubernetes|machine learning|pandas|power bi|python|sql|statistics|tableau
Shreya Singh,nlp_engineer,Senior,mixed,cloud|deep learning|docker|natural language processing|numpy|python|pytorch|scikit-learn|text classification
Priya Patel 4979,data_analyst,Senior,full,data analysis|excel|power bi|pytorch|sql|statistics|tableau
Bhavna Agarwal 4980,backend_developer,Intern,full,postgresql|rest api|spring boot
Zoya Agarwal,frontend_developer,Senior,full,docker|git|html/css|javascript|node.js|react
Rhea Venkatesh 4982,devops_engineer,Intern,full,ci/cd|docker|kubernetes
Kabir Kaur,data_engineer,Mid,mixed,cloud|docker|linux|pandas|postgresql|sql
Farhan Gupta 4984,ml_engineer,Mid,full,cloud|deep learning|machine learning|python|scikit-learn|sql|statistics|tensorflow
Swathi Agarwal 4985,data_scientist,Intern,mixed,machine learning|pandas|python
Sahana Reddy 4986,nlp_engineer,Intern,abbr,artificial intelligence|deep learning|natural language processing|python
Varun Menon,data_analyst,Mid,abbr,data analysis|excel|python|sql|tableau
Pallavi Tiwari 4988,backend_developer,Junior,abbr,docker|java|linux|rest api|spring boot|sql|statistics
Bhargav Iyer 4989,frontend_developer,Junior,full,docker|html/css|javascript|natural language processing|react|rest api
Nikhil Kaur 4990,devops_engineer,Mid,mixed,ci/cd|docker|kubernetes|linux
Nisha Desai 4991,data_engineer,Mid,mixed,cloud|deep learning|docker|postgresql|python
Pranav Singh 4992,ml_engineer,Mid,abbr,cloud|deep learning|machine learning|python|pytorch|scikit-learn
Rahul Shetty 4993,data_scientist,Senior,full,data analysis|deep learning|docker|machine learning|pandas|python|sql|statistics|tableau
Shreya Verma 4994,nlp_engineer,Mid,mixed,deep learning|postgresql|python|pytorch|text classification
Jatin Malhotra,data_analyst,Intern,full,data analysis|sql|tableau
Mohit Nambiar 4996,backend_developer,Junior,full,git|java|linux|postgresql|rest api|sql
Trisha Joshi 4997,frontend_developer,Junior,full,git|javascript|react
Priya Kulkarni,devops_engineer,Intern,full,cloud|docker|linux|python
Neha Mehta 4999,data_engineer,Mid,mixed,cloud|docker|pandas|postgresql|python|scikit-learn
Arjun Gupta 5000,ml_engineer,Junior,abbr,data analysis|machine learning|python|pytorch|sql|tensorflow
Sneha Prasad 5001,data_scientist,Mid,abbr,cloud|data analysis|machine learning|pandas|python|scikit-learn|statistics|tableau|text classification
Sneha Venkatesh 5002,nlp_engineer,Senior,mixed,artificial intelligence|deep learning|linux|natural language processing|python|pytorch|text classification
Aarav Verma 5003,data_analyst,Mid,full,data analysis|excel|machine learning|power bi|statistics|tableau
Nikhil Saxena 5004,backend_developer,Senior,full,docker|git|java|linux|postgresql|python|pytorch|rest api|spring boot|sql
Suresh Malhotra,frontend_developer,Junior,abbr,html/css|javascript|react
Vikram Iyer 5006,devops_engineer,Senior,abbr,ci/cd|cloud|docker|git|kubernetes|linux
Lalita Iyer 5007,data_engineer,Intern,full,docker|mongodb|postgresql|python
Nikhil Mehta 5008,ml_engineer,Intern,abbr,docker|machine learning|scikit-learn|tensorflow
Dhruv Kaur,data_scientist,Intern,abbr,data analysis|pandas|sql|statistics|tableau
Bhavna Rao 5010,nlp_engineer,Intern,mixed,git|java|natural language processing|python|text classification
Vikram Naidu 5011,data_analyst,Junior,full,cloud|data analysis|excel|numpy|power bi|tableau
Kiran Pillai,backend_developer,Intern,mixed,java|linux|rest api|sql
Bhargav Joshi,frontend_developer,Mid,abbr,git|html/css|javascript|rest api
Ravi Deshpande 5014,devops_engineer,Intern,full,ci/cd|cloud|docker|node.js|postgresql|react
Ishaan Subramanian 5015,data_engineer,Junior,mixed,cloud|docker|postgresql|python
Parvati Deshpande 5016,ml_engineer,Mid,mixed,deep learning|machine learning|natural language processing|numpy|pandas|python|pytorch|sql|tensorflow
Ishaan Desai 5017,data_scientist,Mid,full,data analysis|deep learning|machine learning|pandas|power bi|scikit-learn|sql|statistics|text classification
Nikhil Joshi 5018,nlp_engineer,Mid,abbr,artificial intelligence|natural language processing|python|pytorch|scikit-learn|text classification
Sneha Tiwari 5019,data_analyst,Intern,mixed,cloud|excel|power bi|python|tableau
Zoya Desai 5020,backend_developer,Senior,mixed,java|kubernetes|postgresql|pytorch|rest api|spring boot|sql
Lalita Reddy 5021,frontend_developer,Mid,full,git|html/css|mongodb|python|react|rest api
Kavya Desai 5022,devops_engineer,Mid,mixed,ci/cd|cloud|docker|kubernetes|linux|postgresql
Rakesh Balan 5023,data_engineer,Mid,mixed,cloud|kubernetes|postgresql|python|sql
Sameer Raghavan 5024,ml_engineer,Junior,mixed,deep learning|docker|excel|numpy|python|pytorch|scikit-learn|statistics|tableau
Mohit Menon 5025,data_scientist,Senior,full,data analysis|deep learning|machine learning|numpy|pandas|python|sql|statistics
Rahul Sharma 5026,nlp_engineer,Senior,full,deep learning|machine learning|natural language processing|postgresql|power bi|python|pytorch|scikit-learn|text classification
Varun Prasad 5027,data_analyst,Mid,abbr,excel|power bi|sql|statistics|tableau
Zoya Agarwal 5028,backend_developer,Senior,full,java|natural language processing|postgresql|rest api|spring boot|sql
Rhea Hegde 5029,frontend_developer,Junior,mixed,git|javascript|react|text classification
Hema Shetty,devops_engineer,Mid,abbr,ci/cd|docker|git|kubernetes|linux
Sameer Menon 5031,data_engineer,Junior,full,cloud|docker|postgresql|python
Jatin Naidu 5032,ml_engineer,Intern,abbr,deep learning|docker|javascript|natural language processing|pytorch|sql|tensorflow
Ananya Naidu,data_scientist,Intern,abbr,machine learning|pandas|sql
Ravi Prasad 5034,nlp_engineer,Intern,abbr,deep learning|python|text classification
Sameer Prasad 5035,data_analyst,Mid,abbr,artificial intelligence|data analysis|excel|python|sql|tableau
Arjun Pillai 5036,backend_developer,Intern,abbr,java|postgresql|rest api
Nikhil Joshi 5037,frontend_developer,Intern,full,git|javascript|pandas|python
Kabir Iyer,devops_engineer,Junior,mixed,ci/cd|cloud|docker|git|linux|postgresql|statistics
Hema Naidu 5039,data_engineer,Mid,mixed,cloud|docker|git|node.js|python|sql
Chetan Sharma 5040,ml_engineer,Mid,abbr,deep learning|docker|machine learning|python|scikit-learn|sql|tensorflow
Farhan Hegde 5041,data_scientist,Intern,full,data analysis|machine learning|pandas|power bi
Abhay Shetty 5042,nlp_engineer,Senior,abbr,deep learning|natural language processing|numpy|python|pytorch|text classification
Parvati Ghosh 5043,data_analyst,Senior,mixed,ci/cd|data analysis|excel|pandas|postgresql|power bi|sql|tableau
Aarav Varma,backend_developer,Intern,mixed,computer vision|deep learning|docker|java|rest api|sql
Ramya Mehta 5045,frontend_developer,Mid,mixed,git|html/css|javascript|node.js|numpy|pandas|rest api
Pranav Saxena 5046,devops_engineer,Senior,mixed,ci/cd|cloud|docker|kubernetes|linux
Kiran Kulkarni 5047,data_engineer,Junior,mixed,cloud|postgresql|python|sql
Esha Joshi 5048,ml_engineer,Mid,abbr,deep learning|machine learning|python|scikit-learn|tensorflow
Parvati Agarwal 5049,data_scientist,Junior,mixed,data analysis|machine learning|pandas|power bi|python
Omkar Patel 5050,nlp_engineer,Junior,abbr,artificial intelligence|ci/cd|deep learning|natural language processing|python|pytorch
Lalita Kulkarni,data_analyst,Intern,abbr,data analysis|excel|javascript|power bi|python
Anjali Kapoor 5052,backend_developer,Junior,mixed,git|java|kubernetes|linux|postgresql|spring boot|sql
Qamar Krishnan 5053,frontend_developer,Intern,abbr,deep learning|html/css|javascript
Pooja Agarwal 5054,devops_engineer,Intern,full,docker|kubernetes|linux|natural language processing|postgresql
Nikhil Mehta 5055,data_engineer,Junior,abbr,cloud|docker|linux|postgresql|python
Pooja Saxena,ml_engineer,Intern,abbr,deep learning|pytorch|tensorflow
Jaya Dubey 5057,data_scientist,Intern,abbr,cloud|data analysis|python|sql|tableau
Lakshmi Saxena,nlp_engineer,Intern,full,natural language processing|python|pytorch
Ananya Kaur 5059,data_analyst,Mid,full,ci/cd|data analysis|excel|power bi|python|tableau
Rakesh Tiwari 5060,backend_developer,Mid,full,linux|mongodb|postgresql|rest api|spring boot|sql
Aniket Agarwal 5061,frontend_developer,Mid,mixed,docker|git|javascript|node.js|react
Akash Pillai 5062,devops_engineer,Senior,mixed,ci/cd|cloud|docker|java|kubernetes|linux|postgresql
Varun Mehta 5063,data_engineer,Intern,full,cloud|mongodb|pandas|python|sql
Rakesh Chopra 5064,ml_engineer,Intern,mixed,deep learning|java|machine learning|python|tensorflow
Zoya Balan,data_scientist,Junior,mixed,data analysis|machine learning|python|sql|statistics|tableau|text classification
Omkar Ghosh 5066,nlp_engineer,Junior,abbr,deep learning|machine learning|numpy|python|pytorch|tensorflow|text classification
Varun Kulkarni,data_analyst,Junior,full,data analysis|power bi|python|sql|statistics|tableau
Manish Tiwari 5068,backend_developer,Senior,mixed,java|kubernetes|linux|postgresql|python|rest api|spring boot|sql
Vishal Venkatesh 5069,frontend_developer,Mid,abbr,data analysis|git|javascript|postgresql|react|rest api
Charu Desai,devops_engineer,Intern,abbr,ci/cd|cloud|linux
Aditi Venkatesh 5071,data_engineer,Intern,mixed,cloud|postgresql|sql|tableau
Meera Chopra 5072,ml_engineer,Junior,mixed,deep learning|docker|linux|python|pytorch|scikit-learn
Jaya Subramanian,data_scientist,Mid,mixed,data analysis|deep learning|numpy|pandas|python|sql|statistics
Uma Shetty 5074,nlp_engineer,Senior,abbr,deep learning|natural language processing|power bi|python|pytorch|statistics|text classification
Esha Hegde,data_analyst,Senior,mixed,cloud|data analysis|excel|pandas|power bi|sql|tableau
Vishal Dubey 5076,backend_developer,Junior,abbr,docker|java|kubernetes|postgresql|power bi|python|rest api|sql|statistics
Abhay Verma 5077,frontend_developer,Senior,mixed,docker|git|html/css|javascript|react
Pranav Venkatesh 5078,devops_engineer,Junior,mixed,ci/cd|cloud|docker|git|kubernetes|postgresql|python
Yamini Desai 5079,data_engineer,Junior,abbr,ci/cd|cloud|docker|kubernetes|pandas|postgresql|sql
Sonal Pillai 5080,ml_engineer,Senior,mixed,cloud|deep learning|docker|machine learning|natural language processing|pandas|python|pytorch|scikit-learn|statistics|tensorflow
Meera Joshi,data_scientist,Intern,mixed,machine learning|pandas|power bi|sql
Siddharth Iyer 5082,nlp_engineer,Senior,mixed,data analysis|deep learning|excel|natural language processing|python|pytorch|text classification
Varun Iyer 5083,data_analyst,Senior,mixed,data analysis|excel|power bi|sql|tableau
Pallavi Kapoor 5084,backend_developer,Mid,full,docker|java|kubernetes|linux|rest api|spring boot|sql
Siddharth Raghavan 5085,frontend_developer,Mid,mixed,git|javascript|react
Farhan Sharma 5086,devops_engineer,Senior,mixed,ci/cd|cloud|docker|git|kubernetes|linux|pytorch|sql
Yash Malhotra 5087,data_engineer,Junior,mixed,cloud|docker|python|sql
Bhargav Subramanian 5088,ml_engineer,Senior,mixed,deep learning|machine learning|python|pytorch|scikit-learn|tensorflow
Arjun Tiwari 5089,data_scientist,Junior,full,cloud|data analysis|deep learning|pandas|python|statistics
Ramya Dubey,nlp_engineer,Mid,mixed,cloud|deep learning|natural language processing|numpy|python|scikit-learn|text classification
Suresh Verma 5091,data_analyst,Senior,full,data analysis|excel|numpy|pandas|power bi|sql|tableau
Anjali Nambiar,backend_developer,Senior,mixed,docker|java|kubernetes|linux|postgresql|rest api|spring boot|sql
Chetan Agarwal 5093,frontend_developer,Mid,abbr,html/css|javascript|react
Rohan Malhotra 5094,devops_engineer,Junior,mixed,ci/cd|cloud|javascript|kubernetes|linux
Shreya Bhatt 5095,data_engineer,Senior,abbr,ci/cd|cloud|docker|postgresql|python|sql
Gaurav Naidu 5096,ml_engineer,Intern,mixed,deep learning|machine learning|natural language processing|numpy|scikit-learn|sql
Vinay Venkatesh 5097,data_scientist,Junior,abbr,pandas|python|sql|statistics
Naveen Chopra 5098,nlp_engineer,Mid,mixed,cloud|deep learning|docker|git|natural language processing|pytorch|text classification
Shreya Sharma 5099,data_analyst,Senior,abbr,data analysis|excel|power bi|python|sql|tableau
Pooja Naidu 5100,backend_developer,Mid,mixed,artificial intelligence|java|python|rest api|spring boot|sql
Vidya Deshpande 5101,frontend_developer,Senior,mixed,cloud|git|html/css|javascript|linux|node.js|react
Priya Mehta 5102,devops_engineer,Junior,mixed,cloud|docker|kubernetes|linux|scikit-learn|text classification
Varun Deshpande 5103,data_engineer,Mid,full,docker|postgresql|python|sql
Lalita Chandran 5104,ml_engineer,Intern,mixed,deep learning|python|pytorch|sql|tableau
Uma Prasad 5105,data_scientist,Junior,mixed,data analysis|python|sql|statistics|tableau|text classification
Chetan Dubey 5106,nlp_engineer,Mid,full,ci/cd|deep learning|docker|natural language processing|pytorch|scikit-learn|text classification
Rhea Agarwal 5107,data_analyst,Intern,abbr,power bi|sql|tableau
Priya Kaur,backend_developer,Senior,full,git|java|kubernetes|linux|mongodb|postgresql|python|rest api|spring boot|sql
Charu Agarwal 5109,frontend_developer,Junior,full,html/css|javascript|kubernetes|react
Rajesh Jain,devops_engineer,Intern,abbr,ci/cd|cloud|deep learning|linux|tensorflow
Kiran Desai 5111,data_engineer,Senior,mixed,ci/cd|cloud|docker|kubernetes|pandas|postgresql|python|sql
Sahana Jain 5112,ml_engineer,Junior,abbr,deep learning|python|pytorch|scikit-learn|sql|tableau
Esha Krishnan 5113,data_scientist,Mid,abbr,cloud|computer vision|data analysis|pandas|python|sql|statistics
Varun Saxena 5114,nlp_engineer,Mid,abbr,cloud|deep learning|docker|machine learning|python|pytorch|scikit-learn|text classification
Rahul Nair 5115,data_analyst,Mid,abbr,cloud|data analysis|docker|excel|postgresql|power bi|sql
Rohan Kaur 5116,backend_developer,Senior,full,docker|git|java|postgresql|rest api|spring boot|sql
Madhav Hegde,frontend_developer,Junior,full,docker|git|html/css|javascript
Aarav Mehta 5118,devops_engineer,Junior,mixed,ci/cd|cloud|docker|linux
Ananya Ghosh,data_engineer,Junior,mixed,cloud|docker|linux|python|sql
Ravi Hegde 5120,ml_engineer,Senior,mixed,deep learning|docker|machine learning|python|pytorch|scikit-learn|tensorflow
Rahul Krishnan 5121,data_scientist,Mid,mixed,cloud|data analysis|deep learning|pandas|python|sql|statistics|tableau
Pranav Tiwari,nlp_engineer,Intern,mixed,deep learning|docker|git|python|pytorch|scikit-learn
Ananya Iyer 5123,data_analyst,Intern,mixed,data analysis|excel|tableau
Nandini Malhotra 5124,backend_developer,Senior,full,ci/cd|docker|java|linux|mongodb|postgresql|python|rest api|spring boot|sql
Zoya Prasad 5125,frontend_developer,Senior,full,git|html/css|javascript|node.js|react|rest api
Madhav Varma,devops_engineer,Intern,mixed,ci/cd|cloud|git|kubernetes|pandas|python
Hema Kaur 5127,data_engineer,Senior,abbr,cloud|docker|postgresql|python|sql
Aniket Tiwari 5128,ml_engineer,Junior,abbr,docker|machine learning|python|pytorch|scikit-learn|statistics|tensorflow
Rohan Balan 5129,data_scientist,Junior,abbr,data analysis|docker|java|machine learning|power bi|sql|statistics|text classification
Nandini Desai 5130,nlp_engineer,Junior,mixed,artificial intelligence|natural language processing|python|pytorch|sql|text classification
Abhay Reddy 5131,data_analyst,Senior,mixed,data analysis|excel|power bi|sql|tableau
Ganesh Kumar 5132,backend_developer,Senior,mixed,java|linux|pandas|postgresql|rest api|spring boot|sql|statistics
Ramya Nair 5133,frontend_developer,Intern,full,docker|javascript|react
Vishal Nambiar,devops_engineer,Intern,mixed,ci/cd|cloud|docker|natural language processing|text classification
Nikhil Tiwari 5135,data_engineer,Senior,mixed,cloud|docker|postgresql|python|sql
Aditi Mehta 5136,ml_engineer,Junior,full,deep learning|docker|machine learning|natural language processing|python|scikit-learn|statistics
Udhav Dubey 5137,data_scientist,Intern,mixed,excel|machine learning|numpy|pandas|postgresql|python|scikit-learn
Bhargav Mehta 5138,nlp_engineer,Junior,mixed,deep learning|natural language processing|python|statistics|text classification
Lakshmi Dubey 5139,data_analyst,Junior,mixed,data analysis|excel|postgresql|power bi|spring boot|statistics|tableau
Parvati Dubey 5140,backend_developer,Senior,abbr,java|mongodb|postgresql|python|rest api|spring boot|sql
Chetan Krishnan 5141,frontend_developer,Junior,mixed,git|html/css|javascript|rest api
Divya Naidu 5142,devops_engineer,Mid,full,ci/cd|cloud|docker|git|linux
Pranav Kumar 5143,data_engineer,Junior,full,cloud|git|postgresql|python|sql
Nikhil Rao 5144,ml_engineer,Intern,mixed,deep learning|natural language processing|pandas|python|scikit-learn|statistics
Parvati Saxena 5145,data_scientist,Mid,abbr,cloud|data analysis|machine learning|python|sql|statistics
Sanjay Singh 5146,nlp_engineer,Senior,abbr,cloud|deep learning|machine learning|natural language processing|numpy|python|pytorch|text classification
Qamar Subramanian 5147,data_analyst,Intern,mixed,data analysis|power bi|tableau
Rahul Deshpande 5148,backend_developer,Intern,mixed,git|java|linux|postgresql|sql
Jatin Chandran 5149,frontend_developer,Senior,full,deep learning|git|html/css|javascript|node.js|pandas|react
Rohan Saxena 5150,devops_engineer,Junior,full,ci/cd|docker|kubernetes|linux|natural language processing|postgresql|python|scikit-learn
Meera Malhotra 5151,data_engineer,Mid,abbr,ci/cd|cloud|docker|mongodb|postgresql|sql
Sameer Chandran 5152,ml_engineer,Junior,abbr,machine learning|natural language processing|pytorch|scikit-learn|sql|statistics|tensorflow
Rajesh Subramanian,data_scientist,Intern,mixed,cloud|machine learning|numpy|sql|statistics
Akash Patel 5154,nlp_engineer,Junior,mixed,artificial intelligence|deep learning|machine learning|python|pytorch|sql|statistics|text classification
Ananya Verma 5155,data_analyst,Junior,mixed,excel|power bi|python|sql|tableau
Dhruv Menon 5156,backend_developer,Intern,abbr,git|java|postgresql|spring boot
Mohit Tiwari 5157,frontend_developer,Senior,full,git|html/css|javascript|react|rest api
Uma Chandran 5158,devops_engineer,Junior,full,ci/cd|cloud|docker|git|linux|python|sql
Esha Gupta 5159,data_engineer,Junior,mixed,cloud|docker|git|javascript|mongodb|python|sql
Chetan Chopra 5160,ml_engineer,Senior,mixed,deep learning|machine learning|python|pytorch|scikit-learn|tensorflow
Nandini Chandran 5161,data_scientist,Mid,mixed,deep learning|machine learning|pandas|power bi|python|scikit-learn|sql|statistics|tableau
Chetan Venkatesh 5162,nlp_engineer,Mid,mixed,cloud|deep learning|numpy|python|pytorch|text classification
Rohan Dubey 5163,data_analyst,Intern,mixed,deep learning|excel|power bi|sql|statistics
Rajesh Kulkarni 5164,backend_developer,Senior,mixed,java|kubernetes|postgresql|rest api|spring boot|sql
Sameer Kaur 5165,frontend_developer,Mid,full,git|javascript|node.js|react|rest api
Rajesh Tiwari 5166,devops_engineer,Senior,full,ci/cd|cloud|docker|kubernetes|linux|postgresql
Meera Mehta 5167,data_engineer,Mid,full,ci/cd|cloud|docker|mongodb|pandas|postgresql|sql
Vidya Singh 5168,ml_engineer,Junior,mixed,deep learning|docker|machine learning|pytorch|scikit-learn|statistics
Mohit Patel 5169,data_scientist,Intern,full,machine learning|mongodb|pandas|power bi|statistics|tableau
Deepa Hegde 5170,nlp_engineer,Intern,mixed,artificial intelligence|node.js|numpy|python|pytorch|text classification
Kiran Joshi,data_analyst,Junior,mixed,data analysis|excel|numpy|pandas|power bi|tableau
Neha Raghavan 5172,backend_developer,Junior,abbr,java|numpy|pandas|postgresql|rest api|sql
Swathi Shetty 5173,frontend_developer,Senior,mixed,artificial intelligence|cloud|git|html/css|javascript|node.js|react
Pallavi Malhotra 5174,devops_engineer,Mid,full,ci/cd|cloud|docker|linux
Lakshmi Nambiar 5175,data_engineer,Intern,abbr,cloud|linux|pandas|postgresql|sql
Vishal Chopra,ml_engineer,Intern,full,deep learning|docker|machine learning|scikit-learn
Arjun Tiwari 5177,data_scientist,Senior,abbr,data analysis|machine learning|pandas|python|pytorch|scikit-learn|sql|statistics|text classification
Abhay Subramanian 5178,nlp_engineer,Intern,abbr,artificial intelligence|deep learning|natural language processing|text classification
Vidya Dubey 5179,data_analyst,Mid,mixed,data analysis|excel|natural language processing|sql|statistics|tableau
Rohan Sharma 5180,backend_developer,Senior,mixed,docker|git|html/css|java|kubernetes|linux|postgresql|rest api|spring boot|sql
Deepa Shetty 5181,frontend_developer,Intern,full,ci/cd|docker|git|python|react
Deepa Dubey 5182,devops_engineer,Intern,mixed,docker|kubernetes|linux|postgresql
Manish Ghosh 5183,data_engineer,Intern,mixed,cloud|docker|kubernetes|postgresql
Bhargav Shetty,ml_engineer,Mid,mixed,cloud|computer vision|deep learning|docker|machine learning|pytorch|scikit-learn|statistics|tensorflow
Neha Malhotra,data_scientist,Mid,full,cloud|data analysis|machine learning|numpy|python|sql|statistics|tableau
Aarav Shetty 5186,nlp_engineer,Senior,full,deep learning|linux|natural language processing|python|pytorch|text classification
Zoya Rao 5187,data_analyst,Junior,full,ci/cd|data analysis|excel|pandas|sql|statistics|tableau
Nikhil Nambiar 5188,backend_developer,Junior,abbr,java|mongodb|postgresql|spring boot|sql
Pooja Shetty,frontend_developer,Mid,mixed,git|html/css|python|react|statistics
Vishal Hegde 5190,devops_engineer,Senior,mixed,ci/cd|cloud|docker|java|kubernetes|linux
Ritu Hegde 5191,data_engineer,Senior,full,cloud|docker|kubernetes|postgresql|python|sql
Madhav Saxena 5192,ml_engineer,Intern,full,deep learning|pytorch|scikit-learn
Bhavna Menon 5193,data_scientist,Mid,mixed,data analysis|java|linux|machine learning|pandas|python|sql
Pooja Singh,nlp_engineer,Senior,abbr,deep learning|natural language processing|numpy|postgresql|python|pytorch|text classification
Farhan Patel,data_analyst,Intern,mixed,data analysis|postgresql|power bi|sql|tableau
Madhav Prasad 5196,backend_developer,Junior,mixed,kubernetes|postgresql|react|rest api|spring boot|sql
Vidya Chopra 5197,frontend_developer,Junior,mixed,cloud|docker|git|html/css|react
Esha Rao 5198,devops_engineer,Mid,mixed,ci/cd|cloud|kubernetes|linux
Dhruv Subramanian 5199,data_engineer,Intern,mixed,cloud|docker|python
Sanjay Menon 5200,ml_engineer,Mid,mixed,deep learning|machine learning|python|pytorch|statistics|tensorflow
Esha Varma 5201,data_scientist,Intern,full,cloud|data analysis|deep learning|pandas|sql
Vishal Iyer 5202,nlp_engineer,Senior,abbr,ci/cd|cloud|deep learning|docker|machine learning|natural language processing|numpy|python|pytorch|text classification
Darshan Kumar 5203,data_analyst,Junior,full,cloud|data analysis|excel|python|sql|statistics|tableau
Vidya Deshpande 5204,backend_developer,Intern,mixed,postgresql|spring boot|sql
Tarun Singh 5205,frontend_developer,Senior,abbr,docker|git|html/css|javascript|react|rest api
Darshan Singh 5206,devops_engineer,Senior,mixed,ci/cd|cloud|docker|kubernetes|linux|postgresql|python
Bhavna Menon 5207,data_engineer,Senior,abbr,ci/cd|cloud|docker|linux|pandas|postgresql|python|sql
Tanvi Balan,ml_engineer,Mid,mixed,deep learning|machine learning|python|scikit-learn|tensorflow
Pranav Verma 5209,data_scientist,Junior,mixed,data analysis|machine learning|sql|statistics
Jatin Krishnan 5210,nlp_engineer,Senior,full,deep learning|machine learning|natural language processing|numpy|python|pytorch|scikit-learn|text classification
Dhruv Shetty 5211,data_analyst,Junior,full,excel|pandas|power bi|sql|tableau
Ravi Sharma,backend_developer,Intern,mixed,java|kubernetes|python|rest api|spring boot
Aarav Venkatesh,frontend_developer,Senior,mixed,git|html/css|javascript|node.js|react
Mohit Rao,devops_engineer,Intern,mixed,ci/cd|cloud|kubernetes|python
Sonal Verma 5215,data_engineer,Senior,full,ci/cd|cloud|docker|mongodb|pandas|postgresql|python|sql
Ritu Bhatt 5216,ml_engineer,Intern,abbr,computer vision|machine learning|scikit-learn|sql|tensorflow
Akash Bhatt 5217,data_scientist,Mid,mixed,cloud|machine learning|pandas|python|sql|statistics
Pooja Agarwal 5218,nlp_engineer,Junior,full,artificial intelligence|deep learning|docker|machine learning|python|pytorch|text classification
Swathi Shetty 5219,data_analyst,Senior,mixed,data analysis|excel|postgresql|power bi|sql|tableau
Vinay Varma 5220,backend_developer,Mid,abbr,ci/cd|java|rest api|spring boot|sql
Kabir Saxena,frontend_developer,Senior,mixed,git|html/css|javascript|natural language processing|react|scikit-learn
Rohan Gupta 5222,devops_engineer,Junior,abbr,ci/cd|cloud|docker|linux|node.js|postgresql|python
Naveen Krishnan 5223,data_engineer,Junior,mixed,ci/cd|docker|postgresql|python|sql
Deepa Ghosh 5224,ml_engineer,Senior,full,cloud|deep learning|docker|machine learning|natural language processing|numpy|python|pytorch|scikit-learn|statistics|tensorflow
Darshan Prasad 5225,data_scientist,Mid,mixed,data analysis|machine learning|pandas|python|statistics
Sneha Rao 5226,nlp_engineer,Intern,mixed,deep learning|docker|python|pytorch|scikit-learn|statistics
Aditi Gupta,data_analyst,Junior,abbr,deep learning|excel|postgresql|power bi|pytorch|sql|statistics|tableau
Bhavna Naidu 5228,backend_developer,Intern,abbr,mongodb|postgresql|spring boot|sql
Tarun Jain 5229,frontend_developer,Senior,full,docker|git|html/css|javascript|node.js|react
Hema Chandran 5230,devops_engineer,Mid,full,ci/cd|cloud|kubernetes|linux|python
Ganesh Kulkarni 5231,data_engineer,Mid,full,ci/cd|docker|postgresql|python|sql
Sonal Rao,ml_engineer,Intern,full,javascript|pandas|python|rest api|scikit-learn|tensorflow
Vikram Chopra 5233,data_scientist,Intern,abbr,data analysis|machine learning|mongodb|numpy|power bi|sql|statistics
Zoya Chandran 5234,nlp_engineer,Senior,mixed,deep learning|natural language processing|python|pytorch|text classification
Jaya Patel 5235,data_analyst,Senior,full,data analysis|excel|power bi|sql|tableau
Shreya Malhotra 5236,backend_developer,Junior,full,java|postgresql|rest api|sql
Sneha Bhatt 5237,frontend_developer,Intern,full,docker|git|javascript|python|text classification
Aditi Tiwari 5238,devops_engineer,Senior,mixed,ci/cd|cloud|docker|kubernetes|linux|machine learning|natural language processing|postgresql
Jatin Chandran 5239,data_engineer,Mid,full,ci/cd|cloud|docker|kubernetes|linux|postgresql|python|statistics
Ritu Sharma 5240,ml_engineer,Mid,mixed,cloud|deep learning|excel|machine learning|natural language processing|python|pytorch|sql|tensorflow
Ganesh Shetty 5241,data_scientist,Junior,abbr,deep learning|machine learning|pandas|power bi|python|scikit-learn|sql
Charu Raghavan 5242,nlp_engineer,Mid,mixed,deep learning|natural language processing|numpy|python|text classification
Esha Varma 5243,data_analyst,Intern,abbr,java|power bi|sql|tableau
Indira Desai 5244,backend_developer,Junior,mixed,docker|java|mongodb|postgresql|python|spring boot|sql
Kavya Rao 5245,frontend_developer,Mid,abbr,deep learning|git|javascript|react
Indira Kapoor 5246,devops_engineer,Mid,mixed,ci/cd|cloud|kubernetes|linux
Dhruv Krishnan 5247,data_engineer,Senior,full,ci/cd|cloud|docker|mongodb|postgresql|python|react|sql
Bhargav Mehta 5248,ml_engineer,Mid,full,computer vision|deep learning|docker|machine learning|numpy|python|scikit-learn|tensorflow
Yamini Subramanian 5249,data_scientist,Junior,full,cloud|machine learning|pandas|python|sql
Lalita Verma 5250,nlp_engineer,Intern,full,deep learning|docker|python|text classification
Deepa Kapoor 5251,data_analyst,Senior,abbr,data analysis|excel|pandas|postgresql|power bi|python|sql|tableau
Uma Sharma,backend_developer,Intern,mixed,docker|linux|postgresql|spring boot|sql|tableau
Suresh Venkatesh,frontend_developer,Intern,abbr,docker|git|kubernetes|python|react
Chetan Sharma 5254,devops_engineer,Junior,full,ci/cd|cloud|docker|java|linux|node.js|python
Yamini Verma 5255,data_engineer,Intern,full,cloud|docker|git|mongodb|sql
Bhargav Singh 5256,ml_engineer,Mid,mixed,cloud|deep learning|docker|machine learning|python|pytorch|scikit-learn
Omkar Kapoor 5257,data_scientist,Junior,abbr,data analysis|deep learning|pandas|python|statistics
Aditi Sharma,nlp_engineer,Mid,mixed,deep learning|natural language processing|pytorch|spring boot|sql|text classification
Yamini Chopra 5259,data_analyst,Junior,mixed,data analysis|excel|postgresql|power bi|sql|statistics
Rhea Singh 5260,backend_developer,Senior,mixed,docker|java|kubernetes|linux|postgresql|python|rest api|spring boot|sql
Omkar Sharma 5261,frontend_developer,Senior,full,docker|git|html/css|javascript|kubernetes|react|rest api|spring boot
Ganesh Sharma,devops_engineer,Mid,mixed,ci/cd|cloud|git|kubernetes|linux|natural language processing|python|scikit-learn
Vikram Nambiar 5263,data_engineer,Junior,mixed,ci/cd|cloud|docker|pandas|postgresql|python|tableau
Vidya Sharma 5264,ml_engineer,Junior,mixed,deep learning|javascript|machine learning|python|scikit-learn
Esha Iyer 5265,data_scientist,Intern,full,deep learning|machine learning|pandas|pytorch|statistics|tensorflow
Lalita Shetty 5266,nlp_engineer,Mid,mixed,artificial intelligence|deep learning|natural language processing|pytorch|text classification
Vidya Singh 5267,data_analyst,Senior,mixed,data analysis|excel|pandas|power bi|sql|tableau
Nandini Menon 5268,backend_developer,Senior,mixed,cloud|git|java|kubernetes|linux|postgresql|rest api|spring boot|sql
Manish Kulkarni 5269,frontend_developer,Intern,abbr,docker|git|html/css
Ganesh Varma 5270,devops_engineer,Senior,mixed,ci/cd|cloud|docker|kubernetes|linux|pandas|text classification
Nikhil Subramanian 5271,data_engineer,Junior,full,cloud|docker|postgresql|python
Ishaan Singh 5272,ml_engineer,Intern,mixed,deep learning|machine learning|pandas|pytorch
Pooja Agarwal 5273,data_scientist,Intern,full,data analysis|html/css|node.js|pandas|statistics
Priya Naidu 5274,nlp_engineer,Junior,abbr,deep learning|machine learning|natural language processing|numpy|python|scikit-learn|text classification
Akash Joshi 5275,data_analyst,Mid,mixed,data analysis|excel|scikit-learn|sql|tableau|text classification
Omkar Nair 5276,backend_developer,Mid,mixed,git|java|postgresql|rest api|sql|text classification
Aarav Singh 5277,frontend_developer,Mid,mixed,git|html/css|javascript
Manish Kaur,devops_engineer,Mid,mixed,ci/cd|cloud|docker|git|kubernetes
Kavya Varma 5279,data_engineer,Junior,mixed,ci/cd|cloud|docker|linux|postgresql|python
Nisha Krishnan 5280,ml_engineer,Junior,mixed,deep learning|docker|python|scikit-learn|statistics|tensorflow
Neha Singh 5281,data_scientist,Intern,abbr,cloud|pandas|python|sql|tableau
Jaya Verma 5282,nlp_engineer,Senior,mixed,deep learning|machine learning|natural language processing|pandas|postgresql|python|pytorch|text classification
Sanjay Verma 5283,data_analyst,Intern,mixed,excel|power bi|python|sql|statistics
Kavya Deshpande 5284,backend_developer,Junior,full,docker|java|mongodb|postgresql|rest api|sql
Anjali Saxena,frontend_developer,Junior,abbr,git|javascript|react
Vidya Desai 5286,devops_engineer,Senior,abbr,ci/cd|cloud|docker|kubernetes|linux|postgresql
Vinay Hegde 5287,data_engineer,Mid,abbr,ci/cd|cloud|docker|mongodb|pandas|postgresql|python
Lalita Joshi,ml_engineer,Junior,mixed,cloud|deep learning|python|scikit-learn|sql|statistics|tensorflow
Aditi Malhotra 5289,data_scientist,Intern,full,cloud|data analysis|postgresql|python|sql
Manish Krishnan,nlp_engineer,Intern,full,deep learning|kubernetes|linux|numpy|pytorch|text classification
Ravi Desai 5291,data_analyst,Junior,full,data analysis|power bi|sql|tableau
Rajesh Desai 5292,backend_developer,Mid,full,java|postgresql|python|rest api|spring boot
Ananya Menon 5293,frontend_developer,Junior,abbr,git|javascript|react|rest api
Vishal Deshpande 5294,devops_engineer,Junior,full,ci/cd|cloud|docker|git|kubernetes|numpy|python|tableau
Madhav Subramanian 5295,data_engineer,Intern,full,cloud|docker|linux|python
Yamini Subramanian 5296,ml_engineer,Junior,mixed,cloud|computer vision|deep learning|docker|machine learning|python|scikit-learn|statistics
Ananya Desai 5297,data_scientist,Mid,mixed,data analysis|docker|machine learning|numpy|pandas|python|scikit-learn|statistics|tableau|text classification
Nisha Saxena,nlp_engineer,Junior,mixed,deep learning|java|python|pytorch|scikit-learn|text classification
Aditi Shetty 5299,data_analyst,Intern,mixed,excel|pandas|power bi|tableau
Bhavna Rao 5300,backend_developer,Senior,full,deep learning|java|postgresql|rest api|spring boot|sql
Divya Kumar 5301,frontend_developer,Intern,abbr,docker|javascript|react
Ananya Desai 5302,devops_engineer,Mid,mixed,cloud|docker|java|kubernetes|linux
Anjali Verma 5303,data_engineer,Mid,abbr,ci/cd|cloud|docker|mongodb|pandas|python|spring boot|sql
Ravi Kumar 5304,ml_engineer,Senior,full,deep learning|machine learning|python|pytorch|scikit-learn|statistics|tensorflow
Pranav Ghosh 5305,data_scientist,Senior,full,data analysis|machine learning|pandas|python|sql|statistics
Tarun Pillai 5306,nlp_engineer,Senior,mixed,artificial intelligence|cloud|deep learning|machine learning|natural language processing|python|pytorch|scikit-learn|text classification
Jaya Nair 5307,data_analyst,Mid,mixed,data analysis|excel|sql|statistics|tableau
Yamini Jain 5308,backend_developer,Senior,mixed,docker|java|mongodb|postgresql|python|rest api|spring boot|sql
Yamini Jain 5309,frontend_developer,Mid,full,html/css|javascript|react|rest api
Priya Shetty 5310,devops_engineer,Junior,abbr,ci/cd|cloud|kubernetes|linux|python
Aniket Rao 5311,data_engineer,Mid,abbr,ci/cd|cloud|linux|mongodb|postgresql|python|sql
Hema Krishnan 5312,ml_engineer,Junior,full,computer vision|deep learning|docker|machine learning|python|react|sql|tensorflow
Pallavi Patel 5313,data_scientist,Senior,mixed,cloud|data analysis|deep learning|machine learning|pandas|postgresql|power bi|python|sql|statistics
Qamar Ghosh 5314,nlp_engineer,Junior,abbr,cloud|deep learning|python|pytorch|text classification
Rajesh Menon 5315,data_analyst,Senior,mixed,data analysis|excel|postgresql|power bi|sql|tableau
Manish Bhatt 5316,backend_developer,Intern,mixed,java|postgresql|rest api
Madhav Venkatesh 5317,frontend_developer,Intern,mixed,javascript|react
Nandini Menon 5318,devops_engineer,Intern,mixed,ci/cd|cloud|kubernetes|pytorch|sql
Rahul Varma,data_engineer,Mid,abbr,cloud|docker|linux|python|sql
Rahul Prasad 5320,ml_engineer,Mid,mixed,deep learning|machine learning|python|pytorch|scikit-learn|statistics
Vikram Kapoor 5321,data_scientist,Intern,mixed,machine learning|sql|statistics|text classification
Nandini Tiwari,nlp_engineer,Mid,full,deep learning|natural language processing|python|pytorch|scikit-learn
Kiran Sharma,data_analyst,Senior,mixed,data analysis|excel|pandas|power bi|sql|tableau
Anjali Nair 5324,backend_developer,Intern,abbr,docker|git|postgresql|spring boot|sql
Farhan Desai 5325,frontend_developer,Mid,mixed,git|javascript|natural language processing|python|react
Divya Jain 5326,devops_engineer,Senior,mixed,ci/cd|cloud|data analysis|docker|git|java|kubernetes|linux
Arjun Saxena 5327,data_engineer,Mid,mixed,ci/cd|cloud|linux|pandas|postgresql|python|sql
Anjali Hegde,ml_engineer,Senior,full,deep learning|machine learning|python|pytorch|scikit-learn|tensorflow
Yamini Krishnan 5329,data_scientist,Senior,abbr,data analysis|docker|html/css|machine learning|pandas|python|sql|statistics
Charu Ghosh 5330,nlp_engineer,Intern,full,deep learning|docker|git|natural language processing|python
Ritu Reddy,data_analyst,Junior,mixed,data analysis|excel|power bi|python|sql|statistics
Tarun Venkatesh 5332,backend_developer,Intern,mixed,java|linux|mongodb|pandas|spring boot|sql
Vishal Tiwari 5333,frontend_developer,Mid,full,deep learning|git|html/css|javascript
Manish Dubey,devops_engineer,Junior,abbr,cloud|docker|git|java|kubernetes|linux|statistics
Anjali Kulkarni,data_engineer,Senior,abbr,ci/cd|cloud|docker|postgresql|python|sql
Zoya Kaur,ml_engineer,Mid,mixed,deep learning|machine learning|python|pytorch|scikit-learn
Aarav Kumar 5337,data_scientist,Mid,mixed,data analysis|deep learning|machine learning|python|sql|statistics
Ganesh Agarwal 5338,nlp_engineer,Mid,mixed,deep learning|natural language processing|python|pytorch
Divya Iyer 5339,data_analyst,Intern,abbr,excel|power bi|tableau
Sanjay Mehta,backend_developer,Intern,abbr,docker|kubernetes|rest api|spring boot|sql
Sahana Menon 5341,frontend_developer,Junior,full,git|javascript|postgresql|react
Manish Mehta 5342,devops_engineer,Mid,full,cloud|docker|git|kubernetes|linux|power bi|python
Ramya Nair 5343,data_engineer,Senior,full,cloud|docker|postgresql|python|sql
Nandini Menon 5344,ml_engineer,Senior,mixed,cloud|computer vision|deep learning|docker|machine learning|numpy|python|pytorch|scikit-learn|tensorflow
Abhay Chopra 5345,data_scientist,Mid,full,cloud|data analysis|docker|java|machine learning|numpy|python|scikit-learn|sql|statistics
Vidya Raghavan 5346,nlp_engineer,Senior,full,artificial intelligence|deep learning|docker|machine learning|natural language processing|python|pytorch|rest api|text classification
Aditi Ghosh 5347,data_analyst,Junior,full,excel|power bi|sql|tableau
Sonal Bhatt 5348,backend_developer,Senior,full,docker|java|postgresql|rest api|spring boot|sql
Ishaan Dubey 5349,frontend_developer,Intern,abbr,cloud|docker|javascript|postgresql|react
Aniket Mehta 5350,devops_engineer,Junior,abbr,artificial intelligence|cloud|deep learning|docker|kubernetes|linux
Charu Bhatt 5351,data_engineer,Intern,abbr,cloud|docker|python
Nikhil Verma 5352,ml_engineer,Junior,abbr,computer vision|deep learning|docker|python|pytorch|scikit-learn
Neha Naidu 5353,data_scientist,Mid,abbr,cloud|deep learning|machine learning|pandas|python|scikit-learn|sql|statistics
Bhavna Naidu 5354,nlp_engineer,Mid,mixed,deep learning|docker|javascript|natural language processing|numpy|python|react|scikit-learn|text classification
Rakesh Kapoor 5355,data_analyst,Mid,mixed,data analysis|postgresql|power bi|python|sql|tableau
Aniket Pillai 5356,backend_developer,Junior,full,docker|java|postgresql|python|rest api|spring boot
Gaurav Subramanian 5357,frontend_developer,Intern,mixed,git|html/css|java|kubernetes
Ravi Nambiar 5358,devops_engineer,Junior,mixed,ci/cd|cloud|java|kubernetes|linux
Rakesh Kumar,data_engineer,Senior,mixed,ci/cd|cloud|docker|linux|postgresql|python|sql
Sameer Iyer 5360,ml_engineer,Intern,full,deep learning|numpy|python|pytorch|sql
Uma Agarwal 5361,data_scientist,Mid,full,data analysis|machine learning|numpy|python|scikit-learn|sql|statistics
Varun Gupta 5362,nlp_engineer,Junior,full,deep learning|natural language processing|python|pytorch|scikit-learn
Sanjay Hegde 5363,data_analyst,Junior,full,data analysis|deep learning|pandas|power bi|python|sql|tableau
Kabir Kaur 5364,backend_developer,Junior,abbr,java|postgresql|spring boot|sql
Abhay Singh 5365,frontend_developer,Junior,mixed,git|html/css|react
Charu Ghosh 5366,devops_engineer,Intern,abbr,ci/cd|docker|kubernetes
Pooja Bhatt,data_engineer,Intern,full,docker|postgresql|python
Sneha Joshi 5368,ml_engineer,Senior,full,cloud|computer vision|deep learning|docker|machine learning|pandas|python|pytorch|scikit-learn|sql|tensorflow
Sneha Chandran 5369,data_scientist,Intern,full,data analysis|machine learning|python|text classification
Pallavi Nambiar 5370,nlp_engineer,Junior,abbr,deep learning|mongodb|natural language processing|numpy|postgresql|pytorch|text classification
Omkar Saxena 5371,data_analyst,Senior,abbr,data analysis|docker|excel|kubernetes|power bi|python|sql|tableau
Kavya Sharma 5372,backend_developer,Intern,full,java|linux|mongodb|pytorch|scikit-learn|spring boot|sql
Siddharth Sharma 5373,frontend_developer,Junior,full,html/css|javascript|react
Sneha Raghavan 5374,devops_engineer,Junior,mixed,ci/cd|cloud|docker|git|kubernetes|python
Vidya Hegde 5375,data_engineer,Intern,mixed,cloud|docker|kubernetes|mongodb|python
Jatin Raghavan 5376,ml_engineer,Mid,abbr,computer vision|deep learning|docker|machine learning|pandas|python|scikit-learn|sql|tensorflow
Suresh Deshpande 5377,data_scientist,Intern,full,cloud|machine learning|python|scikit-learn|sql
Gaurav Iyer 5378,nlp_engineer,Mid,full,deep learning|natural language processing|pandas|python|pytorch
Lalita Dubey 5379,data_analyst,Intern,full,power bi|sql|tableau
Varun Gupta 5380,backend_developer,Intern,mixed,java|linux|mongodb|rest api|spring boot
Madhav Desai 5381,frontend_developer,Intern,full,docker|javascript|python|react
Divya Gupta 5382,devops_engineer,Junior,mixed,cloud|docker|java|kubernetes|linux
Hema Chandran 5383,data_engineer,Senior,mixed,ci/cd|cloud|docker|kubernetes|postgresql|python|sql
Ritu Agarwal 5384,ml_engineer,Junior,mixed,deep learning|machine learning|python|tensorflow
Priya Kumar 5385,data_scientist,Intern,mixed,data analysis|pandas|python|scikit-learn
Priya Desai 5386,nlp_engineer,Junior,mixed,deep learning|docker|javascript|machine learning|natural language processing|node.js|python|text classification
Trisha Nambiar 5387,data_analyst,Mid,mixed,data analysis|excel|postgresql|power bi|sql
Tanvi Kapoor 5388,backend_developer,Intern,mixed,cloud|git|linux|postgresql|rest api|sql
Aniket Iyer,frontend_developer,Mid,abbr,docker|git|html/css|node.js|react
Parvati Pillai,devops_engineer,Senior,abbr,ci/cd|cloud|docker|kubernetes|linux|postgresql|statistics
Deepa Kumar 5391,data_engineer,Intern,full,cloud|deep learning|docker|numpy|sql
Rhea Iyer 5392,ml_engineer,Junior,full,deep learning|docker|machine learning|scikit-learn|statistics|tensorflow
Ganesh Subramanian,data_scientist,Senior,abbr,data analysis|machine learning|pandas|python|sql|statistics
Bhargav Pillai 5394,nlp_engineer,Junior,full,artificial intelligence|cloud|deep learning|machine learning|natural language processing|python|pytorch
Yash Venkatesh 5395,data_analyst,Junior,full,excel|git|power bi|python|sql|statistics|tableau
Suresh Iyer 5396,backend_developer,Senior,full,java|postgresql|rest api|spring boot|sql
Divya Jain 5397,frontend_developer,Mid,abbr,git|html/css|javascript|node.js|power bi|rest api|statistics
Swathi Krishnan 5398,devops_engineer,Mid,abbr,ci/cd|docker|kubernetes|linux
Pranav Joshi 5399,data_engineer,Senior,mixed,cloud|docker|kubernetes|mongodb|pandas|postgresql|python|sql
Aditi Naidu 5400,ml_engineer,Junior,full,cloud|deep learning|natural language processing|pytorch|scikit-learn|statistics|tensorflow
Rhea Rao 5401,data_scientist,Mid,full,data analysis|machine learning|python|scikit-learn|sql|statistics|tableau|text classification
Yash Bhatt 5402,nlp_engineer,Mid,mixed,artificial intelligence|deep learning|docker|natural language processing|pytorch|text classification
Tanvi Chandran 5403,data_analyst,Intern,mixed,data analysis|power bi|sql
Deepa Chandran 5404,backend_developer,Junior,mixed,git|java|rest api|spring boot|sql
Parvati Desai,frontend_developer,Mid,full,html/css|javascript|node.js|numpy|react|sql
Ramya Menon 5406,devops_engineer,Junior,mixed,cloud|docker|kubernetes|linux|postgresql|python
Ganesh Sharma 5407,data_engineer,Intern,abbr,docker|kubernetes|python|sql
Bhavna Prasad 5408,ml_engineer,Intern,abbr,pandas|python|pytorch|sql|statistics|tensorflow
Varun Venkatesh 5409,data_scientist,Senior,mixed,cloud|data analysis|machine learning|pandas|python|scikit-learn|sql|statistics
Sanjay Varma 5410,nlp_engineer,Mid,mixed,deep learning|natural language processing|python|pytorch
Aarav Mehta 5411,data_analyst,Senior,full,data analysis|excel|postgresql|power bi|python|sql|tableau
Vishal Subramanian 5412,backend_developer,Intern,mixed,docker|linux|postgresql|rest api|sql
Kavya Kumar 5413,frontend_developer,Intern,full,docker|javascript|react
Yash Saxena 5414,devops_engineer,Intern,abbr,ci/cd|docker|linux|python
Rohan Malhotra 5415,data_engineer,Junior,mixed,cloud|docker|postgresql|python
Rohan Mehta 5416,ml_engineer,Mid,mixed,cloud|data analysis|deep learning|docker|excel|natural language processing|python|pytorch|scikit-learn|statistics|tensorflow
Sneha Iyer 5417,data_scientist,Mid,mixed,data analysis|pandas|python|sql|statistics
Lakshmi Nambiar 5418,nlp_engineer,Senior,mixed,cloud|deep learning|natural language processing|python|pytorch|text classification
Neha Gupta,data_analyst,Mid,abbr,data analysis|postgresql|power bi|sql|statistics|tableau
Sameer Malhotra 5420,backend_developer,Mid,mixed,docker|java|postgresql|rest api|spring boot
Hema Dubey 5421,frontend_developer,Intern,abbr,ci/cd|docker|html/css|python|react
Anjali Krishnan 5422,devops_engineer,Junior,abbr,ci/cd|cloud|docker|linux|postgresql
Deepa Gupta 5423,data_engineer,Intern,full,docker|python|sql
Kavya Pillai 5424,ml_engineer,Intern,mixed,java|numpy|python|scikit-learn|tensorflow
Bhavna Nair,data_scientist,Junior,mixed,deep learning|kubernetes|pandas|power bi|python|scikit-learn|sql|statistics
Pranav Kumar 5426,nlp_engineer,Mid,abbr,natural language processing|postgresql|python|pytorch|tableau|text classification
Varun Raghavan 5427,data_analyst,Intern,full,data analysis|excel|git|java|pandas|power bi
Suresh Kumar 5428,backend_developer,Senior,full,java|postgresql|rest api|spring boot|sql
Bhargav Sharma 5429,frontend_developer,Intern,abbr,data analysis|git|javascript|machine learning
Deepa Malhotra 5430,devops_engineer,Intern,full,cloud|kubernetes|linux|sql
Aarav Hegde 5431,data_engineer,Intern,full,docker|python|sql
Vidya Raghavan 5432,ml_engineer,Senior,full,cloud|computer vision|deep learning|machine learning|python|pytorch|scikit-learn|sql|tensorflow
Esha Raghavan,data_scientist,Intern,abbr,python|scikit-learn|sql|statistics
Vishal Kaur 5434,nlp_engineer,Mid,abbr,computer vision|deep learning|python|pytorch|text classification
Trisha Chopra,data_analyst,Intern,full,data analysis|excel|linux|postgresql|sql
Darshan Ghosh 5436,backend_developer,Junior,mixed,java|mongodb|postgresql|rest api|sql
Indira Krishnan 5437,frontend_developer,Senior,mixed,docker|git|html/css|javascript|react
Aditi Malhotra 5438,devops_engineer,Senior,mixed,ci/cd|cloud|docker|kubernetes|linux
Vikram Nair 5439,data_engineer,Intern,full,docker|postgresql|python
Sonal Reddy 5440,ml_engineer,Senior,abbr,deep learning|machine learning|pandas|python|pytorch|scikit-learn|sql|statistics|tensorflow
Meera Nambiar 5441,data_scientist,Mid,full,data analysis|machine learning|pandas|python|statistics|tableau
Hema Agarwal 5442,nlp_engineer,Senior,mixed,deep learning|natural language processing|python|pytorch|scikit-learn|text classification
Lalita Kulkarni 5443,data_analyst,Senior,mixed,data analysis|excel|postgresql|power bi|sql|statistics|tableau
Dhruv Jain 5444,backend_developer,Mid,mixed,computer vision|deep learning|mongodb|postgresql|rest api|spring boot|sql
Naveen Subramanian 5445,frontend_developer,Junior,mixed,git|html/css|numpy|react|sql
Trisha Menon 5446,devops_engineer,Senior,abbr,ci/cd|cloud|docker|git|kubernetes|linux|postgresql|sql
Farhan Deshpande 5447,data_engineer,Mid,abbr,cloud|docker|kubernetes|linux|mongodb|postgresql|sql
Vinay Rao 5448,ml_engineer,Mid,abbr,deep learning|machine learning|natural language processing|python|pytorch|scikit-learn
Farhan Malhotra 5449,data_scientist,Intern,mixed,data analysis|pandas|python|scikit-learn
Kabir Iyer 5450,nlp_engineer,Junior,abbr,deep learning|docker|machine learning|natural language processing|python|scikit-learn|text classification
Indira Shetty 5451,data_analyst,Intern,full,data analysis|excel|sql
Ganesh Varma 5452,backend_developer,Junior,full,postgresql|python|rest api|spring boot|sql
Rahul Bhatt 5453,frontend_developer,Mid,mixed,docker|git|javascript|postgresql|react
Qamar Agarwal 5454,devops_engineer,Mid,mixed,ci/cd|cloud|kubernetes|linux
Trisha Singh 5455,data_engineer,Mid,mixed,ci/cd|cloud|docker|kubernetes|postgresql|python
Mohit Kaur 5456,ml_engineer,Senior,abbr,deep learning|machine learning|natural language processing|pandas|python|pytorch|scikit-learn|sql|tensorflow
Rajesh Nambiar 5457,data_scientist,Senior,full,cloud|data analysis|excel|machine learning|numpy|pandas|python|sql|statistics|tableau|text classification
Priya Chandran 5458,nlp_engineer,Senior,mixed,deep learning|machine learning|natural language processing|python|pytorch|text classification
Pallavi Shetty,data_analyst,Mid,abbr,excel|power bi|python|sql|tableau
Divya Jain 5460,backend_developer,Mid,mixed,git|java|postgresql|react|rest api|spring boot|sql
Ritu Venkatesh 5461,frontend_developer,Intern,abbr,git|react
Lakshmi Deshpande 5462,devops_engineer,Intern,abbr,ci/cd|cloud|java|linux
Jaya Kaur 5463,data_engineer,Intern,abbr,cloud|docker|java|linux|postgresql
Suresh Kumar 5464,ml_engineer,Mid,mixed,deep learning|machine learning|python|pytorch|scikit-learn|tensorflow
Rahul Krishnan 5465,data_scientist,Intern,abbr,cloud|pandas|sql|statistics
Vishal Nambiar 5466,nlp_engineer,Junior,full,ci/cd|cloud|git|machine learning|natural language processing|python|pytorch|text classification
Pallavi Gupta 5467,data_analyst,Intern,mixed,data analysis|power bi|python|sql
Abhay Malhotra 5468,backend_developer,Junior,full,java|postgresql|spring boot|sql
Qamar Krishnan 5469,frontend_developer,Mid,full,docker|git|javascript|react|rest api
Gaurav Joshi 5470,devops_engineer,Intern,mixed,cloud|docker|java|kubernetes|linux|mongodb
Abhay Tiwari 5471,data_engineer,Mid,mixed,cloud|docker|kubernetes|pandas|postgresql|sql
Naveen Prasad 5472,ml_engineer,Junior,mixed,cloud|deep learning|python|pytorch|tensorflow
Anjali Krishnan 5473,data_scientist,Mid,full,cloud|data analysis|machine learning|numpy|postgresql|python|sql|statistics
Suresh Dubey,nlp_engineer,Intern,abbr,artificial intelligence|deep learning|natural language processing|python|scikit-learn
Swathi Hegde 5475,data_analyst,Senior,abbr,data analysis|excel|natural language processing|power bi|sql|tableau|tensorflow
Rahul Raghavan 5476,backend_developer,Mid,abbr,postgresql|rest api|spring boot|sql|tableau
Rahul Subramanian 5477,frontend_developer,Intern,full,javascript|react
Pallavi Ghosh 5478,devops_engineer,Intern,mixed,ci/cd|cloud|linux|text classification
Aarav Ghosh 5479,data_engineer,Junior,abbr,ci/cd|cloud|docker|mongodb|postgresql|sql
Abhay Bhatt 5480,ml_engineer,Mid,abbr,machine learning|python|pytorch|scikit-learn|statistics|tensorflow
Suresh Joshi 5481,data_scientist,Mid,abbr,data analysis|machine learning|python|sql|statistics
Tanvi Mehta,nlp_engineer,Junior,full,artificial intelligence|deep learning|docker|python|pytorch|text classification
Ganesh Deshpande 5483,data_analyst,Mid,full,data analysis|excel|postgresql|power bi|sql|statistics|tableau
Vishal Verma 5484,backend_developer,Junior,mixed,java|kubernetes|postgresql|python|rest api|sql
Aarav Sharma 5485,frontend_developer,Mid,abbr,git|javascript|react|rest api
Pranav Bhatt 5486,devops_engineer,Intern,mixed,ci/cd|cloud|data analysis|linux|python|tableau
Charu Chopra 5487,data_engineer,Senior,mixed,cloud|docker|postgresql|python|sql
Rhea Nair 5488,ml_engineer,Junior,abbr,deep learning|docker|natural language processing|python|pytorch|scikit-learn
Zoya Pillai,data_scientist,Senior,abbr,data analysis|machine learning|pandas|python|sql|statistics|tableau
Zoya Desai 5490,nlp_engineer,Mid,full,artificial intelligence|cloud|deep learning|docker|machine learning|natural language processing|pandas|python|text classification
Bhavna Balan 5491,data_analyst,Junior,full,data analysis|excel|mongodb|pandas|postgresql|rest api|sql|tableau
Kiran Agarwal 5492,backend_developer,Senior,full,docker|git|java|linux|postgresql|python|rest api|spring boot|sql
Aditi Ghosh 5493,frontend_developer,Mid,mixed,html/css|javascript|react
Kabir Varma 5494,devops_engineer,Junior,full,ci/cd|docker|git|java|kubernetes|linux
Suresh Shetty 5495,data_engineer,Senior,abbr,cloud|docker|postgresql|python|sql
Rohan Venkatesh,ml_engineer,Junior,mixed,ci/cd|computer vision|docker|linux|machine learning|python|pytorch|sql|tensorflow
Bhavna Pillai 5497,data_scientist,Mid,abbr,data analysis|machine learning|pandas|sql|statistics
Akash Malhotra 5498,nlp_engineer,Intern,full,natural language processing|python|text classification
Rakesh Gupta 5499,data_analyst,Junior,mixed,excel|natural language processing|power bi|python|sql|statistics|tableau
Pallavi Naidu 5500,backend_developer,Senior,mixed,java|postgresql|python|rest api|spring boot|sql
Parvati Deshpande 5501,frontend_developer,Intern,full,git|node.js|python|react
Esha Nair 5502,devops_engineer,Junior,mixed,ci/cd|cloud|deep learning|docker|linux|postgresql|statistics
Rajesh Rao 5503,data_engineer,Senior,mixed,ci/cd|cloud|docker|linux|pandas|postgresql|python|sql
Sonal Rao 5504,ml_engineer,Mid,abbr,computer vision|machine learning|numpy|python|pytorch|scikit-learn|sql|statistics|tensorflow
Rakesh Patel 5505,data_scientist,Junior,mixed,data analysis|pandas|python|sql
Indira Joshi 5506,nlp_engineer,Intern,mixed,artificial intelligence|docker|postgresql|python|pytorch|text classification
Ramya Nambiar 5507,data_analyst,Junior,full,data analysis|excel|postgresql|power bi|sql
Vidya Agarwal 5508,backend_developer,Intern,abbr,kubernetes|postgresql|python|rest api|spring boot
Abhay Nair 5509,frontend_developer,Intern,abbr,docker|git|html/css
Jaya Malhotra 5510,devops_engineer,Intern,abbr,cloud|docker|linux|tableau
Qamar Chandran 5511,data_engineer,Senior,mixed,ci/cd|cloud|docker|kubernetes|mongodb|postgresql|python|spring boot|sql
Charu Tiwari 5512,ml_engineer,Mid,mixed,cloud|deep learning|docker|machine learning|pandas|python|pytorch|scikit-learn|statistics
Siddharth Iyer 5513,data_scientist,Mid,mixed,cloud|data analysis|numpy|pandas|python|sql|statistics|text classification
Meera Chandran 5514,nlp_engineer,Senior,abbr,deep learning|natural language processing|python|pytorch|text classification
Suresh Nair 5515,data_analyst,Senior,mixed,data analysis|excel|pandas|power bi|python|sql|tableau
Divya Iyer 5516,backend_developer,Mid,abbr,linux|mongodb|postgresql|rest api|spring boot|sql|tableau
Vikram Naidu 5517,frontend_developer,Junior,mixed,git|html/css|javascript
Trisha Nambiar 5518,devops_engineer,Intern,mixed,ci/cd|docker|linux
Vishal Rao 5519,data_engineer,Junior,full,cloud|machine learning|postgresql|python|scikit-learn|sql
Vinay Bhatt 5520,ml_engineer,Junior,abbr,cloud|docker|machine learning|pandas|python|pytorch|tensorflow
Suresh Patel 5521,data_scientist,Junior,full,data analysis|machine learning|pandas|power bi|statistics
Jatin Gupta 5522,nlp_engineer,Junior,full,artificial intelligence|deep learning|docker|natural language processing|python|pytorch
Siddharth Raghavan 5523,data_analyst,Intern,mixed,excel|power bi|sql
Uma Prasad 5524,backend_developer,Junior,mixed,ci/cd|docker|git|java|postgresql|rest api|sql
Aditi Dubey 5525,frontend_developer,Intern,mixed,git|html/css|node.js|postgresql
Aniket Kaur 5526,devops_engineer,Mid,full,ci/cd|cloud|docker|java|kubernetes|linux|postgresql
Yash Sharma 5527,data_engineer,Junior,mixed,cloud|docker|mongodb|postgresql|python|sql
Pranav Krishnan 5528,ml_engineer,Senior,abbr,deep learning|docker|machine learning|python|pytorch|scikit-learn|tensorflow
Pranav Rao,data_scientist,Senior,abbr,data analysis|javascript|machine learning|pandas|python|react|scikit-learn|sql|statistics|text classification
Sanjay Sharma 5530,nlp_engineer,Intern,abbr,linux|natural language processing|python|pytorch
Tarun Mehta,data_analyst,Intern,mixed,excel|pandas|power bi|sql
Sanjay Kumar 5532,backend_developer,Senior,mixed,git|java|postgresql|rest api|spring boot|sql
Ishaan Kumar 5533,frontend_developer,Mid,mixed,docker|html/css|javascript|react|rest api
Rahul Malhotra,devops_engineer,Intern,full,cloud|computer vision|docker|kubernetes|scikit-learn
Naveen Sharma 5535,data_engineer,Mid,full,cloud|docker|kubernetes|pandas|python|sql
Sanjay Kumar 5536,ml_engineer,Intern,full,cloud|deep learning|numpy|python|tensorflow
Esha Raghavan 5537,data_scientist,Intern,abbr,machine learning|python|sql|text classification
Mohit Gupta 5538,nlp_engineer,Intern,mixed,natural language processing|numpy|python|pytorch|text classification
Ravi Reddy 5539,data_analyst,Junior,full,data analysis|excel|numpy|pandas|power bi|sql
Siddharth Kaur 5540,backend_developer,Senior,mixed,java|kubernetes|postgresql|rest api|spring boot|sql
Kiran Nair 5541,frontend_developer,Junior,mixed,git|javascript|react|rest api
Aditi Naidu 5542,devops_engineer,Junior,mixed,ci/cd|cloud|docker|java|kubernetes|python
Kavya Jain,data_engineer,Senior,abbr,cloud|docker|postgresql|python|sql
Ishaan Sharma 5544,ml_engineer,Senior,mixed,deep learning|machine learning|python|pytorch|scikit-learn|tensorflow
Suresh Joshi 5545,data_scientist,Senior,mixed,data analysis|machine learning|pandas|python|sql|statistics|text classification
Sneha Sharma 5546,nlp_engineer,Junior,mixed,deep learning|natural language processing|python|tensorflow|text classification
Tanvi Prasad 5547,data_analyst,Intern,mixed,excel|power bi|statistics|tableau
Lakshmi Patel 5548,backend_developer,Mid,abbr,docker|java|numpy|postgresql|rest api|sql
Nikhil Desai 5549,frontend_developer,Intern,full,docker|html/css|javascript|pandas
Sameer Agarwal 5550,devops_engineer,Mid,abbr,cloud|docker|git|html/css|javascript|kubernetes|linux
Suresh Verma 5551,data_engineer,Junior,full,cloud|docker|kubernetes|natural language processing|python|sql
Zoya Raghavan,ml_engineer,Senior,full,deep learning|machine learning|python|pytorch|scikit-learn|sql|tensorflow
Deepa Reddy 5553,data_scientist,Mid,full,cloud|data analysis|deep learning|pandas|python|scikit-learn|sql|statistics
Chetan Balan 5554,nlp_engineer,Intern,mixed,natural language processing|postgresql|pytorch|scikit-learn|text classification
Darshan Krishnan 5555,data_analyst,Intern,mixed,excel|power bi|sql
Sameer Agarwal 5556,backend_developer,Mid,abbr,docker|git|java|postgresql|python|rest api|sql
Priya Prasad 5557,frontend_developer,Intern,full,docker|git|html/css|postgresql
Udhav Krishnan,devops_engineer,Mid,full,ci/cd|cloud|java|kubernetes|linux|python
Hema Pillai 5559,data_engineer,Senior,mixed,cloud|docker|mongodb|natural language processing|pandas|postgresql|python|sql
Pallavi Dubey 5560,ml_engineer,Junior,abbr,deep learning|pandas|python|pytorch|scikit-learn|sql
Kavya Malhotra 5561,data_scientist,Senior,full,data analysis|machine learning|numpy|pandas|python|sql|statistics
Indira Pillai 5562,nlp_engineer,Junior,full,deep learning|docker|python|pytorch|text classification
Ananya Joshi 5563,data_analyst,Senior,abbr,data analysis|excel|pandas|power bi|sql|tableau
Rhea Desai 5564,backend_developer,Junior,mixed,docker|java|mongodb|postgresql|rest api|sql
Nikhil Dubey 5565,frontend_developer,Junior,abbr,html/css|javascript|react|rest api
Vinay Gupta 5566,devops_engineer,Intern,full,ci/cd|kubernetes|linux|statistics|tableau
Nisha Raghavan 5567,data_engineer,Mid,mixed,cloud|docker|postgresql|sql
Vinay Singh 5568,ml_engineer,Intern,mixed,docker|machine learning|numpy|pandas|python|tensorflow
Yamini Malhotra,data_scientist,Mid,mixed,data analysis|machine learning|python|scikit-learn|sql|statistics
Nisha Shetty 5570,nlp_engineer,Intern,abbr,cloud|deep learning|natural language processing|text classification
Aniket Malhotra 5571,data_analyst,Intern,full,excel|power bi|sql
Harini Kumar 5572,backend_developer,Junior,mixed,java|linux|mongodb|rest api|spring boot|sql
Chetan Prasad 5573,frontend_developer,Intern,abbr,docker|html/css|python|react
Zoya Desai 5574,devops_engineer,Mid,mixed,ci/cd|docker|java|kubernetes|linux|postgresql
Rhea Naidu 5575,data_engineer,Intern,full,ci/cd|docker|postgresql|sql
Charu Ghosh 5576,ml_engineer,Senior,abbr,deep learning|machine learning|python|pytorch|scikit-learn|tensorflow
Nikhil Krishnan 5577,data_scientist,Junior,mixed,data analysis|deep learning|machine learning|numpy|pandas|power bi|pytorch|statistics
Suresh Agarwal,nlp_engineer,Intern,abbr,artificial intelligence|natural language processing|python|pytorch
Ganesh Prasad 5579,data_analyst,Intern,full,data analysis|sql|tableau
Yash Sharma 5580,backend_developer,Intern,abbr,java|rest api|spring boot
Nikhil Shetty,frontend_developer,Senior,mixed,docker|git|html/css|javascript|react
Esha Nair 5582,devops_engineer,Senior,mixed,ci/cd|cloud|docker|git|kubernetes|linux|postgresql|text classification
Siddharth Jain 5583,data_engineer,Junior,mixed,cloud|docker|linux|postgresql|python
Swathi Krishnan 5584,ml_engineer,Senior,mixed,deep learning|machine learning|pandas|python|pytorch|scikit-learn|sql|tensorflow
Bhavna Gupta 5585,data_scientist,Junior,mixed,data analysis|machine learning|pandas|sql
Zoya Kaur 5586,nlp_engineer,Senior,full,artificial intelligence|deep learning|docker|git|machine learning|natural language processing|python|pytorch|text classification
Swathi Naidu 5587,data_analyst,Senior,full,data analysis|excel|power bi|python|sql|tableau
Madhav Chandran,backend_developer,Senior,mixed,java|pandas|postgresql|python|rest api|spring boot|sql
Rakesh Menon 5589,frontend_developer,Intern,abbr,html/css|javascript|postgresql|tableau
Bhavna Gupta 5590,devops_engineer,Mid,mixed,ci/cd|cloud|docker|linux|spring boot
Farhan Reddy 5591,data_engineer,Junior,mixed,cloud|docker|kubernetes|pandas|postgresql|python
Nikhil Varma 5592,ml_engineer,Intern,abbr,deep learning|pandas|python|pytorch
Nikhil Menon,data_scientist,Intern,mixed,machine learning|pandas|pytorch|statistics
Pranav Desai,nlp_engineer,Junior,abbr,deep learning|docker|machine learning|natural language processing|python|scikit-learn|text classification
Rajesh Kumar 5595,data_analyst,Intern,full,data analysis|power bi|sql
Rahul Sharma 5596,backend_developer,Junior,full,docker|kubernetes|mongodb|postgresql|python|rest api|spring boot|sql
Mohit Raghavan 5597,frontend_developer,Senior,abbr,docker|git|html/css|javascript|node.js|react
Kavya Chandran 5598,devops_engineer,Mid,mixed,ci/cd|cloud|kubernetes|linux
Sanjay Agarwal 5599,data_engineer,Junior,abbr,cloud|docker|postgresql|python|sql
Neha Naidu 5600,ml_engineer,Junior,full,computer vision|docker|pandas|python|pytorch|scikit-learn|tensorflow
Arjun Naidu 5601,data_scientist,Mid,abbr,data analysis|deep learning|machine learning|pandas|power bi|python|sql|tableau|text classification
Sonal Shetty 5602,nlp_engineer,Junior,abbr,cloud|deep learning|docker|python|pytorch|text classification
Suresh Gupta 5603,data_analyst,Senior,full,artificial intelligence|data analysis|excel|postgresql|power bi|python|sql|tableau
Ananya Nambiar 5604,backend_developer,Senior,full,docker|java|kubernetes|mongodb|postgresql|rest api|spring boot|sql
Pallavi Kulkarni,frontend_developer,Intern,mixed,git|html/css
Ananya Agarwal 5606,devops_engineer,Senior,full,ci/cd|cloud|docker|git|kubernetes|linux|python
Pallavi Varma 5607,data_engineer,Mid,abbr,cloud|docker|mongodb|pandas|postgresql|sql
Gaurav Gupta 5608,ml_engineer,Senior,mixed,computer vision|deep learning|docker|machine learning|python|pytorch|scikit-learn|tensorflow
Sneha Shetty 5609,data_scientist,Mid,full,cloud|data analysis|numpy|pandas|python|sql|statistics|tableau|text classification
Sahana Malhotra,nlp_engineer,Senior,full,cloud|deep learning|docker|natural language processing|numpy|pandas|python|pytorch|scikit-learn|text classification
Harini Nambiar 5611,data_analyst,Junior,abbr,excel|pandas|power bi|python|sql|tableau
Vinay Naidu 5612,backend_developer,Intern,abbr,data analysis|mongodb|python|rest api|spring boot|sql
Aarav Saxena 5613,frontend_developer,Senior,mixed,docker|git|html/css|javascript|pandas|react|rest api|sql
Ananya Kaur 5614,devops_engineer,Junior,mixed,ci/cd|cloud|kubernetes|linux|postgresql|python
Vishal Shetty 5615,data_engineer,Intern,mixed,cloud|linux|pandas|postgresql|scikit-learn|sql
Manish Verma 5616,ml_engineer,Junior,full,deep learning|machine learning|python|pytorch
Manish Gupta 5617,data_scientist,Intern,full,data analysis|sql|statistics
Priya Patel 5618,nlp_engineer,Senior,full,deep learning|docker|natural language processing|python|pytorch|text classification
Sameer Sharma,data_analyst,Mid,mixed,data analysis|linux|power bi|python|sql|tableau
Nandini Nair,backend_developer,Intern,abbr,docker|mongodb|postgresql|spring boot|sql
Ganesh Nambiar 5621,frontend_developer,Junior,full,git|html/css|react
Sonal Venkatesh 5622,devops_engineer,Senior,full,ci/cd|cloud|docker|kubernetes|linux|python
Swathi Naidu 5623,data_engineer,Junior,mixed,ci/cd|cloud|docker|mongodb|postgresql|python
Manish Varma 5624,ml_engineer,Junior,mixed,deep learning|numpy|pytorch|scikit-learn|tensorflow
Lalita Reddy 5625,data_scientist,Junior,mixed,cloud|data analysis|machine learning|pandas|python|tableau
Varun Singh,nlp_engineer,Junior,mixed,deep learning|natural language processing|python|pytorch
Abhay Tiwari 5627,data_analyst,Senior,mixed,data analysis|excel|kubernetes|pandas|postgresql|power bi|python|sql|tableau
Naveen Varma 5628,backend_developer,Intern,mixed,linux|postgresql|rest api|sql
Varun Tiwari 5629,frontend_developer,Intern,full,data analysis|git|javascript
Hema Balan 5630,devops_engineer,Junior,abbr,ci/cd|cloud|java|kubernetes|linux
Kavya Reddy 5631,data_engineer,Senior,abbr,ci/cd|cloud|docker|postgresql|python|sql
Deepa Mehta 5632,ml_engineer,Mid,abbr,deep learning|machine learning|pytorch|scikit-learn|tensorflow
Swathi Gupta,data_scientist,Intern,abbr,data analysis|docker|pandas|power bi|python
Dhruv Venkatesh,nlp_engineer,Intern,full,artificial intelligence|deep learning|docker|excel|python|text classification
Kavya Jain 5635,data_analyst,Intern,full,data analysis|excel|tableau
Ganesh Chopra 5636,backend_developer,Intern,full,java|kubernetes|postgresql|python|sql
Pooja Singh 5637,frontend_developer,Intern,mixed,git|html/css
Vinay Joshi 5638,devops_engineer,Senior,mixed,ci/cd|cloud|docker|git|kubernetes|linux|postgresql
Sameer Kulkarni 5639,data_engineer,Intern,abbr,cloud|postgresql|python
Qamar Kapoor 5640,ml_engineer,Intern,full,machine learning|python|pytorch
Suresh Menon 5641,data_scientist,Junior,mixed,data analysis|deep learning|pandas|python|scikit-learn|sql|tableau
Siddharth Mehta 5642,nlp_engineer,Senior,mixed,cloud|deep learning|machine learning|natural language processing|numpy|python|pytorch|scikit-learn|text classification
Charu Verma 5643,data_analyst,Junior,mixed,data analysis|excel|sql|tableau
Sneha Singh 5644,backend_developer,Mid,full,postgresql|python|rest api|spring boot|sql
Kiran Pillai 5645,frontend_developer,Senior,abbr,git|html/css|javascript|react
Abhay Nair 5646,devops_engineer,Junior,mixed,ci/cd|cloud|docker|kubernetes|postgresql
Naveen Gupta 5647,data_engineer,Junior,abbr,docker|kubernetes|mongodb|pandas|postgresql|python|sql
Pranav Hegde 5648,ml_engineer,Junior,mixed,machine learning|python|scikit-learn|tensorflow
Abhay Joshi 5649,data_scientist,Senior,full,cloud|data analysis|machine learning|numpy|pandas|python|scikit-learn|sql|statistics|text classification
Lakshmi Saxena 5650,nlp_engineer,Junior,mixed,deep learning|docker|natural language processing|python|pytorch
Gaurav Malhotra 5651,data_analyst,Intern,full,data analysis|excel|pandas|react|rest api|sql
Abhay Singh 5652,backend_developer,Intern,abbr,postgresql|spring boot|sql
Trisha Verma,frontend_developer,Senior,mixed,docker|git|html/css|javascript|node.js|react
Ritu Chopra 5654,devops_engineer,Junior,mixed,ci/cd|cloud|docker|kubernetes|postgresql
Sameer Malhotra 5655,data_engineer,Mid,full,cloud|linux|postgresql|python|sql
Pranav Dubey 5656,ml_engineer,Senior,abbr,deep learning|machine learning|python|pytorch|scikit-learn|tensorflow
Tanvi Deshpande,data_scientist,Junior,abbr,data analysis|machine learning|python|statistics
Swathi Kapoor,nlp_engineer,Mid,mixed,computer vision|deep learning|natural language processing|python|text classification
Pooja Patel,data_analyst,Senior,mixed,data analysis|docker|excel|pandas|power bi|python|sql|tableau
Vikram Malhotra 5660,backend_developer,Senior,full,git|java|kubernetes|postgresql|python|rest api|spring boot|sql
Aniket Deshpande 5661,frontend_developer,Mid,full,git|html/css|node.js|react|rest api
Rhea Chandran 5662,devops_engineer,Junior,abbr,ci/cd|docker|kubernetes|linux
Ishaan Dubey 5663,data_engineer,Mid,full,cloud|docker|kubernetes|linux|postgresql|python
Sanjay Naidu 5664,ml_engineer,Junior,mixed,natural language processing|numpy|pandas|python|pytorch|scikit-learn|tensorflow
Vikram Tiwari 5665,data_scientist,Junior,full,cloud|data analysis|deep learning|machine learning|python|scikit-learn|sql
Jatin Dubey 5666,nlp_engineer,Junior,abbr,deep learning|natural language processing|python|pytorch|scikit-learn
Neha Kulkarni 5667,data_analyst,Senior,abbr,ci/cd|data analysis|excel|postgresql|power bi|python|sql|statistics|tableau
Anjali Subramanian 5668,backend_developer,Senior,abbr,git|java|postgresql|rest api|spring boot|sql
Arjun Reddy,frontend_developer,Junior,mixed,git|javascript|react
Sameer Gupta 5670,devops_engineer,Junior,abbr,cloud|docker|kubernetes|linux|mongodb|postgresql|python
Omkar Kapoor 5671,data_engineer,Senior,abbr,cloud|docker|postgresql|python|sql
Uma Rao 5672,ml_engineer,Mid,abbr,deep learning|machine learning|python|pytorch|scikit-learn
Kavya Raghavan 5673,data_scientist,Mid,full,data analysis|machine learning|numpy|python|sql|statistics
Nandini Hegde 5674,nlp_engineer,Junior,abbr,cloud|deep learning|java|machine learning|python|pytorch|rest api|scikit-learn|text classification
Mohit Joshi 5675,data_analyst,Mid,abbr,excel|power bi|python|sql|tableau
Ramya Rao,backend_developer,Intern,abbr,java|postgresql|spring boot
Uma Singh,frontend_developer,Senior,mixed,git|html/css|javascript|node.js|python|react|spring boot
Nikhil Jain 5678,devops_engineer,Intern,mixed,ci/cd|docker|linux|postgresql|rest api
Priya Balan 5679,data_engineer,Intern,abbr,cloud|docker|python
Gaurav Nambiar 5680,ml_engineer,Junior,abbr,cloud|deep learning|machine learning|pytorch|statistics|tensorflow
Indira Balan,data_scientist,Junior,mixed,machine learning|numpy|pandas|sql|statistics|tableau
Swathi Menon 5682,nlp_engineer,Senior,mixed,deep learning|machine learning|natural language processing|python|pytorch|text classification
Anjali Varma 5683,data_analyst,Mid,full,data analysis|postgresql|power bi|sql|tableau
Neha Naidu 5684,backend_developer,Senior,mixed,java|linux|machine learning|postgresql|rest api|spring boot|sql
Aniket Joshi 5685,frontend_developer,Junior,full,html/css|javascript|node.js|react
Suresh Krishnan,devops_engineer,Senior,full,ci/cd|cloud|docker|git|kubernetes|linux|pandas|postgresql
Priya Sharma 5687,data_engineer,Mid,full,cloud|deep learning|docker|linux|natural language processing|postgresql|sql
Akash Raghavan 5688,ml_engineer,Senior,mixed,cloud|deep learning|docker|machine learning|node.js|numpy|python|pytorch|scikit-learn|tensorflow
Bhargav Gupta,data_scientist,Mid,mixed,cloud|machine learning|pandas|python|scikit-learn|sql|statistics
Pallavi Balan,nlp_engineer,Intern,mixed,deep learning|docker|natural language processing|numpy|text classification
Vishal Dubey 5691,data_analyst,Intern,abbr,data analysis|deep learning|numpy|pandas|power bi|sql
Chetan Dubey 5692,backend_developer,Senior,mixed,java|postgresql|rest api|spring boot|sql
Pranav Reddy 5693,frontend_developer,Junior,mixed,ci/cd|docker|git|javascript|linux|react
Sanjay Kapoor 5694,devops_engineer,Junior,mixed,ci/cd|cloud|docker|git|linux|python
Zoya Singh,data_engineer,Junior,mixed,cloud|docker|kubernetes|pandas|postgresql|sql|tensorflow
Chetan Bhatt,ml_engineer,Junior,mixed,cloud|computer vision|natural language processing|numpy|python|pytorch|scikit-learn|tensorflow
Vidya Chandran 5697,data_scientist,Mid,mixed,machine learning|pandas|python|sql|statistics
Sanjay Kumar 5698,nlp_engineer,Mid,full,data analysis|deep learning|natural language processing|numpy|python|pytorch
Rhea Malhotra,data_analyst,Mid,full,data analysis|excel|postgresql|sql|tableau
Vidya Iyer 5700,backend_developer,Mid,abbr,machine learning|postgresql|rest api|scikit-learn|spring boot|sql
Ganesh Saxena 5701,frontend_developer,Junior,mixed,docker|git|javascript|mongodb|react
Madhav Dubey 5702,devops_engineer,Junior,full,ci/cd|cloud|docker|java|kubernetes|pandas|python
Meera Ghosh 5703,data_engineer,Mid,abbr,ci/cd|cloud|docker|linux|mongodb|postgresql|sql
Ramya Mehta 5704,ml_engineer,Senior,full,deep learning|docker|machine learning|python|pytorch|scikit-learn|sql|tensorflow
Indira Kapoor 5705,data_scientist,Senior,abbr,data analysis|machine learning|pandas|power bi|python|sql|statistics
Sonal Kapoor,nlp_engineer,Junior,full,deep learning|natural language processing|python|scikit-learn|text classification
Naveen Varma 5707,data_analyst,Mid,abbr,artificial intelligence|data analysis|deep learning|excel|pandas|python|sql|tableau
Sneha Balan 5708,backend_developer,Intern,full,java|mongodb|numpy|spring boot|sql
Suresh Chandran 5709,frontend_developer,Senior,abbr,git|html/css|javascript|node.js|react|rest api
Bhargav Gupta 5710,devops_engineer,Mid,abbr,cloud|deep learning|docker|java|kubernetes|linux|postgresql|tableau
Uma Tiwari 5711,data_engineer,Junior,abbr,cloud|docker|postgresql|sql
Naveen Kumar 5712,ml_engineer,Intern,full,deep learning|machine learning|pandas|statistics|tensorflow
Vidya Menon 5713,data_scientist,Junior,mixed,data analysis|machine learning|pandas|power bi|scikit-learn|sql
Pooja Krishnan 5714,nlp_engineer,Junior,abbr,deep learning|git|machine learning|natural language processing|python|text classification
Qamar Kulkarni 5715,data_analyst,Mid,mixed,data analysis|docker|excel|git|pandas|power bi|tableau
Parvati Kapoor,backend_developer,Senior,mixed,java|kubernetes|postgresql|rest api|spring boot|sql
Naveen Kaur,frontend_developer,Junior,mixed,git|html/css|react
Manish Rao,devops_engineer,Senior,abbr,ci/cd|cloud|docker|kubernetes|linux|postgresql|power bi|tableau
Esha Raghavan 5719,data_engineer,Intern,mixed,docker|postgresql|python
Pallavi Bhatt 5720,ml_engineer,Mid,abbr,cloud|computer vision|machine learning|numpy|python|pytorch|scikit-learn|statistics|tensorflow
Qamar Venkatesh 5721,data_scientist,Intern,abbr,deep learning|natural language processing|pandas|python|scikit-learn|sql
Mohit Dubey 5722,nlp_engineer,Senior,mixed,cloud|deep learning|machine learning|natural language processing|python|pytorch|scikit-learn|text classification
Aditi Rao 5723,data_analyst,Mid,abbr,data analysis|excel|mongodb|power bi|tableau
Aditi Dubey 5724,backend_developer,Intern,abbr,docker|java|python|rest api|sql
Bhargav Patel 5725,frontend_developer,Junior,abbr,git|javascript|node.js|react
Esha Desai 5726,devops_engineer,Junior,abbr,cloud|docker|kubernetes|linux
Mohit Shetty,data_engineer,Mid,abbr,cloud|kubernetes|linux|mongodb|numpy|postgresql|python|sql
Qamar Tiwari,ml_engineer,Intern,mixed,kubernetes|numpy|pandas|python|pytorch|scikit-learn
Sanjay Krishnan 5729,data_scientist,Senior,mixed,cloud|data analysis|machine learning|numpy|pandas|power bi|python|sql|statistics
Nisha Agarwal 5730,nlp_engineer,Mid,abbr,natural language processing|python|pytorch|text classification
Darshan Naidu 5731,data_analyst,Senior,mixed,data analysis|excel|pandas|postgresql|power bi|sql|tableau
Aditi Chopra 5732,backend_developer,Mid,full,postgresql|rest api|spring boot|sql
Nandini Verma 5733,frontend_developer,Junior,mixed,deep learning|git|html/css|natural language processing|react|rest api
Nisha Subramanian 5734,devops_engineer,Mid,abbr,cloud|docker|git|kubernetes|linux|postgresql|tableau
Naveen Tiwari 5735,data_engineer,Intern,full,docker|kubernetes|linux|postgresql|sql
Esha Hegde 5736,ml_engineer,Senior,abbr,computer vision|deep learning|machine learning|node.js|python|pytorch|react|scikit-learn|sql|tensorflow
Aditi Raghavan 5737,data_scientist,Junior,mixed,data analysis|machine learning|python|sql
Qamar Sharma 5738,nlp_engineer,Mid,mixed,artificial intelligence|docker|javascript|machine learning|natural language processing|numpy|python|pytorch|text classification
Divya Saxena 5739,data_analyst,Mid,full,data analysis|git|html/css|power bi|sql|statistics|tableau
Jaya Kapoor 5740,backend_developer,Junior,mixed,postgresql|rest api|spring boot|sql
Manish Kulkarni 5741,frontend_developer,Intern,mixed,git|javascript|power bi|scikit-learn
Gaurav Subramanian 5742,devops_engineer,Mid,abbr,ci/cd|cloud|deep learning|docker|linux|python
Ananya Joshi 5743,data_engineer,Junior,mixed,cloud|git|java|linux|postgresql|python|sql
Rhea Balan 5744,ml_engineer,Senior,full,cloud|deep learning|docker|machine learning|natural language processing|pandas|python|pytorch|scikit-learn|tensorflow
Pallavi Malhotra 5745,data_scientist,Junior,full,data analysis|power bi|python|sql|statistics|tableau
Priya Ghosh,nlp_engineer,Senior,mixed,cloud|deep learning|docker|machine learning|natural language processing|python|pytorch|text classification
Rakesh Hegde 5747,data_analyst,Senior,abbr,data analysis|excel|pandas|power bi|python|sql|tableau
Darshan Pillai 5748,backend_developer,Mid,full,git|postgresql|rest api|spring boot|sql
Divya Nambiar,frontend_developer,Intern,mixed,html/css|react|rest api
Tarun Pillai 5750,devops_engineer,Junior,mixed,ci/cd|cloud|docker|html/css|java|linux|postgresql|rest api
Manish Nambiar,data_engineer,Mid,abbr,cloud|deep learning|docker|natural language processing|python|sql
Chetan Chopra 5752,ml_engineer,Intern,mixed,cloud|deep learning|docker|pandas|pytorch|scikit-learn|sql
Mohit Gupta 5753,data_scientist,Senior,mixed,data analysis|machine learning|pandas|python|sql|statistics|tableau|text classification
Priya Balan 5754,nlp_engineer,Intern,mixed,natural language processing|python|text classification
Sneha Balan 5755,data_analyst,Senior,full,data analysis|excel|machine learning|power bi|sql|tableau
Arjun Nambiar 5756,backend_developer,Junior,abbr,git|java|kubernetes|linux|machine learning|postgresql|python|rest api|spring boot
Ravi Kumar 5757,frontend_developer,Junior,mixed,deep learning|git|javascript|pytorch|react
Nikhil Gupta 5758,devops_engineer,Junior,mixed,ci/cd|cloud|java|kubernetes|linux|python
Swathi Saxena 5759,data_engineer,Intern,abbr,cloud|postgresql|sql
Charu Varma 5760,ml_engineer,Mid,mixed,ci/cd|cloud|docker|machine learning|numpy|python|pytorch|scikit-learn|tensorflow
Kiran Saxena,data_scientist,Mid,abbr,data analysis|docker|machine learning|numpy|pandas|sql|statistics|text classification
Harini Deshpande 5762,nlp_engineer,Intern,full,machine learning|python|pytorch|scikit-learn|text classification
Arjun Kulkarni 5763,data_analyst,Senior,mixed,data analysis|excel|power bi|python|sql|tableau
Chetan Desai 5764,backend_developer,Senior,abbr,docker|java|kubernetes|postgresql|rest api|spring boot|sql
Bhavna Malhotra 5765,frontend_developer,Junior,mixed,git|html/css|react
Rakesh Patel 5766,devops_engineer,Junior,mixed,cloud|docker|kubernetes|linux|pandas|postgresql|python|tableau
Ananya Mehta 5767,data_engineer,Mid,mixed,deep learning|docker|postgresql|python|sql
Trisha Krishnan 5768,ml_engineer,Intern,mixed,deep learning|machine learning|python|statistics
Abhay Kulkarni 5769,data_scientist,Mid,mixed,data analysis|machine learning|pandas|python|scikit-learn|sql
Kabir Mehta,nlp_engineer,Junior,mixed,cloud|deep learning|docker|machine learning|python|pytorch|text classification
Ganesh Bhatt 5771,data_analyst,Intern,mixed,data analysis|power bi|sql
Sahana Ghosh 5772,backend_developer,Senior,mixed,docker|java|postgresql|python|rest api|spring boot|sql
Sahana Kaur 5773,frontend_developer,Mid,abbr,docker|git|html/css|kubernetes|react
Hema Varma 5774,devops_engineer,Senior,mixed,ci/cd|cloud|docker|kubernetes|linux|postgresql|python|rest api
Vikram Dubey 5775,data_engineer,Intern,abbr,cloud|docker|python
Rakesh Chandran 5776,ml_engineer,Senior,mixed,computer vision|deep learning|docker|machine learning|numpy|python|pytorch|scikit-learn|sql|tensorflow
Sameer Verma 5777,data_scientist,Mid,abbr,data analysis|machine learning|python|sql|statistics
Dhruv Tiwari 5778,nlp_engineer,Mid,abbr,artificial intelligence|cloud|data analysis|deep learning|natural language processing|pytorch|text classification
Sameer Rao,data_analyst,Mid,abbr,data analysis|power bi|sql|tableau
Gaurav Pillai 5780,backend_developer,Intern,mixed,ci/cd|java|mongodb|rest api|sql
Nisha Kumar 5781,frontend_developer,Senior,mixed,docker|git|html/css|javascript|react|rest api
Ishaan Mehta 5782,devops_engineer,Junior,mixed,ci/cd|cloud|docker|git|java|linux
Jatin Prasad 5783,data_engineer,Intern,abbr,cloud|docker|linux|mongodb|sql
Rhea Raghavan 5784,ml_engineer,Intern,full,cloud|data analysis|docker|machine learning|natural language processing|pandas|scikit-learn|tensorflow
Yash Singh 5785,data_scientist,Mid,full,data analysis|machine learning|pandas|python|statistics|text classification
Indira Nair 5786,nlp_engineer,Mid,full,deep learning|natural language processing|numpy|python|text classification
Priya Nair 5787,data_analyst,Intern,mixed,data analysis|excel|postgresql|react|sql
Ananya Mehta 5788,backend_developer,Junior,abbr,java|kubernetes|mongodb|postgresql|python|spring boot|sql
Ravi Balan 5789,frontend_developer,Intern,abbr,html/css|kubernetes|python|react|rest api
Harini Venkatesh 5790,devops_engineer,Junior,abbr,ci/cd|cloud|docker|git|linux|python
Tanvi Hegde 5791,data_engineer,Mid,mixed,cloud|docker|kubernetes|linux|postgresql|python|react
Pallavi Rao 5792,ml_engineer,Senior,mixed,ci/cd|deep learning|machine learning|pandas|python|pytorch|scikit-learn|tensorflow
Pooja Menon 5793,data_scientist,Senior,abbr,data analysis|machine learning|pandas|python|sql|statistics
Bhargav Bhatt 5794,nlp_engineer,Mid,full,computer vision|deep learning|machine learning|natural language processing|python|pytorch|text classification
Zoya Malhotra,data_analyst,Intern,mixed,data analysis|docker|excel|tableau
Divya Naidu 5796,backend_developer,Junior,mixed,excel|java|kubernetes|rest api|spring boot|sql
Jaya Kapoor 5797,frontend_developer,Junior,mixed,git|html/css|node.js|react
Vikram Shetty,devops_engineer,Mid,abbr,ci/cd|cloud|kubernetes|linux
Trisha Nambiar 5799,data_engineer,Mid,mixed,docker|kubernetes|linux|postgresql|python|sql
Akash Dubey 5800,ml_engineer,Mid,full,deep learning|linux|machine learning|mongodb|python|pytorch|sql|tensorflow
Yash Kulkarni 5801,data_scientist,Intern,full,data analysis|machine learning|power bi|python|text classification
Ravi Bhatt,nlp_engineer,Junior,abbr,deep learning|docker|machine learning|natural language processing|python|rest api|text classification
Swathi Nair 5803,data_analyst,Junior,mixed,data analysis|excel|power bi|scikit-learn|sql
Ganesh Bhatt 5804,backend_developer,Senior,mixed,java|postgresql|rest api|spring boot|sql
Qamar Chopra 5805,frontend_developer,Senior,abbr,cloud|git|html/css|javascript|react|rest api
Neha Ghosh 5806,devops_engineer,Mid,mixed,ci/cd|docker|git|kubernetes|linux|python
Divya Singh 5807,data_engineer,Junior,full,cloud|linux|pandas|postgresql|python|sql
Divya Kaur 5808,ml_engineer,Intern,mixed,artificial intelligence|cloud|deep learning|scikit-learn|tensorflow
Udhav Nambiar 5809,data_scientist,Intern,full,pandas|python|sql
Aarav Hegde 5810,nlp_engineer,Intern,abbr,natural language processing|python|pytorch
Varun Prasad 5811,data_analyst,Senior,abbr,data analysis|excel|power bi|python|sql|statistics|tableau
Aniket Gupta 5812,backend_developer,Intern,full,linux|postgresql|python|rest api|spring boot|sql
Madhav Tiwari 5813,frontend_developer,Junior,full,html/css|javascript|react
Bhargav Naidu 5814,devops_engineer,Junior,full,ci/cd|docker|git|kubernetes|linux|python
Tarun Balan 5815,data_engineer,Senior,mixed,cloud|docker|postgresql|python|sql
Harini Jain 5816,ml_engineer,Senior,abbr,cloud|deep learning|machine learning|numpy|python|pytorch|scikit-learn|sql|statistics|tensorflow
Rahul Joshi 5817,data_scientist,Intern,abbr,data analysis|python|sql
Harini Ghosh 5818,nlp_engineer,Intern,mixed,deep learning|machine learning|natural language processing|text classification
Varun Deshpande 5819,data_analyst,Senior,abbr,data analysis|excel|pandas|power bi|scikit-learn|sql|statistics|tableau
Darshan Patel 5820,backend_developer,Mid,abbr,docker|java|kubernetes|postgresql|python|spring boot|sql
Sonal Agarwal 5821,frontend_developer,Senior,abbr,docker|git|html/css|javascript|react|rest api
Mohit Prasad,devops_engineer,Intern,abbr,cloud|docker|linux
Madhav Gupta,data_engineer,Senior,full,ci/cd|cloud|docker|pandas|postgresql|python|react|rest api|sql
Mohit Pillai 5824,ml_engineer,Junior,abbr,machine learning|natural language processing|pytorch|scikit-learn|tensorflow
Rohan Dubey 5825,data_scientist,Senior,abbr,data analysis|javascript|machine learning|numpy|pandas|power bi|python|sql|statistics
Akash Rao 5826,nlp_engineer,Senior,mixed,artificial intelligence|deep learning|docker|git|natural language processing|python|pytorch|text classification
Priya Varma 5827,data_analyst,Senior,mixed,data analysis|docker|excel|power bi|python|sql|statistics|tableau
Sahana Rao 5828,backend_developer,Senior,full,java|postgresql|rest api|spring boot|sql
Mohit Ghosh 5829,frontend_developer,Junior,mixed,git|javascript|react
Sneha Sharma 5830,devops_engineer,Intern,abbr,ci/cd|cloud|linux
Dhruv Raghavan 5831,data_engineer,Junior,full,ci/cd|cloud|mongodb|natural language processing|postgresql|python|sql
Varun Nambiar 5832,ml_engineer,Mid,full,deep learning|javascript|machine learning|numpy|python|pytorch|sql|statistics|tensorflow
Bhargav Malhotra 5833,data_scientist,Mid,mixed,cloud|data analysis|deep learning|machine learning|pandas|sql|statistics
Pranav Sharma 5834,nlp_engineer,Mid,full,artificial intelligence|deep learning|docker|natural language processing|python|pytorch|react
Pranav Reddy 5835,data_analyst,Mid,abbr,excel|natural language processing|power bi|python|pytorch|sql|statistics|tableau
Nisha Kumar 5836,backend_developer,Mid,mixed,java|kubernetes|linux|mongodb|postgresql|rest api|spring boot
Arjun Mehta 5837,frontend_developer,Intern,abbr,git|react
Bhavna Subramanian 5838,devops_engineer,Intern,full,ci/cd|cloud|java|kubernetes
Priya Subramanian 5839,data_engineer,Mid,abbr,cloud|deep learning|docker|pandas|postgresql|power bi|python
Nandini Rao,ml_engineer,Intern,full,cloud|natural language processing|numpy|python|pytorch|scikit-learn
Indira Nambiar 5841,data_scientist,Intern,full,artificial intelligence|data analysis|deep learning|machine learning|sql
Abhay Sharma 5842,nlp_engineer,Mid,mixed,artificial intelligence|deep learning|docker|excel|python|pytorch|scikit-learn|tableau|text classification
Rohan Bhatt,data_analyst,Intern,full,ci/cd|cloud|data analysis|excel|postgresql|power bi
Ravi Shetty,backend_developer,Mid,mixed,java|python|rest api|spring boot|sql|text classification
Ananya Chopra,frontend_developer,Mid,abbr,git|javascript|linux|postgresql|react
Harini Tiwari 5846,devops_engineer,Junior,mixed,ci/cd|cloud|html/css|kubernetes|linux|python|rest api
Lalita Gupta 5847,data_engineer,Mid,mixed,cloud|docker|kubernetes|postgresql|python
Pallavi Naidu 5848,ml_engineer,Intern,abbr,cloud|numpy|python|pytorch|scikit-learn|statistics
Tanvi Pillai,data_scientist,Mid,mixed,data analysis|pandas|python|sql|statistics
Nikhil Deshpande 5850,nlp_engineer,Intern,mixed,deep learning|machine learning|natural language processing|numpy|pytorch
Rajesh Iyer 5851,data_analyst,Intern,full,data analysis|excel|postgresql|sql
Sneha Tiwari 5852,backend_developer,Senior,abbr,java|kubernetes|numpy|postgresql|power bi|python|rest api|spring boot|sql
Farhan Joshi 5853,frontend_developer,Senior,abbr,docker|git|html/css|javascript|node.js|react
Udhav Tiwari 5854,devops_engineer,Junior,full,ci/cd|cloud|java|kubernetes|linux|python
Tarun Krishnan 5855,data_engineer,Mid,mixed,cloud|docker|mongodb|python|sql|statistics|text classification
Ishaan Gupta 5856,ml_engineer,Junior,mixed,cloud|machine learning|natural language processing|python|pytorch|scikit-learn|statistics
Esha Patel 5857,data_scientist,Mid,full,deep learning|machine learning|natural language processing|pandas|power bi|python|scikit-learn|sql|statistics|text classification
Mohit Nair,nlp_engineer,Junior,full,cloud|deep learning|numpy|python|pytorch|text classification
Aniket Malhotra 5859,data_analyst,Intern,mixed,data analysis|excel|power bi
Nisha Reddy,backend_developer,Mid,full,git|kubernetes|mongodb|postgresql|rest api|spring boot|sql
Lalita Raghavan 5861,frontend_developer,Intern,full,docker|git|javascript
Parvati Gupta 5862,devops_engineer,Senior,mixed,ci/cd|cloud|docker|git|kubernetes|linux|python
Nisha Subramanian 5863,data_engineer,Junior,abbr,cloud|mongodb|postgresql|python|sql
Varun Jain 5864,ml_engineer,Intern,mixed,deep learning|pytorch|statistics|tensorflow
Farhan Deshpande 5865,data_scientist,Mid,full,data analysis|excel|machine learning|numpy|pandas|python|scikit-learn|statistics
Neha Gupta 5866,nlp_engineer,Mid,mixed,deep learning|natural language processing|python|pytorch
Naveen Kulkarni 5867,data_analyst,Mid,full,data analysis|excel|kubernetes|python|sql|statistics|tableau
Lalita Hegde,backend_developer,Senior,abbr,git|java|kubernetes|postgresql|python|react|rest api|spring boot|sql
Lalita Chopra 5869,frontend_developer,Intern,full,html/css|javascript|kubernetes
Lalita Menon 5870,devops_engineer,Junior,full,ci/cd|cloud|git|kubernetes|linux|python
Udhav Dubey 5871,data_engineer,Senior,abbr,ci/cd|cloud|docker|kubernetes|pandas|postgresql|python|sql
Priya Chopra 5872,ml_engineer,Junior,mixed,computer vision|git|machine learning|pandas|python|pytorch|react|tensorflow
Kavya Kapoor 5873,data_scientist,Mid,abbr,cloud|data analysis|deep learning|git|machine learning|pandas|python|statistics|tableau
Anjali Hegde 5874,nlp_engineer,Intern,mixed,data analysis|natural language processing|power bi|python|pytorch
Rajesh Subramanian 5875,data_analyst,Intern,abbr,excel|sql|statistics|tableau
Kiran Subramanian 5876,backend_developer,Junior,full,git|postgresql|python|rest api|spring boot|sql
Sneha Patel 5877,frontend_developer,Junior,mixed,git|html/css|javascript
Shreya Iyer 5878,devops_engineer,Junior,abbr,ci/cd|deep learning|docker|git|kubernetes|linux|postgresql|power bi
Kabir Tiwari 5879,data_engineer,Intern,full,docker|linux|pandas|python|sql
Sahana Subramanian 5880,ml_engineer,Junior,mixed,deep learning|machine learning|numpy|pandas|pytorch|tensorflow
Uma Menon 5881,data_scientist,Intern,mixed,artificial intelligence|cloud|data analysis|machine learning|pandas|power bi|sql
Nandini Deshpande 5882,nlp_engineer,Mid,abbr,natural language processing|python|pytorch|text classification
Nikhil Prasad 5883,data_analyst,Mid,abbr,data analysis|excel|natural language processing|pandas|sql|tableau
Charu Singh 5884,backend_developer,Senior,abbr,excel|java|mongodb|pandas|postgresql|python|rest api|spring boot|sql
Ishaan Sharma 5885,frontend_developer,Senior,mixed,git|html/css|javascript|node.js|react
Zoya Saxena 5886,devops_engineer,Junior,mixed,ci/cd|cloud|docker|kubernetes|python|rest api
Ishaan Naidu 5887,data_engineer,Junior,abbr,ci/cd|docker|postgresql|python|sql
Bhargav Sharma 5888,ml_engineer,Mid,mixed,deep learning|machine learning|mongodb|pytorch|scikit-learn|spring boot|sql|statistics|tensorflow
Naveen Krishnan 5889,data_scientist,Mid,mixed,cloud|data analysis|html/css|javascript|pandas|power bi|python|scikit-learn|sql|statistics|tableau
Rakesh Venkatesh 5890,nlp_engineer,Junior,mixed,deep learning|docker|machine learning|natural language processing|postgresql|python|text classification
Uma Chopra 5891,data_analyst,Senior,mixed,data analysis|excel|power bi|python|sql|tableau
Tarun Krishnan 5892,backend_developer,Intern,mixed,postgresql|spring boot|sql
Aarav Tiwari 5893,frontend_developer,Junior,abbr,git|html/css|node.js|react
Shreya Hegde 5894,devops_engineer,Intern,full,cloud|docker|git|kubernetes
Tanvi Agarwal 5895,data_engineer,Senior,full,ci/cd|cloud|docker|linux|mongodb|postgresql|python|sql
Esha Nair 5896,ml_engineer,Senior,full,cloud|deep learning|machine learning|numpy|python|pytorch|scikit-learn|statistics|tensorflow
Chetan Malhotra 5897,data_scientist,Junior,full,ci/cd|data analysis|machine learning|python|sql|statistics
Indira Venkatesh 5898,nlp_engineer,Senior,abbr,cloud|deep learning|docker|machine learning|natural language processing|python|pytorch|text classification
Aniket Ghosh 5899,data_analyst,Senior,mixed,data analysis|excel|git|pandas|power bi|python|sql|tableau
Rakesh Saxena 5900,backend_developer,Mid,mixed,java|postgresql|python|spring boot|sql
Aarav Nambiar 5901,frontend_developer,Mid,abbr,git|html/css|react
Kabir Rao 5902,devops_engineer,Mid,full,ci/cd|docker|kubernetes|linux
Darshan Bhatt 5903,data_engineer,Junior,mixed,cloud|mongodb|postgresql|python|sql
Rahul Sharma 5904,ml_engineer,Junior,abbr,cloud|docker|machine learning|python|scikit-learn|statistics|tensorflow
Tanvi Nair 5905,data_scientist,Mid,abbr,data analysis|pandas|python|sql|statistics|text classification
Qamar Patel 5906,nlp_engineer,Junior,abbr,cloud|deep learning|docker|machine learning|python|pytorch|text classification
Sahana Balan 5907,data_analyst,Intern,abbr,postgresql|power bi|spring boot|sql|tableau
Aniket Gupta 5908,backend_developer,Intern,mixed,java|linux|postgresql|python|spring boot
Dhruv Rao 5909,frontend_developer,Intern,mixed,javascript|node.js|react
Rhea Chandran 5910,devops_engineer,Junior,mixed,ci/cd|cloud|docker|kubernetes|postgresql
Bhavna Venkatesh 5911,data_engineer,Junior,abbr,cloud|docker|postgresql|python|statistics
Tanvi Shetty 5912,ml_engineer,Mid,abbr,computer vision|deep learning|numpy|pandas|python|pytorch|scikit-learn|sql|tensorflow
Varun Chopra 5913,data_scientist,Intern,mixed,pandas|sql|statistics
Divya Kumar 5914,nlp_engineer,Intern,abbr,deep learning|docker|mongodb|postgresql|python|pytorch
Rhea Shetty 5915,data_analyst,Intern,mixed,excel|power bi|python|sql
Jaya Nambiar 5916,backend_developer,Junior,abbr,artificial intelligence|numpy|postgresql|rest api|spring boot|sql
Sameer Krishnan 5917,frontend_developer,Intern,full,git|javascript
Naveen Prasad 5918,devops_engineer,Senior,abbr,ci/cd|cloud|docker|git|java|kubernetes|linux
Bhavna Shetty 5919,data_engineer,Junior,abbr,cloud|pandas|postgresql|python|sql
Abhay Chopra 5920,ml_engineer,Mid,mixed,cloud|deep learning|docker|machine learning|pytorch|scikit-learn|sql|tensorflow
Gaurav Patel 5921,data_scientist,Junior,abbr,machine learning|pandas|power bi|python|sql|statistics
Sahana Verma 5922,nlp_engineer,Intern,abbr,docker|excel|natural language processing|pytorch|text classification
Yash Mehta,data_analyst,Junior,full,excel|power bi|sql|statistics|tableau
Hema Shetty 5924,backend_developer,Intern,full,java|linux|mongodb|numpy|rest api|spring boot
Abhay Saxena,frontend_developer,Mid,mixed,html/css|javascript|react
Sanjay Venkatesh 5926,devops_engineer,Junior,mixed,cloud|docker|kubernetes|linux|python
Manish Menon 5927,data_engineer,Mid,mixed,cloud|kubernetes|linux|postgresql|python|sql
Pooja Naidu 5928,ml_engineer,Junior,full,machine learning|python|pytorch|tensorflow
Kavya Dubey 5929,data_scientist,Senior,mixed,data analysis|machine learning|pandas|power bi|python|sql|statistics
Chetan Kaur 5930,nlp_engineer,Mid,abbr,deep learning|machine learning|natural language processing|numpy|pytorch|scikit-learn|text classification
Harini Pillai 5931,data_analyst,Junior,full,excel|kubernetes|postgresql|power bi|sql|statistics|tableau
Rhea Varma 5932,backend_developer,Junior,abbr,java|kubernetes|mongodb|postgresql|spring boot|sql
Vidya Patel 5933,frontend_developer,Mid,mixed,git|javascript|react
Akash Nambiar,devops_engineer,Junior,mixed,ci/cd|cloud|docker|linux|pandas|postgresql
Indira Kapoor 5935,data_engineer,Mid,abbr,cloud|docker|postgresql|python|scikit-learn
Ramya Malhotra 5936,ml_engineer,Intern,full,cloud|machine learning|natural language processing|pytorch|scikit-learn
Tanvi Hegde 5937,data_scientist,Mid,abbr,data analysis|pandas|python|sql|statistics
Ishaan Dubey 5938,nlp_engineer,Senior,full,cloud|deep learning|docker|machine learning|natural language processing|python|pytorch|text classification
Ishaan Bhatt 5939,data_analyst,Mid,abbr,data analysis|excel|postgresql|power bi|sql
Rohan Shetty 5940,backend_developer,Junior,abbr,ci/cd|java|postgresql|rest api|spring boot
Nikhil Rao 5941,frontend_developer,Junior,mixed,git|javascript|node.js|react
Pranav Hegde 5942,devops_engineer,Senior,mixed,ci/cd|cloud|docker|kubernetes|linux|postgresql
Darshan Malhotra 5943,data_engineer,Junior,full,cloud|docker|postgresql|sql
Sameer Saxena 5944,ml_engineer,Senior,full,cloud|data analysis|deep learning|docker|machine learning|natural language processing|numpy|pandas|python|pytorch|scikit-learn|tensorflow
Jatin Iyer 5945,data_scientist,Mid,abbr,cloud|data analysis|deep learning|docker|machine learning|numpy|pandas|python|scikit-learn|sql
Trisha Tiwari,nlp_engineer,Junior,mixed,artificial intelligence|cloud|docker|natural language processing|python|pytorch|text classification
Hema Saxena 5947,data_analyst,Junior,full,data analysis|power bi|sql|tableau
Aarav Malhotra 5948,backend_developer,Senior,abbr,java|mongodb|postgresql|react|rest api|spring boot|sql
Sneha Raghavan 5949,frontend_developer,Senior,mixed,docker|git|html/css|javascript|python|react|rest api
Pranav Gupta 5950,devops_engineer,Mid,abbr,ci/cd|cloud|docker|git|java|kubernetes
Kavya Nair 5951,data_engineer,Intern,full,ci/cd|docker|kubernetes|linux|postgresql|sql
Vikram Desai 5952,ml_engineer,Senior,full,deep learning|machine learning|python|pytorch|scikit-learn|tensorflow
Suresh Verma 5953,data_scientist,Mid,mixed,data analysis|machine learning|pandas|power bi|scikit-learn|sql|statistics|tableau|text classification
Akash Ghosh 5954,nlp_engineer,Intern,abbr,deep learning|python|pytorch
Ramya Nair 5955,data_analyst,Mid,full,data analysis|excel|power bi|tableau
Gaurav Singh 5956,backend_developer,Mid,abbr,docker|java|linux|postgresql|python|rest api|sql
Swathi Sharma 5957,frontend_developer,Mid,abbr,docker|git|html/css|javascript|node.js
Tarun Prasad 5958,devops_engineer,Intern,mixed,ci/cd|docker|kubernetes
Aarav Desai 5959,data_engineer,Senior,mixed,ci/cd|cloud|docker|kubernetes|mongodb|postgresql|python|sql|statistics
Jaya Raghavan 5960,ml_engineer,Intern,mixed,cloud|docker|python|pytorch|tensorflow
Lakshmi Raghavan 5961,data_scientist,Mid,abbr,data analysis|machine learning|pandas|power bi|python|sql|text classification
Lalita Desai,nlp_engineer,Mid,full,deep learning|kubernetes|natural language processing|python|pytorch|text classification
Rahul Varma 5963,data_analyst,Intern,abbr,data analysis|excel|sql
Mohit Patel 5964,backend_developer,Junior,full,java|kubernetes|postgresql|python|rest api|scikit-learn|sql
Anjali Reddy 5965,frontend_developer,Junior,mixed,git|html/css|javascript|mongodb|rest api
Parvati Iyer,devops_engineer,Intern,full,ci/cd|cloud|git|linux
Priya Malhotra 5967,data_engineer,Mid,abbr,ci/cd|cloud|docker|linux|postgresql|python
Ramya Kaur 5968,ml_engineer,Mid,full,deep learning|machine learning|python|scikit-learn|tensorflow
Sahana Balan 5969,data_scientist,Mid,abbr,data analysis|deep learning|machine learning|pandas|sql|statistics
Darshan Nambiar,nlp_engineer,Intern,abbr,machine learning|natural language processing|python|pytorch|scikit-learn
Trisha Agarwal,data_analyst,Intern,full,data analysis|pandas|power bi|tableau
Hema Joshi 5972,backend_developer,Senior,abbr,java|kubernetes|linux|postgresql|rest api|spring boot|sql
Nisha Gupta 5973,frontend_developer,Mid,mixed,docker|git|html/css|javascript|machine learning
Arjun Venkatesh,devops_engineer,Junior,full,ci/cd|cloud|docker|git|kubernetes|postgresql
Kavya Chandran 5975,data_engineer,Senior,mixed,cloud|docker|postgresql|python|sql
Abhay Ghosh 5976,ml_engineer,Mid,mixed,cloud|deep learning|natural language processing|numpy|python|pytorch|scikit-learn|tensorflow
Ananya Chopra 5977,data_scientist,Junior,full,cloud|machine learning|pandas|sql|statistics|text classification
Harini Ghosh 5978,nlp_engineer,Intern,abbr,artificial intelligence|deep learning|machine learning|natural language processing|pytorch
Qamar Kapoor 5979,data_analyst,Junior,mixed,data analysis|power bi|sql|tableau
Ganesh Mehta 5980,backend_developer,Junior,abbr,git|java|kubernetes|mongodb|python|rest api|spring boot|sql|tensorflow
Bhargav Reddy 5981,frontend_developer,Junior,mixed,docker|git|html/css|react
Vishal Saxena 5982,devops_engineer,Intern,full,docker|java|kubernetes|linux|pandas
Kiran Kapoor 5983,data_engineer,Senior,full,cloud|docker|pandas|postgresql|python|sql
Indira Reddy 5984,ml_engineer,Senior,mixed,deep learning|docker|html/css|machine learning|python|pytorch|scikit-learn|tensorflow
Ravi Ghosh 5985,data_scientist,Intern,abbr,machine learning|pandas|postgresql|power bi|python|tableau
Sameer Kaur 5986,nlp_engineer,Mid,mixed,artificial intelligence|cloud|deep learning|natural language processing|python|pytorch|scikit-learn
Uma Naidu 5987,data_analyst,Mid,full,data analysis|excel|pandas|python|sql|tableau
Suresh Dubey 5988,backend_developer,Senior,abbr,git|java|kubernetes|linux|mongodb|postgresql|python|rest api|spring boot|sql
Anjali Chandran 5989,frontend_developer,Senior,mixed,cloud|git|html/css|javascript|react
Gaurav Mehta,devops_engineer,Senior,full,ci/cd|cloud|docker|kubernetes|linux|postgresql
Akash Singh 5991,data_engineer,Mid,mixed,cloud|kubernetes|linux|postgresql|python|sql
Udhav Rao 5992,ml_engineer,Mid,mixed,deep learning|machine learning|python|scikit-learn|sql|tensorflow
Kabir Kulkarni 5993,data_scientist,Intern,abbr,git|html/css|machine learning|python|sql|tableau|text classification
Sanjay Nambiar 5994,nlp_engineer,Mid,mixed,deep learning|kubernetes|machine learning|python|pytorch|text classification
Nisha Raghavan 5995,data_analyst,Senior,mixed,data analysis|excel|linux|power bi|python|sql|statistics|tableau
Ritu Nambiar 5996,backend_developer,Intern,full,rest api|spring boot|sql
Pallavi Rao 5997,frontend_developer,Intern,mixed,cloud|javascript|python|react
Kavya Prasad 5998,devops_engineer,Senior,full,ci/cd|cloud|docker|kubernetes|linux|postgresql
Aditi Saxena 5999,data_engineer,Mid,full,ci/cd|cloud|docker|pandas|python|sql
Qamar Reddy 6000,ml_engineer,Senior,abbr,deep learning|machine learning|numpy|pandas|python|pytorch|scikit-learn|tensorflow
Vinay Rao 6001,data_scientist,Intern,full,data analysis|machine learning|python
Varun Prasad 6002,nlp_engineer,Intern,full,artificial intelligence|natural language processing|numpy|python|text classification
Mohit Reddy 6003,data_analyst,Junior,full,data analysis|excel|python|sql|tableau
Tarun Iyer,backend_developer,Junior,mixed,java|linux|rest api|spring boot|sql
Aniket Reddy 6005,frontend_developer,Intern,full,javascript|postgresql|react
Suresh Kulkarni 6006,devops_engineer,Senior,abbr,ci/cd|cloud|docker|kubernetes|linux|python
Siddharth Ghosh 6007,data_engineer,Junior,mixed,cloud|deep learning|docker|postgresql|python|sql
Naveen Balan 6008,ml_engineer,Senior,mixed,cloud|computer vision|deep learning|machine learning|numpy|pandas|python|pytorch|scikit-learn|statistics|tensorflow
Bhargav Chandran 6009,data_scientist,Intern,mixed,cloud|python|sql|statistics
Yash Raghavan 6010,nlp_engineer,Senior,mixed,deep learning|docker|natural language processing|python|pytorch|text classification
Yash Joshi,data_analyst,Junior,mixed,data analysis|docker|power bi|python|sql|tableau
Vidya Nambiar,backend_developer,Junior,abbr,java|kubernetes|linux|postgresql|python|spring boot|sql
Bhavna Balan 6013,frontend_developer,Mid,mixed,html/css|javascript|node.js|react|statistics|tableau
Mohit Verma 6014,devops_engineer,Mid,abbr,ci/cd|cloud|kubernetes|linux|mongodb
Manish Patel 6015,data_engineer,Junior,abbr,docker|postgresql|python|sql
Nisha Dubey 6016,ml_engineer,Junior,mixed,cloud|deep learning|python|pytorch|rest api|spring boot|tensorflow
Akash Krishnan 6017,data_scientist,Junior,full,data analysis|pandas|python|statistics|tableau
Dhruv Krishnan 6018,nlp_engineer,Intern,full,cloud|natural language processing|pytorch|text classification
Udhav Dubey 6019,data_analyst,Senior,abbr,data analysis|excel|pandas|power bi|sql|statistics|tableau
Manish Ghosh 6020,backend_developer,Intern,abbr,postgresql|rest api|spring boot|text classification
Esha Krishnan 6021,frontend_developer,Senior,mixed,cloud|git|html/css|javascript|react|sql
Farhan Mehta 6022,devops_engineer,Intern,full,ci/cd|cloud|kubernetes|postgresql
Kiran Agarwal 6023,data_engineer,Mid,abbr,cloud|docker|excel|kubernetes|linux|postgresql|sql
Mohit Patel 6024,ml_engineer,Intern,abbr,deep learning|natural language processing|pandas|pytorch|scikit-learn
Akash Kapoor 6025,data_scientist,Senior,full,cloud|data analysis|machine learning|pandas|power bi|python|scikit-learn|sql|statistics
Shreya Nair 6026,nlp_engineer,Junior,mixed,artificial intelligence|deep learning|natural language processing|numpy|pytorch|scikit-learn|text classification
Uma Naidu 6027,data_analyst,Mid,mixed,data analysis|docker|excel|power bi|sql
Jatin Menon 6028,backend_developer,Mid,abbr,git|java|kubernetes|mongodb|postgresql|rest api|sql
Rahul Prasad 6029,frontend_developer,Senior,full,docker|git|html/css|javascript|machine learning|node.js|react|tableau
Tanvi Kulkarni 6030,devops_engineer,Mid,abbr,cloud|docker|java|kubernetes|linux|pandas|postgresql
Manish Prasad 6031,data_engineer,Mid,full,cloud|docker|kubernetes|linux|pandas|postgresql|sql
Sneha Agarwal 6032,ml_engineer,Mid,full,cloud|docker|javascript|machine learning|natural language processing|node.js|python|pytorch|scikit-learn|tensorflow
Pallavi Kapoor 6033,data_scientist,Junior,mixed,data analysis|deep learning|machine learning|pandas|sql|text classification
Siddharth Chandran 6034,nlp_engineer,Intern,mixed,deep learning|natural language processing|text classification
Anjali Verma 6035,data_analyst,Junior,mixed,excel|pandas|power bi|python|sql|tableau
Vinay Malhotra 6036,backend_developer,Intern,abbr,postgresql|rest api|spring boot
Ramya Balan 6037,frontend_developer,Junior,abbr,html/css|javascript|react|rest api
Harini Reddy 6038,devops_engineer,Senior,abbr,ci/cd|cloud|docker|git|java|kubernetes|linux
Jaya Iyer 6039,data_engineer,Mid,full,cloud|docker|postgresql|python
Rhea Kulkarni 6040,ml_engineer,Intern,full,cloud|computer vision|machine learning|natural language processing|python|statistics|tensorflow
Ganesh Reddy 6041,data_scientist,Mid,abbr,cloud|data analysis|deep learning|machine learning|natural language processing|numpy|python|sql|statistics|tableau
Pranav Venkatesh 6042,nlp_engineer,Mid,abbr,deep learning|docker|machine learning|mongodb|python|pytorch|scikit-learn|text classification
Aarav Hegde 6043,data_analyst,Intern,abbr,data analysis|excel|python|sql
Sonal Dubey 6044,backend_developer,Junior,mixed,java|postgresql|rest api|spring boot
Meera Raghavan 6045,frontend_developer,Intern,abbr,git|react|rest api|sql
Mohit Kaur 6046,devops_engineer,Junior,abbr,ci/cd|cloud|docker|java|linux|python
Mohit Nambiar 6047,data_engineer,Mid,full,ci/cd|cloud|deep learning|docker|pandas|postgresql|python|scikit-learn
Ganesh Mehta 6048,ml_engineer,Intern,abbr,cloud|deep learning|machine learning|pytorch
Nandini Gupta 6049,data_scientist,Intern,full,deep learning|machine learning|pandas|sql|text classification
Abhay Singh 6050,nlp_engineer,Senior,mixed,artificial intelligence|deep learning|machine learning|natural language processing|numpy|python|pytorch|text classification
Vidya Kulkarni 6051,data_analyst,Junior,full,cloud|data analysis|power bi|python|sql|statistics|tableau
Uma Iyer 6052,backend_developer,Mid,mixed,java|kubernetes|mongodb|postgresql|python|rest api|spring boot
Chetan Agarwal 6053,frontend_developer,Intern,mixed,git|power bi|react
Lalita Bhatt 6054,devops_engineer,Intern,abbr,ci/cd|docker|linux
Aniket Prasad 6055,data_engineer,Intern,mixed,cloud|docker|kubernetes|python|sql
Qamar Joshi 6056,ml_engineer,Intern,mixed,computer vision|deep learning|machine learning|tensorflow
Uma Bhatt,data_scientist,Intern,abbr,machine learning|python|statistics
Vinay Pillai 6058,nlp_engineer,Mid,mixed,artificial intelligence|deep learning|natural language processing|python|pytorch
Tarun Subramanian 6059,data_analyst,Intern,full,data analysis|linux|power bi|statistics|tableau
Vishal Venkatesh 6060,backend_developer,Junior,abbr,java|mongodb|postgresql|rest api|sql
Zoya Agarwal 6061,frontend_developer,Mid,mixed,git|html/css|node.js|react
Indira Hegde 6062,devops_engineer,Intern,full,ci/cd|docker|kubernetes|linux
Hema Kulkarni,data_engineer,Mid,mixed,docker|mongodb|numpy|pandas|postgresql|python|sql
Pallavi Agarwal 6064,ml_engineer,Junior,mixed,artificial intelligence|deep learning|machine learning|python|pytorch|scikit-learn|statistics
Lalita Deshpande 6065,data_scientist,Senior,mixed,cloud|data analysis|machine learning|mongodb|pandas|power bi|python|sql|statistics
Pooja Kapoor 6066,nlp_engineer,Mid,abbr,artificial intelligence|deep learning|docker|java|natural language processing|numpy|python|pytorch
Zoya Kapoor 6067,data_analyst,Mid,full,data analysis|excel|postgresql|power bi|tableau
Ishaan Chopra 6068,backend_developer,Senior,full,docker|git|java|linux|postgresql|python|rest api|spring boot|sql
Sanjay Varma 6069,frontend_developer,Mid,abbr,html/css|javascript|react|sql
Vinay Dubey 6070,devops_engineer,Senior,mixed,ci/cd|cloud|docker|kubernetes|linux
Ravi Kapoor 6071,data_engineer,Junior,mixed,cloud|docker|machine learning|python|pytorch|sql
Sanjay Singh 6072,ml_engineer,Intern,mixed,machine learning|natural language processing|pytorch|tensorflow
Kavya Hegde 6073,data_scientist,Mid,abbr,cloud|data analysis|linux|pandas|python|sql|statistics
Anjali Nambiar 6074,nlp_engineer,Mid,abbr,deep learning|natural language processing|numpy|python|pytorch
Nisha Ghosh 6075,data_analyst,Intern,mixed,excel|pandas|sql|tableau
Aditi Menon 6076,backend_developer,Senior,mixed,docker|java|postgresql|rest api|spring boot|sql
Madhav Hegde 6077,frontend_developer,Intern,mixed,html/css|react
Pooja Patel 6078,devops_engineer,Intern,abbr,ci/cd|cloud|linux|postgresql
Siddharth Kapoor 6079,data_engineer,Junior,mixed,cloud|docker|kubernetes|python|sql
Jatin Dubey 6080,ml_engineer,Senior,full,computer vision|deep learning|machine learning|python|pytorch|scikit-learn|tensorflow
Divya Rao,data_scientist,Junior,abbr,machine learning|numpy|power bi|python|sql|statistics
Indira Dubey 6082,nlp_engineer,Junior,abbr,deep learning|natural language processing|numpy|python|statistics|text classification
Qamar Rao,data_analyst,Mid,full,data analysis|excel|html/css|postgresql|power bi|python|react|tableau
Abhay Balan,backend_developer,Intern,full,artificial intelligence|deep learning|git|java|mongodb|postgresql|spring boot
Anjali Naidu 6085,frontend_developer,Junior,abbr,deep learning|html/css|javascript|pandas|react
Varun Menon 6086,devops_engineer,Mid,full,ci/cd|docker|git|kubernetes|linux|postgresql
Harini Mehta 6087,data_engineer,Senior,full,ci/cd|cloud|docker|postgresql|python|sql
Ishaan Hegde 6088,ml_engineer,Senior,abbr,computer vision|deep learning|machine learning|python|pytorch|scikit-learn|sql|tensorflow
Divya Naidu 6089,data_scientist,Senior,mixed,data analysis|machine learning|pandas|python|sql|statistics
Vishal Gupta 6090,nlp_engineer,Junior,mixed,natural language processing|numpy|python|pytorch|scikit-learn|text classification
Dhruv Naidu 6091,data_analyst,Junior,abbr,data analysis|postgresql|power bi|python|sql|tableau
Kabir Krishnan 6092,backend_developer,Junior,abbr,java|rest api|spring boot|sql
Shreya Agarwal 6093,frontend_developer,Intern,abbr,git|javascript|kubernetes
Sanjay Venkatesh 6094,devops_engineer,Junior,full,ci/cd|cloud|docker|java|linux
Lakshmi Jain 6095,data_engineer,Intern,mixed,ci/cd|docker|html/css|linux|python|sql
Aarav Jain 6096,ml_engineer,Mid,full,computer vision|deep learning|machine learning|natural language processing|python|pytorch|tensorflow
Ananya Hegde 6097,data_scientist,Intern,mixed,data analysis|numpy|pandas|python
Sahana Subramanian 6098,nlp_engineer,Intern,mixed,cloud|machine learning|natural language processing|numpy|python|pytorch
Vishal Gupta 6099,data_analyst,Junior,full,data analysis|excel|pandas|python|react|sql|tableau
Arjun Subramanian 6100,backend_developer,Mid,abbr,java|linux|postgresql|python|rest api|spring boot
Madhav Kumar 6101,frontend_developer,Intern,abbr,javascript|pandas|postgresql|react
Tanvi Agarwal 6102,devops_engineer,Senior,mixed,ci/cd|cloud|docker|kubernetes|linux|numpy|postgresql|python
Meera Kulkarni 6103,data_engineer,Intern,mixed,docker|kubernetes|linux|python|sql
Swathi Gupta 6104,ml_engineer,Senior,full,cloud|deep learning|machine learning|natural language processing|numpy|pandas|python|pytorch|scikit-learn|sql|tensorflow
Hema Shetty 6105,data_scientist,Intern,full,ci/cd|cloud|data analysis|python|statistics
Gaurav Joshi 6106,nlp_engineer,Senior,mixed,artificial intelligence|cloud|deep learning|docker|natural language processing|numpy|python|pytorch|text classification
Ganesh Patel 6107,data_analyst,Mid,mixed,data analysis|excel|power bi|python|sql
Kabir Shetty 6108,backend_developer,Intern,mixed,java|postgresql|rest api
Tanvi Verma 6109,frontend_developer,Intern,mixed,docker|git|javascript
Arjun Kapoor,devops_engineer,Intern,mixed,cloud|docker|kubernetes|postgresql|python
Sonal Rao 6111,data_engineer,Junior,mixed,cloud|docker|kubernetes|postgresql|sql
Nisha Nambiar 6112,ml_engineer,Senior,mixed,cloud|computer vision|deep learning|machine learning|pandas|python|pytorch|scikit-learn|sql|tensorflow
Shreya Desai 6113,data_scientist,Junior,mixed,cloud|data analysis|docker|machine learning|pandas|power bi|python|text classification
Indira Gupta 6114,nlp_engineer,Junior,full,artificial intelligence|deep learning|python|pytorch|text classification
Hema Desai,data_analyst,Mid,full,data analysis|excel|machine learning|postgresql|power bi|python|sql
Charu Malhotra 6116,backend_developer,Junior,mixed,data analysis|docker|numpy|postgresql|rest api|spring boot|sql
Nisha Prasad 6117,frontend_developer,Mid,mixed,docker|html/css|javascript|react
Varun Reddy,devops_engineer,Senior,abbr,ci/cd|cloud|data analysis|docker|git|java|kubernetes|linux|power bi
Aniket Hegde 6119,data_engineer,Mid,mixed,ci/cd|cloud|docker|kubernetes|postgresql|python
Ganesh Chopra 6120,ml_engineer,Intern,mixed,deep learning|pandas|python|tensorflow
Sahana Dubey 6121,data_scientist,Senior,full,cloud|data analysis|machine learning|pandas|power bi|python|sql|statistics
Anjali Chandran 6122,nlp_engineer,Senior,abbr,deep learning|natural language processing|python|pytorch|text classification
Bhargav Malhotra 6123,data_analyst,Mid,abbr,excel|postgresql|power bi|python|sql|tableau
Parvati Raghavan 6124,backend_developer,Mid,abbr,java|kubernetes|postgresql|power bi|rest api|sql
Sanjay Gupta 6125,frontend_developer,Mid,mixed,git|html/css|react|rest api|statistics
Bhargav Desai 6126,devops_engineer,Senior,mixed,ci/cd|cloud|docker|java|kubernetes|linux
Manish Balan 6127,data_engineer,Mid,abbr,cloud|docker|kubernetes|linux|mongodb|postgresql|sql
Jaya Singh 6128,ml_engineer,Intern,mixed,deep learning|machine learning|pytorch|sql|statistics
Aarav Verma 6129,data_scientist,Mid,abbr,data analysis|machine learning|numpy|pandas|power bi|scikit-learn|sql|statistics|tableau
Swathi Verma 6130,nlp_engineer,Senior,abbr,deep learning|natural language processing|python|pytorch|text classification
Divya Desai 6131,data_analyst,Intern,full,excel|postgresql|power bi|sql
Qamar Venkatesh 6132,backend_developer,Intern,abbr,ci/cd|git|java|rest api|sql
Lakshmi Raghavan 6133,frontend_developer,Senior,abbr,git|html/css|javascript|react
Rahul Menon 6134,devops_engineer,Mid,mixed,ci/cd|cloud|docker|git|kubernetes
Gaurav Saxena 6135,data_engineer,Mid,full,cloud|docker|python|sql
Arjun Chandran 6136,ml_engineer,Intern,abbr,cloud|computer vision|deep learning|numpy|pytorch|scikit-learn|sql
Rakesh Joshi 6137,data_scientist,Senior,mixed,data analysis|deep learning|machine learning|numpy|pandas|python|scikit-learn|sql|statistics|tableau
Sonal Pillai 6138,nlp_engineer,Intern,abbr,deep learning|docker|numpy|python|text classification
Swathi Varma 6139,data_analyst,Mid,abbr,data analysis|excel|pandas|postgresql|power bi|sql
Deepa Naidu 6140,backend_developer,Senior,full,cloud|docker|java|kubernetes|mongodb|postgresql|rest api|spring boot|sql
Indira Shetty 6141,frontend_developer,Intern,abbr,cloud|git|html/css|numpy|rest api
Vikram Ghosh 6142,devops_engineer,Senior,abbr,ci/cd|cloud|docker|java|kubernetes|linux
Nisha Kumar 6143,data_engineer,Junior,mixed,cloud|docker|mongodb|pandas|python|sql
Farhan Chandran 6144,ml_engineer,Intern,abbr,cloud|docker|numpy|postgresql|python|pytorch|scikit-learn
Pranav Saxena 6145,data_scientist,Intern,full,machine learning|sql|statistics
Sameer Saxena 6146,nlp_engineer,Junior,abbr,deep learning|machine learning|natural language processing|node.js|numpy|python|pytorch
Tanvi Chopra 6147,data_analyst,Mid,abbr,data analysis|excel|postgresql|power bi|sql
Trisha Ghosh 6148,backend_developer,Junior,mixed,linux|mongodb|postgresql|rest api|spring boot|sql
Bhavna Hegde 6149,frontend_developer,Intern,abbr,git|javascript|python
Hema Saxena 6150,devops_engineer,Mid,mixed,ci/cd|cloud|docker|git|kubernetes|pandas
Sneha Desai 6151,data_engineer,Senior,full,artificial intelligence|cloud|docker|kubernetes|postgresql|python|sql
Nikhil Saxena 6152,ml_engineer,Mid,abbr,machine learning|power bi|python|pytorch|scikit-learn|tensorflow
Madhav Subramanian 6153,data_scientist,Senior,abbr,data analysis|machine learning|pandas|python|sql|statistics
Abhay Prasad 6154,nlp_engineer,Junior,abbr,cloud|deep learning|machine learning|natural language processing|python|scikit-learn|text classification
Yamini Varma 6155,data_analyst,Junior,full,data analysis|excel|pandas|power bi|sql
Rajesh Saxena 6156,backend_developer,Junior,mixed,docker|java|kubernetes|machine learning|mongodb|postgresql|power bi|rest api|sql
Abhay Raghavan,frontend_developer,Intern,abbr,computer vision|deep learning|html/css|javascript
Vikram Shetty 6158,devops_engineer,Mid,full,ci/cd|docker|git|kubernetes|linux|mongodb
Naveen Patel 6159,data_engineer,Mid,mixed,ci/cd|cloud|docker|linux|pandas|postgresql|python
Rhea Menon 6160,ml_engineer,Intern,mixed,machine learning|pandas|scikit-learn|tensorflow
Abhay Kulkarni 6161,data_scientist,Senior,full,data analysis|machine learning|pandas|python|sql|statistics|tableau
Suresh Iyer 6162,nlp_engineer,Intern,abbr,artificial intelligence|python|pytorch|scikit-learn|text classification
Indira Bhatt 6163,data_analyst,Mid,mixed,data analysis|excel|numpy|pandas|power bi|statistics|tableau
Nandini Prasad 6164,backend_developer,Intern,mixed,cloud|linux|mongodb|rest api|spring boot|sql
Jaya Reddy 6165,frontend_developer,Mid,full,git|html/css|javascript
Yamini Kulkarni 6166,devops_engineer,Senior,mixed,ci/cd|cloud|deep learning|docker|git|kubernetes|linux|postgresql|sql
Gaurav Sharma 6167,data_engineer,Intern,full,cloud|docker|linux|sql
Ravi Singh 6168,ml_engineer,Junior,full,cloud|deep learning|machine learning|pandas|python|scikit-learn
Yash Malhotra 6169,data_scientist,Senior,abbr,data analysis|machine learning|pandas|python|sql|statistics
Lalita Chopra 6170,nlp_engineer,Intern,full,deep learning|docker|natural language processing|python|scikit-learn
Lalita Venkatesh 6171,data_analyst,Junior,mixed,data analysis|power bi|sql|statistics|tableau
Meera Ghosh 6172,backend_developer,Junior,mixed,docker|postgresql|python|rest api|spring boot|sql
Kavya Kaur 6173,frontend_developer,Mid,abbr,git|html/css|react|rest api
Lakshmi Chopra 6174,devops_engineer,Mid,abbr,ci/cd|cloud|git|java|javascript|kubernetes|linux
Udhav Agarwal 6175,data_engineer,Senior,full,cloud|docker|excel|linux|postgresql|python|sql|statistics
Sahana Iyer,ml_engineer,Mid,abbr,deep learning|machine learning|python|scikit-learn|tensorflow
Aditi Kumar 6177,data_scientist,Mid,full,machine learning|pandas|power bi|python|sql|statistics|tableau
Nikhil Chopra 6178,nlp_engineer,Intern,full,cloud|natural language processing|python|pytorch|scikit-learn
Yash Mehta 6179,data_analyst,Senior,full,data analysis|excel|pandas|postgresql|power bi|sql|tableau
Farhan Singh 6180,backend_developer,Senior,abbr,docker|java|postgresql|rest api|spring boot|sql
Vishal Pillai 6181,frontend_developer,Senior,abbr,git|html/css|javascript|react
Yash Prasad 6182,devops_engineer,Intern,mixed,ci/cd|cloud|linux|postgresql
Lalita Kapoor 6183,data_engineer,Senior,full,cloud|docker|kubernetes|linux|pandas|postgresql|python|sql
Zoya Gupta 6184,ml_engineer,Junior,full,deep learning|docker|machine learning|natural language processing|pytorch|tensorflow
Hema Tiwari 6185,data_scientist,Mid,abbr,deep learning|machine learning|pandas|python|scikit-learn|sql|statistics
Uma Joshi 6186,nlp_engineer,Junior,abbr,docker|natural language processing|python|pytorch|scikit-learn|text classification
Aniket Kaur 6187,data_analyst,Intern,mixed,data analysis|power bi|tableau
Sonal Hegde 6188,backend_developer,Mid,mixed,docker|java|postgresql|rest api|sql
Ramya Agarwal 6189,frontend_developer,Senior,abbr,docker|git|html/css|javascript|react
Rahul Kumar 6190,devops_engineer,Senior,mixed,ci/cd|cloud|docker|java|kubernetes|linux|python|sql
Gaurav Verma 6191,data_engineer,Intern,full,docker|linux|python|sql
Sneha Hegde 6192,ml_engineer,Senior,mixed,deep learning|machine learning|postgresql|python|pytorch|scikit-learn|tensorflow
Swathi Kumar 6193,data_scientist,Senior,mixed,data analysis|machine learning|pandas|power bi|python|scikit-learn|sql|statistics|tensorflow
Uma Sharma 6194,nlp_engineer,Intern,full,deep learning|javascript|natural language processing|text classification
Suresh Pillai 6195,data_analyst,Senior,full,data analysis|excel|power bi|sql|tableau
Bhargav Tiwari 6196,backend_developer,Senior,mixed,docker|java|mongodb|postgresql|python|rest api|spring boot|sql
Trisha Balan 6197,frontend_developer,Senior,full,docker|git|html/css|javascript|mongodb|python|react|rest api
Akash Nair 6198,devops_engineer,Mid,abbr,ci/cd|cloud|docker|kubernetes|postgresql|python
Ritu Patel 6199,data_engineer,Junior,abbr,ci/cd|cloud|docker|pandas|postgresql|python|sql
Indira Malhotra 6200,ml_engineer,Intern,mixed,machine learning|python|statistics|tensorflow
Harini Prasad,data_scientist,Intern,mixed,data analysis|machine learning|pandas|python
Ritu Tiwari 6202,nlp_engineer,Intern,full,cloud|numpy|postgresql|python|pytorch|scikit-learn|text classification
Rohan Desai 6203,data_analyst,Senior,full,data analysis|excel|power bi|sql|tableau
Zoya Iyer 6204,backend_developer,Mid,full,java|rest api|spring boot|sql
Yamini Sharma 6205,frontend_developer,Junior,mixed,git|html/css|javascript|machine learning|rest api
Akash Jain 6206,devops_engineer,Junior,full,cloud|docker|java|kubernetes|linux|machine learning|python
Bhargav Tiwari 6207,data_engineer,Mid,abbr,cloud|docker|kubernetes|postgresql|sql
Ishaan Bhatt 6208,ml_engineer,Senior,abbr,cloud|deep learning|machine learning|natural language processing|python|pytorch|scikit-learn|tensorflow
Yash Prasad 6209,data_scientist,Senior,abbr,cloud|data analysis|machine learning|numpy|pandas|python|scikit-learn|sql|statistics|text classification
Nisha Jain,nlp_engineer,Mid,mixed,deep learning|natural language processing|python|text classification
Naveen Gupta 6211,data_analyst,Junior,abbr,excel|pandas|postgresql|power bi|sql|statistics|tableau
Bhavna Subramanian 6212,backend_developer,Junior,full,java|kubernetes|machine learning|mongodb|postgresql|python|rest api|spring boot
Charu Varma 6213,frontend_developer,Intern,full,cloud|git|javascript|node.js
Lalita Sharma 6214,devops_engineer,Senior,full,ci/cd|cloud|docker|java|kubernetes|linux|postgresql
Hema Tiwari 6215,data_engineer,Intern,mixed,cloud|docker|mongodb|pandas|postgresql
Sameer Iyer 6216,ml_engineer,Junior,mixed,deep learning|numpy|postgresql|python|pytorch|sql|tensorflow
Harini Jain 6217,data_scientist,Intern,abbr,machine learning|numpy|pandas|python
Hema Tiwari 6218,nlp_engineer,Senior,full,deep learning|natural language processing|python|pytorch|text classification
Sonal Kaur 6219,data_analyst,Intern,abbr,data analysis|excel|sql|statistics
Rhea Chandran 6220,backend_developer,Senior,mixed,docker|java|mongodb|postgresql|rest api|spring boot|sql
Aniket Jain,frontend_developer,Mid,mixed,git|html/css|javascript|rest api
Vikram Varma 6222,devops_engineer,Senior,mixed,ci/cd|cloud|docker|git|kubernetes|linux
Vinay Agarwal 6223,data_engineer,Junior,mixed,cloud|docker|python|sql
Sahana Prasad 6224,ml_engineer,Senior,mixed,computer vision|deep learning|linux|machine learning|numpy|pandas|postgresql|python|pytorch|scikit-learn|tensorflow
Indira Menon 6225,data_scientist,Intern,mixed,pandas|python|statistics
Charu Venkatesh,nlp_engineer,Mid,mixed,deep learning|html/css|python|pytorch|react|scikit-learn|text classification
Divya Subramanian 6227,data_analyst,Intern,mixed,excel|power bi|python|sql
Naveen Nair 6228,backend_developer,Senior,mixed,git|java|postgresql|rest api|spring boot|sql
Qamar Nambiar 6229,frontend_developer,Intern,mixed,git|html/css
Abhay Singh 6230,devops_engineer,Senior,mixed,ci/cd|cloud|docker|git|java|kubernetes|linux|mongodb
Akash Kaur,data_engineer,Intern,full,cloud|linux|pandas|python|sql
Ramya Iyer 6232,ml_engineer,Mid,full,deep learning|docker|python|pytorch|scikit-learn|tensorflow
Shreya Balan 6233,data_scientist,Intern,abbr,machine learning|python|sql
Pooja Agarwal 6234,nlp_engineer,Junior,mixed,artificial intelligence|cloud|deep learning|natural language processing|numpy|pytorch|text classification
Gaurav Krishnan,data_analyst,Junior,mixed,data analysis|excel|pandas|power bi|python|tableau
Kabir Nambiar 6236,backend_developer,Junior,abbr,docker|java|kubernetes|python|rest api|spring boot|sql
Ravi Iyer 6237,frontend_developer,Junior,full,docker|git|html/css|javascript|node.js
Shreya Singh 6238,devops_engineer,Mid,full,ci/cd|docker|kubernetes|linux
Dhruv Venkatesh 6239,data_engineer,Senior,mixed,ci/cd|cloud|docker|linux|machine learning|pandas|postgresql|python|sql
Kabir Joshi 6240,ml_engineer,Intern,mixed,deep learning|python|statistics|tensorflow
Omkar Venkatesh,data_scientist,Mid,mixed,data analysis|git|java|machine learning|numpy|pandas|power bi|python|scikit-learn|sql|text classification
Bhargav Kulkarni 6242,nlp_engineer,Junior,mixed,deep learning|docker|natural language processing|python|scikit-learn|text classification
Meera Verma 6243,data_analyst,Junior,mixed,excel|pandas|power bi|react|sql|tableau
Esha Balan,backend_developer,Senior,abbr,docker|java|linux|postgresql|rest api|spring boot|sql
Naveen Balan 6245,frontend_developer,Senior,mixed,git|html/css|javascript|node.js|react
Udhav Venkatesh 6246,devops_engineer,Senior,mixed,ci/cd|cloud|docker|kubernetes|linux|python|pytorch
Udhav Tiwari 6247,data_engineer,Senior,abbr,ci/cd|cloud|docker|kubernetes|mongodb|postgresql|python|sql
Ishaan Menon 6248,ml_engineer,Intern,mixed,computer vision|deep learning|machine learning|sql|statistics|tensorflow
Vinay Ghosh 6249,data_scientist,Junior,mixed,cloud|data analysis|docker|pandas|python|sql
Chetan Iyer 6250,nlp_engineer,Senior,mixed,deep learning|natural language processing|python|pytorch|scikit-learn|text classification
Priya Kaur 6251,data_analyst,Junior,mixed,data analysis|excel|postgresql|power bi|tableau
Lakshmi Pillai 6252,backend_developer,Senior,abbr,java|linux|postgresql|rest api|spring boot|sql
Deepa Singh,frontend_developer,Junior,full,git|html/css|node.js|react
Kiran Iyer 6254,devops_engineer,Junior,mixed,ci/cd|cloud|javascript|kubernetes|linux|react
Ramya Kapoor 6255,data_engineer,Intern,mixed,cloud|python|sql
Kavya Raghavan 6256,ml_engineer,Junior,abbr,deep learning|machine learning|python|pytorch
Meera Ghosh 6257,data_scientist,Mid,abbr,data analysis|machine learning|numpy|pandas|sql|statistics
Naveen Kumar 6258,nlp_engineer,Junior,mixed,deep learning|html/css|python|pytorch|scikit-learn|text classification
Lalita Jain 6259,data_analyst,Mid,full,data analysis|excel|postgresql|python|sql|tableau
Vishal Kumar,backend_developer,Intern,mixed,java|kubernetes|linux|rest api|spring boot
Pallavi Desai 6261,frontend_developer,Mid,full,docker|git|javascript|react|sql
Naveen Hegde 6262,devops_engineer,Mid,abbr,ci/cd|docker|kubernetes|linux|postgresql|python
Naveen Saxena 6263,data_engineer,Intern,mixed,cloud|git|mongodb|postgresql|python|rest api
Akash Krishnan 6264,ml_engineer,Senior,mixed,computer vision|deep learning|machine learning|python|pytorch|scikit-learn|sql|statistics|tensorflow
Tanvi Tiwari 6265,data_scientist,Intern,abbr,deep learning|pandas|python|statistics
Suresh Raghavan 6266,nlp_engineer,Junior,full,ci/cd|natural language processing|python|pytorch|text classification
Lakshmi Krishnan 6267,data_analyst,Mid,full,excel|postgresql|power bi|sql|tableau
Nikhil Jain 6268,backend_developer,Junior,mixed,java|postgresql|rest api|spring boot
Rhea Deshpande 6269,frontend_developer,Mid,abbr,computer vision|git|html/css|node.js|react|rest api
Dhruv Prasad 6270,devops_engineer,Intern,full,ci/cd|docker|kubernetes|postgresql
Rakesh Varma 6271,data_engineer,Junior,abbr,cloud|docker|postgresql|sql
Ritu Nair,ml_engineer,Junior,abbr,cloud|docker|machine learning|python|pytorch|scikit-learn
Yash Jain 6273,data_scientist,Intern,abbr,natural language processing|pandas|python|statistics
Tarun Tiwari 6274,nlp_engineer,Senior,full,artificial intelligence|deep learning|natural language processing|postgresql|python|pytorch|text classification
Qamar Joshi 6275,data_analyst,Senior,abbr,data analysis|excel|pandas|postgresql|power bi|sql|tableau
Farhan Shetty 6276,backend_developer,Senior,full,docker|java|postgresql|python|rest api|spring boot|sql
Sneha Agarwal 6277,frontend_developer,Intern,abbr,git|html/css|linux|rest api|sql
Anjali Saxena 6278,devops_engineer,Junior,abbr,ci/cd|cloud|docker|git|java|linux|pytorch
Akash Singh 6279,data_engineer,Junior,mixed,cloud|docker|python|sql
Manish Prasad 6280,ml_engineer,Junior,full,machine learning|natural language processing|python|pytorch|scikit-learn
Darshan Patel 6281,data_scientist,Mid,mixed,data analysis|deep learning|machine learning|power bi|python|sql|statistics|text classification
Varun Kulkarni 6282,nlp_engineer,Mid,abbr,cloud|computer vision|deep learning|docker|natural language processing|python|scikit-learn|text classification
Ritu Reddy 6283,data_analyst,Senior,abbr,data analysis|docker|excel|postgresql|power bi|pytorch|sql|statistics|tableau
Abhay Kumar 6284,backend_developer,Junior,mixed,ci/cd|docker|java|kubernetes|mongodb|postgresql|spring boot|sql
Priya Balan 6285,frontend_developer,Senior,abbr,deep learning|git|html/css|javascript|python|react
Vishal Reddy 6286,devops_engineer,Mid,abbr,ci/cd|cloud|docker|java|linux
Divya Nair 6287,data_engineer,Intern,mixed,cloud|postgresql|python
Aarav Bhatt,ml_engineer,Mid,mixed,computer vision|deep learning|pandas|python|pytorch|scikit-learn|statistics|tensorflow
Jaya Kapoor 6289,data_scientist,Intern,mixed,artificial intelligence|deep learning|machine learning|pandas|scikit-learn|sql
Ramya Balan 6290,nlp_engineer,Intern,full,python|pytorch|text classification
Dhruv Reddy 6291,data_analyst,Junior,mixed,excel|postgresql|power bi|spring boot|sql|statistics|tableau
Kiran Hegde,backend_developer,Intern,full,ci/cd|python|rest api|spring boot|sql
Anjali Tiwari,frontend_developer,Mid,full,git|html/css|javascript
Vishal Jain 6294,devops_engineer,Senior,full,ci/cd|cloud|docker|git|java|kubernetes|linux
Nandini Jain,data_engineer,Intern,mixed,postgresql|python|spring boot|sql
Meera Gupta 6296,ml_engineer,Intern,mixed,machine learning|pytorch|scikit-learn|statistics
Shreya Hegde 6297,data_scientist,Intern,abbr,data analysis|machine learning|statistics
Yamini Balan 6298,nlp_engineer,Senior,abbr,deep learning|natural language processing|python|pytorch|sql|text classification
Lakshmi Varma 6299,data_analyst,Mid,abbr,data analysis|pandas|power bi|python|sql|tableau
Nandini Desai 6300,backend_developer,Junior,abbr,kubernetes|node.js|postgresql|rest api|spring boot|sql
Aditi Chandran 6301,frontend_developer,Intern,mixed,javascript|react|rest api
Naveen Iyer 6302,devops_engineer,Senior,abbr,ci/cd|cloud|docker|git|kubernetes|linux|python
Sanjay Naidu 6303,data_engineer,Mid,full,cloud|docker|natural language processing|postgresql|python|scikit-learn
Varun Chandran,ml_engineer,Junior,abbr,artificial intelligence|deep learning|docker|numpy|pytorch|scikit-learn|tensorflow
Jatin Malhotra 6305,data_scientist,Mid,full,data analysis|numpy|pandas|python|scikit-learn|sql|statistics|tableau
Yamini Kumar 6306,nlp_engineer,Intern,mixed,data analysis|natural language processing|python|text classification
Dhruv Mehta 6307,data_analyst,Junior,mixed,cloud|data analysis|deep learning|excel|pandas|postgresql|power bi|tableau
Vidya Malhotra 6308,backend_developer,Intern,mixed,ci/cd|git|java|mongodb|rest api|sql
Arjun Pillai 6309,frontend_developer,Mid,abbr,computer vision|git|html/css|node.js|pytorch|react
Parvati Agarwal 6310,devops_engineer,Mid,abbr,ci/cd|cloud|docker|linux|mongodb|spring boot
Pallavi Tiwari 6311,data_engineer,Senior,abbr,cloud|docker|pandas|postgresql|python|sql
Chetan Dubey 6312,ml_engineer,Senior,abbr,deep learning|machine learning|natural language processing|python|pytorch|scikit-learn|sql|statistics|tensorflow
Lalita Desai 6313,data_scientist,Intern,mixed,deep learning|machine learning|node.js|pandas|sql
Sameer Tiwari 6314,nlp_engineer,Junior,mixed,cloud|deep learning|machine learning|natural language processing|pytorch|scikit-learn|text classification
Aarav Saxena 6315,data_analyst,Senior,abbr,data analysis|excel|postgresql|power bi|sql|tableau
Chetan Sharma 6316,backend_developer,Intern,mixed,docker|postgresql|rest api|sql
Kavya Shetty 6317,frontend_developer,Senior,mixed,git|html/css|javascript|node.js|react|rest api
Manish Bhatt 6318,devops_engineer,Senior,abbr,ci/cd|cloud|docker|git|kubernetes|linux|node.js|react
Suresh Nambiar,data_engineer,Senior,abbr,cloud|docker|postgresql|python|sql
Uma Nair 6320,ml_engineer,Mid,mixed,deep learning|machine learning|python|pytorch|scikit-learn
Nisha Patel 6321,data_scientist,Junior,mixed,data analysis|numpy|pandas|python|sql
Qamar Raghavan 6322,nlp_engineer,Junior,full,artificial intelligence|deep learning|natural language processing|numpy|python|pytorch
Vinay Naidu 6323,data_analyst,Mid,mixed,excel|pandas|power bi|sql|statistics|tableau
Yash Shetty 6324,backend_developer,Junior,mixed,git|java|linux|machine learning|python|rest api|scikit-learn|spring boot|sql
Shreya Kapoor 6325,frontend_developer,Senior,full,git|html/css|javascript|node.js|react|rest api|spring boot
Farhan Kapoor,devops_engineer,Mid,mixed,cloud|docker|kubernetes|linux|rest api
Tarun Kulkarni 6327,data_engineer,Senior,mixed,cloud|docker|postgresql|python|sql
Darshan Shetty 6328,ml_engineer,Senior,full,deep learning|machine learning|python|pytorch|scikit-learn|tensorflow
Lalita Deshpande 6329,data_scientist,Senior,abbr,data analysis|machine learning|numpy|pandas|python|sql|statistics
Yamini Gupta 6330,nlp_engineer,Senior,abbr,cloud|deep learning|natural language processing|python|pytorch|text classification
Lakshmi Menon 6331,data_analyst,Junior,full,data analysis|excel|postgresql|power bi|tableau
Kavya Subramanian 6332,backend_developer,Senior,abbr,docker|java|kubernetes|mongodb|postgresql|python|rest api|spring boot|sql
Bhavna Deshpande 6333,frontend_developer,Senior,mixed,git|html/css|java|javascript|react|rest api
Ananya Shetty 6334,devops_engineer,Senior,abbr,ci/cd|cloud|docker|kubernetes|linux|python
Rahul Nair 6335,data_engineer,Junior,mixed,cloud|docker|kubernetes|linux|mongodb|postgresql|sql
Rakesh Mehta 6336,ml_engineer,Junior,full,data analysis|machine learning|postgresql|python|pytorch|scikit-learn
Uma Bhatt 6337,data_scientist,Intern,mixed,data analysis|machine learning|pandas
Ritu Malhotra 6338,nlp_engineer,Mid,full,artificial intelligence|deep learning|natural language processing|python|pytorch
Neha Tiwari 6339,data_analyst,Intern,mixed,data analysis|excel|sql
Charu Kulkarni 6340,backend_developer,Senior,full,docker|java|linux|mongodb|postgresql|python|rest api|spring boot|sql
Akash Chandran 6341,frontend_developer,Mid,mixed,docker|git|html/css|javascript|rest api
Rakesh Iyer 6342,devops_engineer,Junior,abbr,ci/cd|cloud|kubernetes|linux|machine learning
Nikhil Malhotra 6343,data_engineer,Junior,abbr,cloud|docker|postgresql|sql
Zoya Gupta 6344,ml_engineer,Senior,abbr,computer vision|deep learning|docker|machine learning|pandas|python|pytorch|scikit-learn|sql|tensorflow
Shreya Kumar,data_scientist,Intern,mixed,data analysis|numpy|python|statistics|text classification
Jatin Patel 6346,nlp_engineer,Junior,full,artificial intelligence|cloud|deep learning|docker|natural language processing|numpy|python|sql|text classification
Aarav Pillai 6347,data_analyst,Mid,full,data analysis|excel|pandas|power bi|statistics|tableau
Ravi Pillai,backend_developer,Senior,mixed,java|postgresql|rest api|spring boot|sql
Uma Raghavan 6349,frontend_developer,Mid,mixed,git|html/css|node.js|pytorch|react|tensorflow
Manish Rao 6350,devops_engineer,Mid,mixed,ci/cd|cloud|javascript|kubernetes|linux
Lalita Jain 6351,data_engineer,Intern,mixed,artificial intelligence|cloud|docker|machine learning|postgresql
Tanvi Verma 6352,ml_engineer,Senior,abbr,cloud|deep learning|machine learning|pandas|python|pytorch|scikit-learn|sql|tensorflow
Madhav Joshi,data_scientist,Mid,abbr,data analysis|git|machine learning|pandas|python|sql
Neha Dubey 6354,nlp_engineer,Mid,mixed,artificial intelligence|cloud|deep learning|docker|git|natural language processing|numpy|python|text classification
Tanvi Bhatt 6355,data_analyst,Intern,mixed,data analysis|excel|pandas|power bi
Ritu Nair 6356,backend_developer,Senior,mixed,computer vision|docker|java|linux|mongodb|postgresql|rest api|spring boot|sql
Neha Verma 6357,frontend_developer,Intern,full,docker|html/css|javascript|kubernetes|sql
Kavya Krishnan,devops_engineer,Junior,full,cloud|docker|kubernetes|linux|python
Hema Sharma 6359,data_engineer,Intern,full,cloud|docker|pandas|python
Swathi Chopra 6360,ml_engineer,Senior,abbr,cloud|computer vision|deep learning|machine learning|natural language processing|numpy|python|pytorch|scikit-learn|sql|tensorflow
Aarav Dubey 6361,data_scientist,Senior,mixed,cloud|data analysis|machine learning|pandas|python|sql|statistics|tableau|text classification
Vikram Jain 6362,nlp_engineer,Mid,abbr,deep learning|machine learning|natural language processing|numpy|pytorch|text classification
Omkar Pillai 6363,data_analyst,Junior,abbr,data analysis|git|power bi|python|sql|tableau
Kabir Jain 6364,backend_developer,Intern,full,java|spring boot|sql
Esha Nambiar 6365,frontend_developer,Junior,mixed,html/css|javascript|react
Deepa Balan 6366,devops_engineer,Junior,full,ci/cd|docker|kubernetes|linux|postgresql
Sahana Krishnan 6367,data_engineer,Intern,full,cloud|docker|postgresql
Abhay Saxena 6368,ml_engineer,Mid,abbr,deep learning|mongodb|python|pytorch|scikit-learn|tensorflow
Madhav Varma 6369,data_scientist,Mid,abbr,cloud|data analysis|git|machine learning|pandas|python|statistics
Bhavna Saxena 6370,nlp_engineer,Junior,mixed,cloud|machine learning|natural language processing|numpy|python|pytorch|text classification
Harini Agarwal 6371,data_analyst,Junior,mixed,excel|pandas|power bi|sql|statistics|tableau
Kabir Gupta 6372,backend_developer,Intern,full,java|linux|postgresql|sql|tableau
Jatin Bhatt 6373,frontend_developer,Intern,mixed,git|javascript|python|rest api
Trisha Verma 6374,devops_engineer,Mid,mixed,ci/cd|cloud|docker|linux|pandas
Zoya Tiwari 6375,data_engineer,Junior,full,ci/cd|cloud|docker|pandas|python|sql
Bhavna Singh,ml_engineer,Senior,mixed,deep learning|machine learning|numpy|python|pytorch|scikit-learn|tensorflow
Indira Tiwari 6377,data_scientist,Senior,mixed,data analysis|machine learning|pandas|python|sql|statistics
Swathi Kaur 6378,nlp_engineer,Senior,mixed,data analysis|deep learning|natural language processing|python|pytorch|scikit-learn|text classification
Kiran Pillai 6379,data_analyst,Mid,abbr,data analysis|excel|postgresql|power bi|statistics|tableau
Arjun Chopra 6380,backend_developer,Junior,mixed,java|postgresql|rest api|spring boot
Aarav Naidu 6381,frontend_developer,Junior,abbr,git|javascript|react|rest api
Vidya Jain 6382,devops_engineer,Junior,full,ci/cd|cloud|docker|linux
Farhan Bhatt 6383,data_engineer,Junior,mixed,cloud|pandas|postgresql|power bi|python|sql
Hema Reddy 6384,ml_engineer,Junior,mixed,deep learning|docker|machine learning|pandas|python|pytorch
Pooja Nambiar 6385,data_scientist,Senior,abbr,data analysis|machine learning|pandas|python|rest api|scikit-learn|sql|statistics|text classification
Dhruv Dubey 6386,nlp_engineer,Junior,full,deep learning|natural language processing|numpy|python|text classification
Sameer Jain 6387,data_analyst,Mid,full,data analysis|power bi|sql|tableau
Lalita Raghavan 6388,backend_developer,Junior,abbr,cloud|git|java|mongodb|postgresql|python|rest api|spring boot
Pranav Shetty 6389,frontend_developer,Junior,full,git|javascript|node.js|react
Ravi Dubey 6390,devops_engineer,Intern,abbr,ci/cd|cloud|data analysis|linux|pandas
Kavya Pillai 6391,data_engineer,Senior,mixed,cloud|docker|postgresql|python|sql
Ramya Subramanian 6392,ml_engineer,Senior,mixed,cloud|deep learning|machine learning|pandas|python|pytorch|scikit-learn|tensorflow
Ananya Raghavan,data_scientist,Senior,mixed,data analysis|machine learning|pandas|python|scikit-learn|sql|statistics|tableau
Aditi Pillai 6394,nlp_engineer,Junior,abbr,artificial intelligence|cloud|deep learning|docker|natural language processing|pandas|python|text classification
Sahana Nambiar 6395,data_analyst,Mid,abbr,data analysis|excel|sql|tableau
Shreya Shetty 6396,backend_developer,Senior,abbr,docker|git|java|natural language processing|postgresql|python|rest api|spring boot|sql
Darshan Nambiar 6397,frontend_developer,Junior,mixed,git|html/css|javascript
Ganesh Malhotra 6398,devops_engineer,Junior,abbr,ci/cd|docker|kubernetes|linux
Charu Nair 6399,data_engineer,Junior,full,cloud|docker|java|kubernetes|linux|pandas|postgresql|sql
Madhav Sharma,ml_engineer,Junior,abbr,deep learning|docker|kubernetes|machine learning|python|scikit-learn
Neha Verma 6401,data_scientist,Junior,abbr,machine learning|postgresql|python|sql|statistics
Lakshmi Jain 6402,nlp_engineer,Senior,abbr,computer vision|deep learning|natural language processing|python|pytorch|text classification
Swathi Pillai 6403,data_analyst,Mid,full,docker|excel|kubernetes|postgresql|power bi|sql|tableau
Pranav Joshi 6404,backend_developer,Junior,abbr,java|mongodb|postgresql|python|rest api|spring boot
Abhay Raghavan 6405,frontend_developer,Mid,mixed,git|html/css|javascript|node.js
Ganesh Joshi 6406,devops_engineer,Intern,abbr,ci/cd|docker|kubernetes
Nikhil Ghosh 6407,data_engineer,Mid,mixed,ci/cd|cloud|docker|postgresql|sql
Akash Kapoor 6408,ml_engineer,Senior,abbr,computer vision|deep learning|docker|machine learning|natural language processing|python|pytorch|scikit-learn|sql|tensorflow
Ganesh Subramanian 6409,data_scientist,Senior,abbr,cloud|data analysis|machine learning|pandas|python|scikit-learn|sql|statistics|tableau
Shreya Reddy 6410,nlp_engineer,Junior,abbr,artificial intelligence|cloud|natural language processing|numpy|python|pytorch|text classification
Vidya Kulkarni 6411,data_analyst,Senior,full,data analysis|excel|postgresql|power bi|python|sql|tableau
Qamar Mehta 6412,backend_developer,Mid,abbr,postgresql|rest api|spring boot|sql
Ananya Saxena 6413,frontend_developer,Junior,mixed,deep learning|docker|git|javascript|react
Jaya Kapoor 6414,devops_engineer,Mid,abbr,ci/cd|cloud|docker|kubernetes|power bi
Uma Varma 6415,data_engineer,Mid,mixed,ci/cd|cloud|kubernetes|mongodb|postgresql|python|sql
Tarun Pillai 6416,ml_engineer,Intern,full,cloud|computer vision|deep learning|python|scikit-learn
Aditi Singh 6417,data_scientist,Junior,abbr,data analysis|machine learning|node.js|numpy|pandas|power bi|python|text classification
Arjun Shetty 6418,nlp_engineer,Junior,abbr,deep learning|linux|python|pytorch|sql|text classification
Yamini Krishnan 6419,data_analyst,Junior,mixed,data analysis|excel|power bi|python|tableau
Qamar Ghosh 6420,backend_developer,Mid,mixed,java|kubernetes|postgresql|python|rest api|spring boot
Ganesh Nambiar 6421,frontend_developer,Mid,mixed,html/css|javascript|python|react|rest api
Kavya Kaur 6422,devops_engineer,Junior,full,ci/cd|cloud|docker|git|linux
Meera Chopra 6423,data_engineer,Junior,abbr,cloud|data analysis|deep learning|docker|postgresql|python
Madhav Patel 6424,ml_engineer,Mid,abbr,deep learning|java|machine learning|pandas|python|pytorch|sql|statistics|tensorflow
Gaurav Nair 6425,data_scientist,Mid,abbr,cloud|data analysis|kubernetes|linux|machine learning|power bi|python|sql|statistics
Parvati Saxena 6426,nlp_engineer,Intern,abbr,deep learning|natural language processing|python|pytorch|scikit-learn
Ravi Sharma 6427,data_analyst,Mid,abbr,data analysis|excel|power bi|python|tableau
Ramya Desai 6428,backend_developer,Intern,abbr,docker|excel|git|java|spring boot|sql
Vikram Menon 6429,frontend_developer,Intern,abbr,git|javascript|node.js
Sahana Tiwari 6430,devops_engineer,Mid,full,ci/cd|docker|java|kubernetes|linux
Parvati Rao 6431,data_engineer,Junior,mixed,cloud|docker|kubernetes|postgresql|sql|statistics
Aniket Krishnan 6432,ml_engineer,Mid,full,cloud|docker|machine learning|numpy|python|pytorch|scikit-learn|tensorflow
Udhav Reddy 6433,data_scientist,Intern,mixed,machine learning|pandas|scikit-learn|sql
Farhan Ghosh 6434,nlp_engineer,Senior,full,artificial intelligence|deep learning|natural language processing|python|pytorch|scikit-learn|text classification
Parvati Singh 6435,data_analyst,Junior,full,excel|pandas|power bi|sql|tableau
Kavya Chopra 6436,backend_developer,Senior,mixed,java|linux|mongodb|postgresql|rest api|spring boot|sql
Divya Krishnan 6437,frontend_developer,Junior,abbr,git|javascript|react
Ishaan Rao 6438,devops_engineer,Intern,full,ci/cd|computer vision|docker|linux
Vinay Hegde 6439,data_engineer,Intern,full,postgresql|python|sql
Rajesh Menon 6440,ml_engineer,Mid,mixed,computer vision|data analysis|deep learning|machine learning|natural language processing|python|scikit-learn|sql|statistics|tableau|tensorflow
Indira Nambiar 6441,data_scientist,Intern,full,cloud|data analysis|machine learning|scikit-learn|sql
Bhargav Naidu 6442,nlp_engineer,Mid,mixed,natural language processing|python|pytorch|text classification
Ravi Tiwari,data_analyst,Intern,mixed,excel|sql|tableau
Sanjay Malhotra 6444,backend_developer,Senior,mixed,git|java|kubernetes|linux|postgresql|rest api|spring boot|sql
Rohan Nair 6445,frontend_developer,Mid,full,git|html/css|javascript
Abhay Kumar 6446,devops_engineer,Junior,full,ci/cd|cloud|docker|linux
Rohan Deshpande 6447,data_engineer,Senior,mixed,ci/cd|cloud|docker|pandas|postgresql|python|sql
Kiran Varma 6448,ml_engineer,Senior,full,computer vision|deep learning|machine learning|natural language processing|python|pytorch|scikit-learn|spring boot|sql|tensorflow
Vidya Menon 6449,data_scientist,Mid,abbr,deep learning|machine learning|numpy|pandas|python|sql|statistics|tableau
Sneha Chandran 6450,nlp_engineer,Intern,full,natural language processing|python|pytorch|scikit-learn
Rohan Verma,data_analyst,Senior,mixed,data analysis|excel|pandas|postgresql|power bi|sql|tableau
Sanjay Saxena,backend_developer,Intern,abbr,git|java|kubernetes|postgresql|rest api
Priya Venkatesh 6453,frontend_developer,Senior,mixed,docker|git|html/css|javascript|react
Bhargav Gupta 6454,devops_engineer,Mid,full,ci/cd|cloud|kubernetes|linux
Rhea Gupta,data_engineer,Junior,mixed,ci/cd|cloud|docker|javascript|kubernetes|postgresql|react|sql
Pranav Tiwari 6456,ml_engineer,Junior,abbr,deep learning|pytorch|scikit-learn|tensorflow
Vikram Bhatt,data_scientist,Mid,abbr,data analysis|pandas|python|sql|statistics|text classification
Bhargav Joshi 6458,nlp_engineer,Intern,mixed,artificial intelligence|docker|linux|natural language processing|pytorch|scikit-learn|text classification
Ramya Iyer 6459,data_analyst,Intern,mixed,data analysis|postgresql|sql|statistics|tableau
Aniket Rao 6460,backend_developer,Mid,mixed,docker|java|kubernetes|postgresql|rest api|sql
Kavya Chopra 6461,frontend_developer,Mid,full,data analysis|git|javascript|react|rest api
Tanvi Kaur 6462,devops_engineer,Junior,mixed,ci/cd|cloud|java|kubernetes|linux
Trisha Rao 6463,data_engineer,Mid,mixed,cloud|docker|mongodb|postgresql|sql
Parvati Iyer 6464,ml_engineer,Senior,mixed,cloud|deep learning|docker|machine learning|numpy|pandas|python|pytorch|scikit-learn|tensorflow
Kavya Verma 6465,data_scientist,Junior,mixed,cloud|data analysis|machine learning|pandas|postgresql|sql|statistics
Qamar Joshi 6466,nlp_engineer,Senior,abbr,cloud|deep learning|docker|machine learning|natural language processing|power bi|python|pytorch|scikit-learn|text classification
Neha Sharma 6467,data_analyst,Mid,full,cloud|excel|power bi|sql|tableau
Harini Mehta 6468,backend_developer,Senior,mixed,deep learning|java|linux|postgresql|python|rest api|scikit-learn|spring boot|sql
Vikram Venkatesh 6469,frontend_developer,Intern,mixed,git|html/css
Anjali Iyer 6470,devops_engineer,Intern,mixed,ci/cd|docker|java|linux
Meera Kumar 6471,data_engineer,Mid,mixed,cloud|docker|postgresql|sql
Lalita Jain 6472,ml_engineer,Mid,mixed,deep learning|machine learning|python|scikit-learn|sql|tensorflow
Suresh Nambiar 6473,data_scientist,Intern,abbr,data analysis|sql|statistics
Rohan Kumar 6474,nlp_engineer,Junior,mixed,deep learning|docker|natural language processing|python|text classification
Pooja Jain 6475,data_analyst,Mid,mixed,data analysis|excel|power bi|tableau
Udhav Chopra 6476,backend_developer,Mid,mixed,docker|git|java|postgresql|pytorch|spring boot|sql
Lalita Shetty 6477,frontend_developer,Junior,abbr,html/css|javascript|react
Dhruv Agarwal 6478,devops_engineer,Senior,full,ci/cd|cloud|docker|kubernetes|linux
Lalita Rao,data_engineer,Intern,mixed,docker|linux|postgresql|python|pytorch
Jatin Reddy 6480,ml_engineer,Mid,abbr,computer vision|machine learning|natural language processing|numpy|python|pytorch|scikit-learn|statistics|tensorflow
Tanvi Nambiar 6481,data_scientist,Junior,full,data analysis|pandas|python|statistics
Bhargav Joshi 6482,nlp_engineer,Junior,mixed,data analysis|deep learning|natural language processing|pandas|python|text classification
Akash Subramanian 6483,data_analyst,Mid,full,data analysis|excel|pandas|sql|tableau
Sameer Joshi 6484,backend_developer,Junior,abbr,git|postgresql|rest api|spring boot|sql|statistics
Omkar Tiwari,frontend_developer,Intern,mixed,html/css|javascript
Ritu Prasad 6486,devops_engineer,Intern,mixed,docker|java|kubernetes|linux
Rajesh Verma 6487,data_engineer,Intern,full,cloud|docker|postgresql
Sanjay Tiwari,ml_engineer,Mid,abbr,computer vision|deep learning|machine learning|numpy|pandas|pytorch|scikit-learn|statistics|tableau|tensorflow
Tanvi Sharma 6489,data_scientist,Intern,full,data analysis|machine learning|statistics
Varun Tiwari 6490,nlp_engineer,Senior,full,artificial intelligence|cloud|deep learning|natural language processing|numpy|python|pytorch|text classification
Vishal Desai 6491,data_analyst,Intern,full,cloud|data analysis|pandas|postgresql|power bi|tableau
Parvati Agarwal 6492,backend_developer,Junior,full,java|postgresql|rest api|spring boot
Aniket Tiwari 6493,frontend_developer,Senior,abbr,git|html/css|javascript|linux|node.js|react|rest api
Gaurav Ghosh 6494,devops_engineer,Senior,mixed,ci/cd|cloud|docker|kubernetes|linux
Priya Varma 6495,data_engineer,Senior,full,ci/cd|cloud|docker|numpy|postgresql|python|pytorch|sql
Sonal Kaur 6496,ml_engineer,Intern,full,deep learning|docker|kubernetes|pytorch|scikit-learn
Arjun Sharma 6497,data_scientist,Intern,mixed,data analysis|linux|pandas|scikit-learn|sql|text classification
Lakshmi Verma 6498,nlp_engineer,Senior,full,cloud|deep learning|docker|machine learning|natural language processing|python|pytorch|scikit-learn|text classification
Farhan Desai 6499,data_analyst,Intern,mixed,data analysis|sql|tableau
Sanjay Raghavan 6500,backend_developer,Mid,full,java|linux|pandas|python|rest api|spring boot|sql
Yamini Venkatesh 6501,frontend_developer,Intern,abbr,git|javascript
Tarun Kaur,devops_engineer,Junior,mixed,ci/cd|cloud|docker|git|kubernetes|scikit-learn
Parvati Menon 6503,data_engineer,Intern,abbr,cloud|postgresql|python
Nisha Krishnan 6504,ml_engineer,Junior,abbr,deep learning|docker|pandas|python|scikit-learn|sql|tensorflow
Sanjay Chandran 6505,data_scientist,Senior,full,data analysis|deep learning|machine learning|natural language processing|pandas|python|scikit-learn|sql|statistics|tableau
Manish Patel 6506,nlp_engineer,Mid,abbr,docker|natural language processing|numpy|python|pytorch|react|text classification
Ritu Chandran,data_analyst,Mid,mixed,excel|power bi|sql|tableau
Pooja Saxena 6508,backend_developer,Junior,mixed,git|java|kubernetes|mongodb|postgresql|rest api|spring boot
Meera Shetty 6509,frontend_developer,Intern,full,docker|git|html/css
Pranav Saxena 6510,devops_engineer,Intern,abbr,docker|kubernetes|linux|python
Ritu Singh 6511,data_engineer,Junior,mixed,docker|mongodb|postgresql|python|sql
Sneha Pillai 6512,ml_engineer,Senior,mixed,cloud|computer vision|deep learning|machine learning|numpy|python|pytorch|scikit-learn|tensorflow
Lalita Malhotra 6513,data_scientist,Intern,full,data analysis|pandas|power bi|statistics|tableau
Yash Reddy,nlp_engineer,Junior,full,artificial intelligence|deep learning|natural language processing|pytorch|scikit-learn|text classification
Lakshmi Subramanian 6515,data_analyst,Intern,full,excel|postgresql|sql|tableau
Ganesh Iyer 6516,backend_developer,Senior,mixed,docker|java|mongodb|postgresql|python|rest api|spring boot|sql
Siddharth Nambiar 6517,frontend_developer,Intern,abbr,git|javascript|rest api
Nikhil Kulkarni 6518,devops_engineer,Senior,abbr,ci/cd|cloud|docker|kubernetes|linux
Rakesh Deshpande,data_engineer,Junior,abbr,cloud|docker|kubernetes|postgresql|sql
Pooja Desai 6520,ml_engineer,Senior,full,computer vision|deep learning|machine learning|python|pytorch|scikit-learn|statistics|tableau|tensorflow
Tanvi Deshpande 6521,data_scientist,Intern,abbr,deep learning|machine learning|numpy|pandas|statistics
Hema Raghavan 6522,nlp_engineer,Mid,mixed,artificial intelligence|deep learning|linux|natural language processing|python|text classification
Deepa Jain 6523,data_analyst,Junior,mixed,data analysis|excel|pandas|power bi|python|tableau
Yash Nair 6524,backend_developer,Junior,mixed,postgresql|rest api|spring boot|sql
Sneha Naidu 6525,frontend_developer,Junior,abbr,deep learning|git|javascript|node.js|numpy|react
Rakesh Krishnan 6526,devops_engineer,Intern,full,cloud|kubernetes|linux|postgresql
Meera Rao 6527,data_engineer,Mid,mixed,cloud|docker|linux|pandas|postgresql|sql
Aditi Varma 6528,ml_engineer,Senior,abbr,deep learning|machine learning|python|pytorch|scikit-learn|sql|tensorflow
Omkar Patel 6529,data_scientist,Senior,abbr,cloud|data analysis|deep learning|machine learning|pandas|power bi|python|sql|statistics|text classification
Ravi Venkatesh,nlp_engineer,Junior,mixed,deep learning|natural language processing|numpy|python|sql|text classification
Neha Sharma 6531,data_analyst,Junior,abbr,excel|postgresql|power bi|python|sql|tableau
Pranav Venkatesh 6532,backend_developer,Junior,mixed,java|linux|postgresql|python|spring boot|sql
Aniket Reddy 6533,frontend_developer,Intern,abbr,javascript|node.js|react
Anjali Joshi 6534,devops_engineer,Mid,full,ci/cd|cloud|docker|git|linux|scikit-learn|text classification
Pranav Naidu 6535,data_engineer,Mid,mixed,ci/cd|docker|postgresql|python|sql|text classification
Sahana Pillai 6536,ml_engineer,Senior,abbr,deep learning|docker|machine learning|natural language processing|pandas|python|pytorch|scikit-learn|sql|tensorflow
Rakesh Varma 6537,data_scientist,Senior,abbr,data analysis|deep learning|docker|kubernetes|machine learning|pandas|python|sql|statistics|tableau|text classification
Tanvi Varma 6538,nlp_engineer,Senior,full,artificial intelligence|deep learning|machine learning|natural language processing|python|pytorch|text classification
Siddharth Shetty,data_analyst,Junior,mixed,data analysis|excel|power bi|tableau
Ishaan Rao 6540,backend_developer,Junior,mixed,docker|java|linux|postgresql|python|rest api|spring boot
Harini Subramanian,frontend_developer,Intern,full,html/css|javascript|kubernetes|node.js
Vidya Nair 6542,devops_engineer,Junior,abbr,ci/cd|cloud|kubernetes|linux
Sneha Pillai 6543,data_engineer,Mid,mixed,docker|postgresql|python|sql
Nikhil Naidu 6544,ml_engineer,Senior,full,deep learning|machine learning|natural language processing|numpy|pandas|python|pytorch|scikit-learn|sql|statistics|tensorflow
Aditi Venkatesh 6545,data_scientist,Mid,abbr,data analysis|deep learning|machine learning|numpy|pandas|python|scikit-learn|statistics|text classification
Nikhil Kumar 6546,nlp_engineer,Mid,abbr,deep learning|natural language processing|python|text classification
Bhargav Naidu 6547,data_analyst,Junior,abbr,data analysis|excel|pandas|sql|statistics|tableau
Divya Venkatesh 6548,backend_developer,Mid,abbr,docker|git|java|postgresql|spring boot|sql
Kabir Krishnan 6549,frontend_developer,Mid,full,docker|html/css|javascript|node.js|react
Manish Hegde 6550,devops_engineer,Mid,full,cloud|docker|git|kubernetes|linux|pytorch
Zoya Deshpande 6551,data_engineer,Junior,mixed,cloud|docker|linux|pandas|postgresql|sql|statistics
Hema Hegde 6552,ml_engineer,Intern,full,data analysis|deep learning|machine learning|numpy|scikit-learn|tableau
Vidya Chopra 6553,data_scientist,Junior,mixed,data analysis|machine learning|pandas|scikit-learn|statistics
Udhav Joshi 6554,nlp_engineer,Junior,abbr,cloud|deep learning|docker|machine learning|natural language processing|postgresql|python|tableau|text classification
Ishaan Raghavan,data_analyst,Mid,full,data analysis|excel|sql|tableau
Kabir Raghavan 6556,backend_developer,Senior,mixed,deep learning|docker|java|kubernetes|linux|postgresql|rest api|spring boot|sql
Pooja Patel 6557,frontend_developer,Mid,full,html/css|javascript|postgresql|react|spring boot
Priya Pillai 6558,devops_engineer,Mid,abbr,ci/cd|docker|kubernetes|linux|text classification
Kiran Kulkarni 6559,data_engineer,Junior,mixed,docker|postgresql|python|sql
Vikram Singh 6560,ml_engineer,Junior,mixed,git|kubernetes|machine learning|pandas|python|pytorch|scikit-learn|statistics
Madhav Balan 6561,data_scientist,Mid,full,data analysis|machine learning|natural language processing|pandas|pytorch|sql|statistics
Indira Nambiar 6562,nlp_engineer,Junior,mixed,cloud|docker|natural language processing|python|pytorch|scikit-learn|text classification
Pranav Reddy 6563,data_analyst,Mid,abbr,data analysis|excel|pandas|power bi|sql|tableau
Indira Deshpande 6564,backend_developer,Junior,abbr,git|java|kubernetes|linux|postgresql|rest api|spring boot
Abhay Deshpande 6565,frontend_developer,Intern,abbr,javascript|react
Sonal Agarwal 6566,devops_engineer,Intern,mixed,cloud|git|kubernetes|linux
Divya Chandran 6567,data_engineer,Senior,mixed,ci/cd|cloud|docker|kubernetes|linux|postgresql|python|sql
Tanvi Bhatt 6568,ml_engineer,Intern,mixed,cloud|deep learning|machine learning|scikit-learn
Parvati Nambiar 6569,data_scientist,Mid,abbr,data analysis|deep learning|docker|machine learning|numpy|pandas|python|statistics|text classification
Harini Kulkarni 6570,nlp_engineer,Mid,abbr,deep learning|natural language processing|python|text classification
Manish Gupta 6571,data_analyst,Intern,full,data analysis|power bi|python|sql
Jatin Kapoor 6572,backend_developer,Senior,full,cloud|java|kubernetes|mongodb|postgresql|python|rest api|spring boot|sql|text classification
Farhan Kaur 6573,frontend_developer,Junior,mixed,git|javascript|react
Rahul Verma 6574,devops_engineer,Junior,full,ci/cd|cloud|docker|java|kubernetes|postgresql
Hema Gupta 6575,data_engineer,Junior,abbr,cloud|docker|git|linux|pandas|postgresql|sql
Vikram Patel 6576,ml_engineer,Junior,full,computer vision|deep learning|numpy|python|pytorch|scikit-learn
Sonal Saxena 6577,data_scientist,Mid,abbr,data analysis|machine learning|postgresql|python|sql|statistics|tableau
Priya Kapoor 6578,nlp_engineer,Mid,mixed,deep learning|natural language processing|pytorch|text classification
Rakesh Desai,data_analyst,Mid,abbr,data analysis|excel|postgresql|sql|tableau
Chetan Verma 6580,backend_developer,Senior,abbr,docker|java|kubernetes|mongodb|postgresql|rest api|spring boot|sql
Arjun Sharma 6581,frontend_developer,Senior,abbr,git|html/css|javascript|node.js|react
Lalita Kapoor 6582,devops_engineer,Senior,abbr,ci/cd|cloud|docker|kubernetes|linux|numpy|postgresql|python|text classification
Kavya Deshpande 6583,data_engineer,Intern,abbr,cloud|pandas|python|sql
Charu Chandran 6584,ml_engineer,Senior,mixed,deep learning|machine learning|python|pytorch|scikit-learn|tensorflow
Divya Reddy 6585,data_scientist,Junior,mixed,data analysis|deep learning|linux|machine learning|postgresql|power bi|sql|statistics
Lakshmi Hegde 6586,nlp_engineer,Senior,mixed,deep learning|natural language processing|python|pytorch|text classification
Meera Nair 6587,data_analyst,Intern,full,docker|postgresql|power bi|sql|tableau
Sahana Jain 6588,backend_developer,Junior,mixed,java|rest api|spring boot|sql
Bhavna Nambiar 6589,frontend_developer,Junior,mixed,git|javascript|react
Sahana Mehta 6590,devops_engineer,Mid,mixed,cloud|docker|git|java|kubernetes|linux
Qamar Chopra 6591,data_engineer,Senior,abbr,artificial intelligence|cloud|docker|linux|pandas|postgresql|python|pytorch|sql
Kiran Mehta 6592,ml_engineer,Junior,full,machine learning|pandas|pytorch|scikit-learn|statistics|tensorflow
Lakshmi Tiwari,data_scientist,Mid,full,deep learning|machine learning|numpy|pandas|power bi|python|scikit-learn|sql|statistics
Pranav Bhatt 6594,nlp_engineer,Mid,abbr,docker|natural language processing|numpy|python|pytorch|scikit-learn|text classification
Pooja Iyer,data_analyst,Senior,full,data analysis|excel|power bi|sql|tableau
Qamar Patel 6596,backend_developer,Senior,mixed,ci/cd|docker|git|java|postgresql|rest api|spring boot|sql
Udhav Agarwal 6597,frontend_developer,Junior,abbr,docker|git|html/css|javascript
Lalita Rao 6598,devops_engineer,Mid,mixed,ci/cd|cloud|docker|kubernetes
Divya Kulkarni 6599,data_engineer,Senior,abbr,cloud|data analysis|docker|postgresql|python|sql
Darshan Mehta 6600,ml_engineer,Junior,full,cloud|deep learning|docker|pytorch|scikit-learn|tensorflow
Rakesh Tiwari 6601,data_scientist,Intern,abbr,deep learning|git|machine learning|pandas|postgresql|power bi|sql
Pranav Varma 6602,nlp_engineer,Intern,abbr,artificial intelligence|deep learning|docker|natural language processing|python
Abhay Joshi 6603,data_analyst,Senior,mixed,data analysis|excel|mongodb|postgresql|power bi|python|sql|tableau
Ganesh Ghosh 6604,backend_developer,Senior,full,java|kubernetes|postgresql|rest api|spring boot|sql
Udhav Subramanian 6605,frontend_developer,Senior,mixed,cloud|git|html/css|javascript|node.js|react
Hema Reddy 6606,devops_engineer,Senior,mixed,ci/cd|cloud|docker|git|kubernetes|linux
Sameer Subramanian 6607,data_engineer,Junior,abbr,cloud|docker|python|sql
Madhav Tiwari 6608,ml_engineer,Senior,full,cloud|deep learning|machine learning|natural language processing|pandas|python|pytorch|scikit-learn|sql|statistics|tensorflow
Indira Shetty 6609,data_scientist,Mid,abbr,cloud|data analysis|machine learning|power bi|python|sql|statistics
Suresh Singh 6610,nlp_engineer,Junior,mixed,deep learning|docker|natural language processing|numpy|pytorch|scikit-learn|text classification
Rhea Kapoor 6611,data_analyst,Senior,mixed,cloud|data analysis|excel|power bi|python|pytorch|sql|tableau
Ravi Kapoor 6612,backend_developer,Senior,full,git|java|kubernetes|linux|postgresql|python|rest api|spring boot|sql
Aditi Deshpande 6613,frontend_developer,Intern,mixed,cloud|data analysis|javascript|react
Neha Iyer 6614,devops_engineer,Junior,abbr,ci/cd|cloud|java|kubernetes|linux|postgresql|scikit-learn
Vishal Prasad 6615,data_engineer,Junior,abbr,deep learning|docker|machine learning|postgresql|python|sql
Aniket Singh 6616,ml_engineer,Junior,mixed,deep learning|docker|python|pytorch|sql|tensorflow
Tanvi Naidu 6617,data_scientist,Junior,abbr,data analysis|deep learning|machine learning|python|sql|text classification
Nikhil Menon 6618,nlp_engineer,Junior,full,cloud|deep learning|python|pytorch|scikit-learn|text classification
Yamini Jain 6619,data_analyst,Junior,mixed,data analysis|excel|natural language processing|numpy|python|sql|tableau
Gaurav Prasad 6620,backend_developer,Senior,mixed,docker|git|java|kubernetes|mongodb|postgresql|rest api|spring boot|sql
Trisha Mehta,frontend_developer,Mid,full,cloud|docker|git|html/css|javascript|rest api
Ramya Pillai 6622,devops_engineer,Senior,mixed,ci/cd|cloud|docker|kubernetes|linux
Sahana Venkatesh 6623,data_engineer,Junior,full,cloud|mongodb|pandas|postgresql|python|sql
Zoya Nair,ml_engineer,Mid,mixed,cloud|deep learning|postgresql|python|pytorch|scikit-learn|statistics|tensorflow
Ravi Reddy 6625,data_scientist,Mid,full,machine learning|pandas|power bi|python|scikit-learn|sql|statistics|tableau
Neha Saxena 6626,nlp_engineer,Intern,full,deep learning|linux|natural language processing|scikit-learn|text classification
Abhay Dubey 6627,data_analyst,Intern,full,data analysis|excel|sql
Harini Varma 6628,backend_developer,Intern,mixed,java|postgresql|spring boot
Trisha Iyer 6629,frontend_developer,Intern,full,excel|git|javascript|rest api
Neha Pillai 6630,devops_engineer,Mid,mixed,ci/cd|cloud|data analysis|docker|java|kubernetes|linux|postgresql
Aditi Chopra 6631,data_engineer,Intern,abbr,cloud|linux|mongodb|postgresql|python|sql
Rhea Menon 6632,ml_engineer,Intern,mixed,deep learning|machine learning|natural language processing|python|pytorch|sql
Vikram Chandran 6633,data_scientist,Senior,mixed,data analysis|machine learning|numpy|pandas|postgresql|power bi|python|sql|statistics|text classification
Mohit Krishnan 6634,nlp_engineer,Mid,full,deep learning|natural language processing|pandas|pytorch|statistics|text classification
Rohan Dubey 6635,data_analyst,Junior,full,data analysis|excel|postgresql|power bi|python|tableau
Naveen Nambiar,backend_developer,Mid,mixed,java|postgresql|rest api|spring boot
Jatin Ghosh 6637,frontend_developer,Junior,mixed,git|html/css|javascript
Tarun Bhatt 6638,devops_engineer,Mid,full,ci/cd|docker|kubernetes|linux|python|sql
Esha Iyer 6639,data_engineer,Senior,abbr,cloud|data analysis|docker|kubernetes|postgresql|python|sql
Divya Dubey 6640,ml_engineer,Senior,mixed,cloud|deep learning|machine learning|natural language processing|python|pytorch|scikit-learn|tensorflow
Jaya Deshpande,data_scientist,Senior,mixed,cloud|data analysis|machine learning|pandas|power bi|python|sql|statistics|tableau
Charu Jain,nlp_engineer,Junior,mixed,artificial intelligence|cloud|deep learning|natural language processing|numpy|python|text classification
Sameer Balan 6643,data_analyst,Intern,mixed,data analysis|node.js|power bi|statistics|tableau
Indira Rao 6644,backend_developer,Intern,abbr,postgresql|python|spring boot|sql
Pooja Malhotra 6645,frontend_developer,Mid,full,docker|git|html/css|javascript|node.js
Naveen Mehta 6646,devops_engineer,Junior,full,ci/cd|docker|git|kubernetes|linux
Siddharth Mehta 6647,data_engineer,Mid,abbr,docker|postgresql|python|sql
Yamini Agarwal 6648,ml_engineer,Junior,abbr,deep learning|python|scikit-learn|tensorflow|text classification
Rhea Deshpande 6649,data_scientist,Intern,mixed,data analysis|python|sql
Aarav Dubey 6650,nlp_engineer,Senior,abbr,cloud|deep learning|natural language processing|python|pytorch|scikit-learn|text classification
Varun Dubey 6651,data_analyst,Intern,mixed,data analysis|excel|tableau
Sameer Varma 6652,backend_developer,Senior,full,git|html/css|java|linux|postgresql|rest api|spring boot|sql
Rahul Naidu 6653,frontend_developer,Mid,full,git|html/css|node.js|react|rest api
Nikhil Joshi 6654,devops_engineer,Intern,mixed,cloud|docker|linux
Nikhil Dubey 6655,data_engineer,Senior,mixed,cloud|docker|linux|mongodb|pandas|postgresql|python|sql|statistics|tableau
Priya Varma 6656,ml_engineer,Junior,mixed,machine learning|natural language processing|pandas|python|pytorch|statistics|tensorflow
Jatin Iyer 6657,data_scientist,Senior,full,data analysis|docker|machine learning|pandas|power bi|python|scikit-learn|sql|statistics|tableau
Kabir Iyer 6658,nlp_engineer,Intern,full,docker|natural language processing|python|text classification
Rohan Sharma 6659,data_analyst,Senior,abbr,data analysis|excel|pandas|postgresql|power bi|sql|tableau
Priya Malhotra 6660,backend_developer,Junior,full,docker|java|kubernetes|mongodb|rest api|spring boot|sql
Gaurav Malhotra 6661,frontend_developer,Senior,abbr,ci/cd|docker|git|html/css|javascript|react
Nandini Verma 6662,devops_engineer,Intern,mixed,ci/cd|kubernetes|linux
Ananya Raghavan 6663,data_engineer,Senior,abbr,ci/cd|cloud|docker|kubernetes|pandas|postgresql|python|sql
Aniket Bhatt 6664,ml_engineer,Intern,mixed,cloud|computer vision|docker|machine learning|pytorch|scikit-learn
Kavya Nambiar 6665,data_scientist,Junior,full,machine learning|natural language processing|numpy|pandas|scikit-learn|sql|statistics|text classification
Rhea Tiwari 6666,nlp_engineer,Intern,abbr,natural language processing|python|pytorch
Nikhil Hegde 6667,data_analyst,Intern,full,excel|power bi|tableau
Udhav Kapoor 6668,backend_developer,Junior,full,java|mongodb|python|rest api|spring boot|sql
Darshan Iyer,frontend_developer,Mid,mixed,git|html/css|java|javascript|react
Darshan Kulkarni 6670,devops_engineer,Intern,mixed,cloud|docker|git|linux
Vidya Ghosh 6671,data_engineer,Junior,mixed,cloud|docker|pandas|postgresql|python
Esha Sharma,ml_engineer,Junior,mixed,machine learning|python|pytorch|tensorflow
Divya Singh 6673,data_scientist,Intern,full,data analysis|deep learning|machine learning|mongodb|statistics|tableau
Rajesh Venkatesh 6674,nlp_engineer,Senior,abbr,artificial intelligence|deep learning|docker|machine learning|natural language processing|python|pytorch|scikit-learn|text classification
Priya Bhatt 6675,data_analyst,Senior,mixed,data analysis|excel|postgresql|power bi|sql|statistics|tableau
Suresh Bhatt 6676,backend_developer,Intern,abbr,git|postgresql|spring boot|sql
Yamini Hegde 6677,frontend_developer,Intern,mixed,docker|html/css|javascript
Pooja Rao 6678,devops_engineer,Intern,full,ci/cd|docker|kubernetes
Sahana Rao 6679,data_engineer,Junior,mixed,cloud|docker|mongodb|python|sql
Abhay Kulkarni 6680,ml_engineer,Junior,full,cloud|computer vision|deep learning|machine learning|pytorch|sql|tensorflow
Farhan Ghosh 6681,data_scientist,Intern,abbr,cloud|data analysis|pandas|python
Zoya Malhotra 6682,nlp_engineer,Mid,mixed,deep learning|natural language processing|pytorch|text classification
Dhruv Chandran,data_analyst,Junior,full,data analysis|excel|pandas|sql|statistics|tableau
Trisha Varma 6684,backend_developer,Senior,mixed,docker|git|java|linux|mongodb|postgresql|rest api|spring boot|sql
Nandini Nambiar 6685,frontend_developer,Senior,mixed,docker|git|html/css|javascript|node.js|react|tableau
Rhea Shetty 6686,devops_engineer,Senior,abbr,ci/cd|cloud|deep learning|docker|kubernetes|linux|python
Kabir Tiwari 6687,data_engineer,Senior,mixed,cloud|docker|kubernetes|pandas|postgresql|python|sql
Ramya Kaur 6688,ml_engineer,Junior,mixed,cloud|python|pytorch|scikit-learn|tensorflow
Aditi Desai 6689,data_scientist,Mid,mixed,data analysis|machine learning|python|sql|statistics|text classification
Siddharth Dubey 6690,nlp_engineer,Mid,full,artificial intelligence|cloud|deep learning|docker|natural language processing|python|text classification
Zoya Kaur 6691,data_analyst,Senior,abbr,data analysis|excel|power bi|sql|tableau
Parvati Verma 6692,backend_developer,Junior,full,docker|java|kubernetes|postgresql|spring boot|sql
Sameer Rao 6693,frontend_developer,Senior,mixed,git|html/css|javascript|react
Pooja Saxena 6694,devops_engineer,Senior,mixed,ci/cd|cloud|docker|git|kubernetes|linux|python
Zoya Nair 6695,data_engineer,Senior,full,cloud|docker|kubernetes|pandas|postgresql|python|sql
Mohit Menon 6696,ml_engineer,Junior,abbr,deep learning|pytorch|scikit-learn|statistics|tensorflow
Nikhil Iyer 6697,data_scientist,Junior,mixed,data analysis|python|sql|statistics
Lalita Mehta 6698,nlp_engineer,Senior,mixed,deep learning|excel|natural language processing|numpy|python|pytorch|scikit-learn|text classification
Madhav Dubey 6699,data_analyst,Junior,full,data analysis|power bi|sql|tableau
Kavya Malhotra 6700,backend_developer,Senior,full,data analysis|git|java|mongodb|postgresql|python|rest api|scikit-learn|spring boot|sql
Shreya Reddy 6701,frontend_developer,Mid,abbr,git|html/css|node.js|react
Trisha Kulkarni 6702,devops_engineer,Senior,mixed,artificial intelligence|ci/cd|cloud|docker|kubernetes|linux|machine learning
Indira Agarwal 6703,data_engineer,Junior,mixed,docker|postgresql|python|sql
Bhavna Varma 6704,ml_engineer,Mid,mixed,cloud|computer vision|deep learning|machine learning|pandas|python|pytorch|scikit-learn|sql
Sanjay Verma 6705,data_scientist,Intern,mixed,cloud|machine learning|numpy|python|sql
Sneha Naidu 6706,nlp_engineer,Junior,mixed,deep learning|natural language processing|python|pytorch|scikit-learn
Sneha Mehta 6707,data_analyst,Mid,mixed,excel|power bi|python|sql|statistics|tableau
Zoya Mehta,backend_developer,Mid,mixed,java|pytorch|rest api|spring boot|sql
Trisha Patel 6709,frontend_developer,Intern,mixed,git|javascript|postgresql|python|rest api
Uma Desai 6710,devops_engineer,Junior,full,cloud|docker|kubernetes|linux|postgresql
Sahana Ghosh 6711,data_engineer,Senior,full,cloud|docker|pandas|postgresql|python|sql
Udhav Prasad 6712,ml_engineer,Mid,mixed,computer vision|deep learning|git|python|pytorch|scikit-learn|statistics|tensorflow
Jaya Sharma 6713,data_scientist,Senior,abbr,data analysis|linux|machine learning|pandas|power bi|python|sql|statistics
Ramya Menon 6714,nlp_engineer,Junior,mixed,deep learning|natural language processing|python|pytorch
Rahul Pillai 6715,data_analyst,Intern,mixed,cloud|excel|power bi|tableau
Dhruv Desai 6716,backend_developer,Senior,mixed,docker|java|linux|mongodb|postgresql|rest api|spring boot|sql
Sonal Naidu,frontend_developer,Mid,full,html/css|javascript|react
Zoya Hegde 6718,devops_engineer,Mid,mixed,ci/cd|docker|kubernetes|linux|postgresql|python|sql
Bhavna Desai 6719,data_engineer,Mid,abbr,ci/cd|cloud|kubernetes|mongodb|postgresql|python|sql
Suresh Iyer 6720,ml_engineer,Intern,abbr,deep learning|natural language processing|pandas|python|pytorch|sql
Neha Chandran 6721,data_scientist,Junior,abbr,cloud|machine learning|pandas|python|sql|statistics
Chetan Kapoor 6722,nlp_engineer,Junior,full,artificial intelligence|deep learning|docker|python|pytorch|react|text classification
Nandini Singh 6723,data_analyst,Mid,abbr,data analysis|excel|power bi|tableau
Nikhil Pillai 6724,backend_developer,Mid,mixed,data analysis|deep learning|java|rest api|spring boot|sql
Sanjay Kapoor 6725,frontend_developer,Senior,abbr,docker|git|html/css|javascript|react
Nikhil Pillai 6726,devops_engineer,Junior,abbr,ci/cd|docker|kubernetes|linux
Charu Menon 6727,data_engineer,Mid,full,docker|postgresql|python|sql
Jaya Singh 6728,ml_engineer,Intern,full,deep learning|natural language processing|pytorch|tensorflow
Pallavi Dubey 6729,data_scientist,Senior,full,data analysis|machine learning|pandas|python|scikit-learn|sql|statistics|text classification
Bhargav Prasad 6730,nlp_engineer,Junior,mixed,deep learning|docker|machine learning|natural language processing|python|scikit-learn|text classification
Uma Kumar 6731,data_analyst,Junior,mixed,data analysis|excel|mongodb|postgresql|power bi|python|sql|statistics
Priya Joshi 6732,backend_developer,Intern,full,docker|java|postgresql|sql
Indira Kaur,frontend_developer,Junior,full,git|html/css|python|react
Charu Venkatesh 6734,devops_engineer,Junior,abbr,ci/cd|cloud|kubernetes|linux
Deepa Dubey 6735,data_engineer,Mid,mixed,docker|kubernetes|linux|mongodb|postgresql|power bi|python|sql
Rhea Rao 6736,ml_engineer,Mid,abbr,computer vision|deep learning|machine learning|pandas|python|scikit-learn|sql|statistics|tensorflow
Abhay Kulkarni 6737,data_scientist,Senior,full,cloud|data analysis|git|html/css|machine learning|pandas|power bi|python|sql|statistics|tableau
Dhruv Raghavan 6738,nlp_engineer,Senior,full,deep learning|docker|machine learning|natural language processing|numpy|python|pytorch|text classification
Kavya Nambiar 6739,data_analyst,Junior,mixed,data analysis|excel|power bi|sql|statistics
Rakesh Varma 6740,backend_developer,Junior,full,kubernetes|mongodb|numpy|postgresql|python|rest api|spring boot|sql
Jaya Chandran 6741,frontend_developer,Junior,mixed,git|html/css|javascript|node.js|pandas|scikit-learn
Rohan Hegde,devops_engineer,Junior,full,ci/cd|docker|kubernetes|linux
Jatin Bhatt 6743,data_engineer,Junior,full,cloud|docker|postgresql|python
Omkar Malhotra,ml_engineer,Junior,full,deep learning|machine learning|scikit-learn|tensorflow
Madhav Singh 6745,data_scientist,Mid,full,data analysis|docker|machine learning|pandas|python|rest api|sql
Aditi Venkatesh 6746,nlp_engineer,Intern,abbr,machine learning|natural language processing|python|text classification
Sahana Saxena 6747,data_analyst,Mid,mixed,excel|kubernetes|power bi|sql|tableau
Meera Deshpande,backend_developer,Intern,mixed,java|kubernetes|postgresql|python|rest api|sql
Hema Nair 6749,frontend_developer,Junior,abbr,git|html/css|javascript
Charu Nambiar 6750,devops_engineer,Mid,mixed,ci/cd|cloud|docker|java|linux|postgresql
Uma Gupta 6751,data_engineer,Intern,mixed,ci/cd|cloud|postgresql|sql
Swathi Chopra 6752,ml_engineer,Intern,full,cloud|numpy|python|pytorch|tensorflow
Nandini Venkatesh 6753,data_scientist,Mid,full,data analysis|deep learning|machine learning|numpy|pandas|python|scikit-learn|statistics
Udhav Prasad 6754,nlp_engineer,Senior,full,artificial intelligence|cloud|deep learning|docker|natural language processing|numpy|python|pytorch|text classification
Mohit Kaur 6755,data_analyst,Mid,abbr,data analysis|excel|linux|mongodb|pandas|sql|tableau
Madhav Rao 6756,backend_developer,Mid,mixed,deep learning|java|kubernetes|linux|pandas|postgresql|python|spring boot|sql
Aditi Patel 6757,frontend_developer,Mid,mixed,docker|git|html/css|react
Aniket Venkatesh 6758,devops_engineer,Intern,mixed,artificial intelligence|ci/cd|cloud|linux|postgresql
Uma Subramanian 6759,data_engineer,Senior,abbr,cloud|docker|postgresql|power bi|python|sql
Darshan Desai 6760,ml_engineer,Mid,full,cloud|deep learning|kubernetes|machine learning|python|pytorch|scikit-learn
Divya Krishnan 6761,data_scientist,Mid,abbr,data analysis|deep learning|machine learning|numpy|pandas|python|statistics|tableau
Harini Hegde,nlp_engineer,Intern,full,deep learning|html/css|machine learning|natural language processing|numpy|pytorch
Abhay Menon 6763,data_analyst,Mid,full,data analysis|excel|python|pytorch|sql|tableau
Aarav Rao 6764,backend_developer,Junior,full,java|postgresql|spring boot|sql
Sonal Subramanian 6765,frontend_developer,Mid,mixed,docker|git|javascript|machine learning|react
Swathi Gupta 6766,devops_engineer,Mid,full,cloud|docker|kubernetes|linux|postgresql|python
Kabir Malhotra 6767,data_engineer,Mid,mixed,cloud|data analysis|docker|kubernetes|linux|mongodb|pandas|python|sql
Esha Gupta 6768,ml_engineer,Intern,abbr,deep learning|numpy|python|react|scikit-learn
Tanvi Venkatesh 6769,data_scientist,Intern,mixed,cloud|pandas|power bi|python|sql
Suresh Tiwari 6770,nlp_engineer,Senior,abbr,artificial intelligence|cloud|deep learning|machine learning|natural language processing|numpy|python|pytorch|text classification
Rahul Chopra 6771,data_analyst,Intern,full,cloud|data analysis|machine learning|power bi|sql
Harini Naidu 6772,backend_developer,Junior,abbr,git|java|postgresql|rest api|spring boot
Bhargav Kulkarni 6773,frontend_developer,Junior,mixed,html/css|javascript|react
Madhav Bhatt 6774,devops_engineer,Senior,full,ci/cd|cloud|docker|kubernetes|linux|postgresql|python
Charu Gupta 6775,data_engineer,Mid,mixed,docker|kubernetes|postgresql|python|sql
Bhargav Naidu 6776,ml_engineer,Mid,abbr,deep learning|machine learning|python|pytorch|tensorflow
Vinay Malhotra 6777,data_scientist,Junior,abbr,cloud|deep learning|machine learning|pandas|python|statistics
Nandini Bhatt 6778,nlp_engineer,Junior,full,natural language processing|numpy|python|pytorch|text classification
Omkar Varma 6779,data_analyst,Junior,abbr,data analysis|excel|git|sql|tableau
Yash Nair 6780,backend_developer,Intern,abbr,postgresql|rest api|spring boot
Bhargav Venkatesh 6781,frontend_developer,Junior,abbr,git|html/css|node.js|react
Vinay Desai 6782,devops_engineer,Senior,full,ci/cd|cloud|docker|kubernetes|linux|rest api
Bhargav Joshi 6783,data_engineer,Mid,mixed,cloud|docker|postgresql|python
Kavya Menon 6784,ml_engineer,Intern,full,deep learning|docker|machine learning|scikit-learn
Tarun Raghavan 6785,data_scientist,Mid,abbr,data analysis|machine learning|pandas|sql|statistics
Neha Agarwal 6786,nlp_engineer,Mid,full,deep learning|docker|machine learning|python|pytorch|scikit-learn|text classification
Anjali Krishnan 6787,data_analyst,Senior,mixed,data analysis|excel|power bi|sql|tableau
Jatin Subramanian 6788,backend_developer,Senior,mixed,java|kubernetes|postgresql|rest api|spring boot|sql
Suresh Desai 6789,frontend_developer,Senior,mixed,git|html/css|javascript|react|rest api
Gaurav Shetty 6790,devops_engineer,Intern,abbr,ci/cd|cloud|docker|git
Swathi Shetty 6791,data_engineer,Junior,mixed,cloud|mongodb|postgresql|python|sql
Suresh Shetty 6792,ml_engineer,Intern,mixed,docker|numpy|pandas|python|pytorch|tensorflow
Sneha Nair 6793,data_scientist,Junior,abbr,data analysis|kubernetes|postgresql|power bi|python|sql|statistics|tableau|text classification
Shreya Chandran 6794,nlp_engineer,Junior,full,cloud|deep learning|natural language processing|numpy|python|scikit-learn|text classification
Bhavna Chopra 6795,data_analyst,Mid,mixed,data analysis|excel|power bi|python|sql|tensorflow
Nandini Venkatesh 6796,backend_developer,Senior,mixed,docker|git|java|postgresql|rest api|spring boot|sql
Madhav Chandran 6797,frontend_developer,Junior,full,docker|html/css|javascript|kubernetes|mongodb|react
Swathi Varma 6798,devops_engineer,Intern,abbr,ci/cd|docker|java|kubernetes
Bhargav Shetty 6799,data_engineer,Junior,mixed,ci/cd|cloud|mongodb|postgresql|python|sql
Tanvi Kulkarni 6800,ml_engineer,Intern,mixed,machine learning|python|pytorch|scikit-learn|tableau
Rajesh Reddy 6801,data_scientist,Senior,mixed,data analysis|machine learning|pandas|python|sql|statistics
Uma Venkatesh 6802,nlp_engineer,Mid,mixed,computer vision|natural language processing|python|pytorch|scikit-learn|sql|text classification
Ananya Raghavan 6803,data_analyst,Junior,abbr,excel|pandas|power bi|python|sql|tableau
Bhavna Kumar,backend_developer,Junior,abbr,docker|git|java|postgresql|rest api|sql
Jaya Reddy 6805,frontend_developer,Intern,full,javascript|react|rest api
Sneha Bhatt 6806,devops_engineer,Senior,full,ci/cd|cloud|docker|kubernetes|linux
Parvati Shetty,data_engineer,Junior,full,docker|postgresql|python|sql
Nisha Tiwari 6808,ml_engineer,Mid,abbr,computer vision|deep learning|machine learning|natural language processing|numpy|python|pytorch|scikit-learn
Mohit Sharma 6809,data_scientist,Mid,mixed,data analysis|machine learning|pandas|python|statistics
Lalita Prasad 6810,nlp_engineer,Junior,full,deep learning|docker|python|pytorch|text classification
Swathi Bhatt 6811,data_analyst,Senior,mixed,data analysis|excel|html/css|power bi|sql|tableau
Lakshmi Gupta 6812,backend_developer,Intern,abbr,java|kubernetes|linux|postgresql|sql
Nikhil Verma 6813,frontend_developer,Mid,mixed,git|html/css|react|rest api|scikit-learn
Kavya Reddy 6814,devops_engineer,Junior,mixed,ci/cd|cloud|docker|git|java|linux|postgresql|python
Lakshmi Reddy 6815,data_engineer,Junior,mixed,docker|mongodb|postgresql|python|sql
Kiran Mehta 6816,ml_engineer,Mid,full,cloud|computer vision|deep learning|python|pytorch|scikit-learn|tensorflow
Rajesh Chopra 6817,data_scientist,Junior,abbr,cloud|data analysis|python|pytorch|sql|statistics
Deepa Bhatt 6818,nlp_engineer,Senior,mixed,deep learning|machine learning|natural language processing|python|pytorch|text classification
Siddharth Hegde 6819,data_analyst,Mid,full,ci/cd|data analysis|excel|python|sql|tableau
Divya Varma 6820,backend_developer,Intern,abbr,linux|mongodb|postgresql|python|spring boot|sql
Aniket Iyer 6821,frontend_developer,Intern,full,docker|git|java|react
Vishal Menon 6822,devops_engineer,Senior,full,ci/cd|cloud|deep learning|docker|git|kubernetes|linux|numpy|postgresql
Yash Prasad 6823,data_engineer,Mid,abbr,ci/cd|cloud|docker|pandas|python|sql
Vikram Shetty 6824,ml_engineer,Intern,abbr,deep learning|machine learning|scikit-learn
Trisha Deshpande 6825,data_scientist,Mid,abbr,cloud|machine learning|numpy|pandas|python|sql|statistics|tableau|text classification
Rahul Kulkarni 6826,nlp_engineer,Intern,mixed,artificial intelligence|deep learning|kubernetes|natural language processing|python
Qamar Jain 6827,data_analyst,Junior,abbr,docker|excel|power bi|sql|tableau
Mohit Varma 6828,backend_developer,Mid,full,ci/cd|git|java|kubernetes|rest api|spring boot|sql
Chetan Hegde 6829,frontend_developer,Junior,mixed,html/css|javascript|react
Nisha Tiwari 6830,devops_engineer,Intern,abbr,docker|kubernetes|linux|python
Tarun Shetty 6831,data_engineer,Junior,mixed,cloud|docker|pandas|postgresql|python
Rakesh Sharma 6832,ml_engineer,Intern,full,machine learning|python|scikit-learn|statistics
Sameer Venkatesh 6833,data_scientist,Intern,full,machine learning|sql|statistics
Suresh Desai 6834,nlp_engineer,Intern,mixed,natural language processing|pytorch|text classification
Zoya Bhatt 6835,data_analyst,Senior,mixed,data analysis|excel|power bi|sql|statistics|tableau
Yamini Deshpande 6836,backend_developer,Mid,mixed,java|linux|mongodb|rest api|spring boot|sql
Neha Kulkarni 6837,frontend_developer,Senior,full,git|html/css|javascript|node.js|react
Lalita Tiwari 6838,devops_engineer,Junior,abbr,ci/cd|cloud|docker|kubernetes|postgresql
Pallavi Krishnan 6839,data_engineer,Senior,mixed,ci/cd|cloud|docker|postgresql|python|sql
Kavya Agarwal 6840,ml_engineer,Senior,abbr,cloud|deep learning|docker|html/css|machine learning|numpy|pandas|python|pytorch|scikit-learn|sql|statistics|tensorflow
Charu Jain 6841,data_scientist,Mid,full,data analysis|machine learning|pandas|power bi|python|rest api|statistics|tableau
Kabir Jain 6842,nlp_engineer,Senior,full,artificial intelligence|deep learning|natural language processing|numpy|python|pytorch|scikit-learn|text classification
Sameer Venkatesh 6843,data_analyst,Senior,abbr,data analysis|excel|power bi|python|sql|statistics|tableau
Pranav Ghosh 6844,backend_developer,Intern,mixed,java|kubernetes|postgresql|python|sql
Madhav Desai 6845,frontend_developer,Senior,full,git|html/css|javascript|node.js|react|rest api
Madhav Menon 6846,devops_engineer,Mid,mixed,ci/cd|cloud|docker|git|linux|postgresql
Rajesh Ghosh 6847,data_engineer,Intern,mixed,cloud|docker|pandas|postgresql
Nikhil Malhotra 6848,ml_engineer,Junior,mixed,deep learning|pytorch|scikit-learn|tensorflow
Vishal Nair 6849,data_scientist,Senior,full,data analysis|machine learning|numpy|pandas|power bi|python|scikit-learn|sql|statistics
Suresh Naidu 6850,nlp_engineer,Senior,abbr,cloud|deep learning|docker|machine learning|natural language processing|numpy|python|pytorch|text classification
Aditi Singh 6851,data_analyst,Senior,abbr,data analysis|excel|linux|power bi|sql|tableau
Ganesh Krishnan 6852,backend_developer,Mid,mixed,artificial intelligence|java|linux|postgresql|rest api|spring boot
Aditi Bhatt 6853,frontend_developer,Intern,full,html/css|python|react
Abhay Malhotra 6854,devops_engineer,Intern,abbr,cloud|kubernetes|linux|postgresql|text classification
Sanjay Prasad 6855,data_engineer,Senior,full,ci/cd|cloud|docker|mongodb|postgresql|python|sql
Gaurav Nambiar 6856,ml_engineer,Intern,mixed,machine learning|pytorch|scikit-learn
Pallavi Prasad,data_scientist,Mid,full,data analysis|machine learning|numpy|pandas|power bi|python|sql
Lalita Jain 6858,nlp_engineer,Junior,mixed,cloud|deep learning|docker|natural language processing|python|text classification
Gaurav Reddy 6859,data_analyst,Senior,full,data analysis|excel|power bi|sql|tableau
Sneha Ghosh 6860,backend_developer,Junior,abbr,docker|kubernetes|machine learning|natural language processing|postgresql|rest api|spring boot|sql
Vinay Kulkarni 6861,frontend_developer,Senior,mixed,cloud|docker|git|html/css|javascript|react
Jaya Tiwari 6862,devops_engineer,Intern,abbr,ci/cd|docker|kubernetes|pandas
Esha Rao 6863,data_engineer,Junior,mixed,ci/cd|docker|kubernetes|node.js|postgresql|python|rest api|sql
Bhargav Agarwal 6864,ml_engineer,Senior,abbr,deep learning|machine learning|pandas|python|pytorch|scikit-learn|tensorflow
Naveen Reddy 6865,data_scientist,Junior,abbr,deep learning|machine learning|pandas|sql|statistics
Nisha Verma 6866,nlp_engineer,Mid,mixed,deep learning|natural language processing|numpy|pytorch|text classification
Vinay Krishnan 6867,data_analyst,Intern,mixed,ci/cd|data analysis|linux|power bi|sql
Vinay Jain 6868,backend_developer,Junior,full,docker|java|linux|python|rest api|spring boot|sql
Suresh Saxena 6869,frontend_developer,Intern,mixed,html/css|javascript
Shreya Kapoor 6870,devops_engineer,Intern,mixed,ci/cd|docker|linux
Abhay Verma 6871,data_engineer,Mid,mixed,docker|kubernetes|mongodb|postgresql|python|sql|tensorflow
Vidya Nair 6872,ml_engineer,Intern,mixed,cloud|docker|machine learning|scikit-learn|sql|tensorflow
Ananya Singh 6873,data_scientist,Intern,abbr,cloud|python|sql|statistics
Rakesh Varma 6874,nlp_engineer,Intern,abbr,artificial intelligence|deep learning|python|statistics|text classification
Ganesh Iyer 6875,data_analyst,Mid,abbr,data analysis|machine learning|postgresql|power bi|sql|statistics|tableau|text classification
Esha Krishnan 6876,backend_developer,Mid,abbr,java|machine learning|python|rest api|spring boot|sql
Pranav Shetty 6877,frontend_developer,Intern,abbr,docker|html/css|javascript|python|tensorflow
Naveen Malhotra 6878,devops_engineer,Intern,abbr,cloud|docker|linux
Kiran Malhotra,data_engineer,Junior,abbr,docker|postgresql|python|sql
Aniket Menon 6880,ml_engineer,Senior,abbr,deep learning|docker|machine learning|natural language processing|pandas|python|pytorch|scikit-learn|sql|statistics|tensorflow
Arjun Menon,data_scientist,Junior,full,data analysis|deep learning|machine learning|numpy|sql|statistics|tableau
Uma Iyer 6882,nlp_engineer,Senior,abbr,artificial intelligence|deep learning|docker|machine learning|natural language processing|python|pytorch|scikit-learn|text classification
Nikhil Verma 6883,data_analyst,Senior,full,data analysis|excel|postgresql|power bi|sql|tableau
Lakshmi Shetty 6884,backend_developer,Intern,full,java|linux|mongodb|spring boot|sql
Deepa Jain 6885,frontend_developer,Senior,abbr,docker|git|html/css|javascript|linux|react
Ananya Kumar 6886,devops_engineer,Junior,full,ci/cd|cloud|docker|git|java|kubernetes|postgresql
Sanjay Tiwari 6887,data_engineer,Senior,mixed,cloud|docker|java|pandas|postgresql|python|sql
Harini Hegde 6888,ml_engineer,Mid,mixed,cloud|deep learning|machine learning|pandas|python|scikit-learn|sql|statistics|tensorflow
Sahana Kaur 6889,data_scientist,Mid,mixed,cloud|machine learning|pandas|python|sql|statistics|text classification
Bhavna Ghosh 6890,nlp_engineer,Mid,mixed,cloud|javascript|machine learning|natural language processing|python|pytorch|text classification
Ritu Bhatt 6891,data_analyst,Senior,abbr,data analysis|excel|power bi|sql|tableau
Yamini Nambiar,backend_developer,Intern,full,java|kubernetes|python|rest api|spring boot
Trisha Hegde,frontend_developer,Senior,full,git|html/css|javascript|pandas|react|rest api
Kiran Naidu 6894,devops_engineer,Senior,mixed,ci/cd|cloud|docker|kubernetes|linux|postgresql|python
Aditi Malhotra 6895,data_engineer,Senior,abbr,cloud|docker|numpy|postgresql|python|sql|text classification
Siddharth Saxena,ml_engineer,Junior,mixed,cloud|data analysis|deep learning|python|pytorch|sql|tableau|tensorflow
Udhav Saxena 6897,data_scientist,Mid,mixed,data analysis|docker|machine learning|pandas|python|sql|statistics
Darshan Naidu 6898,nlp_engineer,Intern,full,docker|natural language processing|python|pytorch|tensorflow
Swathi Kapoor 6899,data_analyst,Intern,full,data analysis|excel|pandas|tableau
Dhruv Patel 6900,backend_developer,Intern,abbr,kubernetes|postgresql|python|rest api|sql
Ravi Jain 6901,frontend_developer,Junior,full,html/css|javascript|react
Neha Venkatesh 6902,devops_engineer,Junior,full,ci/cd|docker|git|kubernetes|linux
Sahana Desai 6903,data_engineer,Intern,mixed,ci/cd|cloud|mongodb|postgresql|python
Akash Hegde 6904,ml_engineer,Senior,mixed,cloud|deep learning|docker|machine learning|natural language processing|numpy|python|pytorch|scikit-learn|statistics|tensorflow
Ishaan Malhotra 6905,data_scientist,Senior,full,data analysis|docker|machine learning|pandas|python|react|sql|statistics|text classification
Abhay Saxena 6906,nlp_engineer,Mid,mixed,artificial intelligence|deep learning|numpy|python|pytorch|text classification
Vinay Agarwal 6907,data_analyst,Senior,mixed,data analysis|excel|postgresql|power bi|sql|statistics|tableau
Aditi Bhatt 6908,backend_developer,Junior,mixed,cloud|git|linux|mongodb|postgresql|rest api|spring boot|sql
Harini Gupta 6909,frontend_developer,Senior,mixed,git|html/css|javascript|react
Jatin Kaur,devops_engineer,Intern,abbr,ci/cd|cloud|docker|kubernetes
Aarav Gupta 6911,data_engineer,Intern,mixed,ci/cd|docker|kubernetes|postgresql|python
Darshan Hegde 6912,ml_engineer,Mid,mixed,cloud|deep learning|docker|machine learning|natural language processing|numpy|pytorch|scikit-learn|statistics|tensorflow
Pranav Sharma 6913,data_scientist,Senior,full,data analysis|docker|machine learning|pandas|python|sql|statistics
Bhavna Krishnan 6914,nlp_engineer,Junior,full,artificial intelligence|deep learning|docker|natural language processing|python|scikit-learn|text classification
Lalita Ghosh 6915,data_analyst,Intern,full,data analysis|docker|pandas|power bi|tableau
Bhargav Menon 6916,backend_developer,Mid,mixed,java|postgresql|power bi|rest api|spring boot|tableau
Ananya Krishnan,frontend_developer,Mid,mixed,git|html/css|javascript
Vikram Agarwal 6918,devops_engineer,Junior,full,ci/cd|cloud|docker|linux|pandas|python|scikit-learn
Indira Menon 6919,data_engineer,Senior,mixed,cloud|docker|postgresql|python|sql
Ganesh Nair 6920,ml_engineer,Intern,full,deep learning|python|pytorch
Aarav Verma 6921,data_scientist,Intern,full,data analysis|sql|statistics
Swathi Pillai 6922,nlp_engineer,Junior,abbr,deep learning|docker|natural language processing|power bi|python|tableau|text classification
Manish Joshi 6923,data_analyst,Junior,full,data analysis|pandas|power bi|sql|statistics|tableau|text classification
Uma Rao 6924,backend_developer,Intern,full,java|kubernetes|postgresql|python|rest api
Vikram Chandran 6925,frontend_developer,Junior,abbr,git|html/css|javascript
Rohan Nair 6926,devops_engineer,Intern,mixed,ci/cd|docker|kubernetes
Divya Rao 6927,data_engineer,Junior,mixed,cloud|docker|kubernetes|mongodb|postgresql|python
Sameer Pillai 6928,ml_engineer,Mid,abbr,cloud|deep learning|machine learning|python|pytorch|scikit-learn
Ananya Deshpande 6929,data_scientist,Mid,mixed,cloud|data analysis|deep learning|machine learning|pandas|python|sql|tableau
Zoya Iyer 6930,nlp_engineer,Junior,mixed,docker|natural language processing|python|pytorch|scikit-learn|text classification
Anjali Reddy 6931,data_analyst,Intern,mixed,excel|kubernetes|power bi|spring boot|statistics|tableau
Rohan Rao 6932,backend_developer,Junior,abbr,java|rest api|spring boot|sql
Swathi Deshpande,frontend_developer,Intern,mixed,git|postgresql|react
Uma Tiwari 6934,devops_engineer,Senior,abbr,ci/cd|cloud|docker|git|java|kubernetes|linux|mongodb
Lalita Kaur,data_engineer,Intern,full,cloud|mongodb|python|sql
Pranav Kapoor 6936,ml_engineer,Senior,mixed,deep learning|machine learning|natural language processing|postgresql|python|pytorch|scikit-learn|tensorflow
Aniket Mehta 6937,data_scientist,Intern,mixed,machine learning|sql|statistics|text classification
Shreya Bhatt 6938,nlp_engineer,Senior,abbr,artificial intelligence|deep learning|docker|machine learning|natural language processing|numpy|python|pytorch|text classification
Dhruv Shetty 6939,data_analyst,Mid,full,data analysis|excel|postgresql|power bi|sql
Ishaan Nair 6940,backend_developer,Junior,abbr,java|natural language processing|postgresql|python|rest api|spring boot
Deepa Reddy 6941,frontend_developer,Senior,full,docker|git|html/css|javascript|kubernetes|postgresql|react|rest api
Harini Nair 6942,devops_engineer,Junior,mixed,ci/cd|cloud|docker|linux
Ganesh Balan 6943,data_engineer,Junior,full,ci/cd|cloud|docker|node.js|postgresql|sql
Lalita Kulkarni 6944,ml_engineer,Senior,mixed,cloud|deep learning|docker|machine learning|natural language processing|pandas|python|pytorch|scikit-learn|statistics|tensorflow
Ravi Ghosh 6945,data_scientist,Senior,abbr,cloud|data analysis|deep learning|linux|machine learning|pandas|python|sql|statistics|tableau
Mohit Iyer 6946,nlp_engineer,Intern,full,deep learning|postgresql|python|text classification
Yamini Saxena 6947,data_analyst,Junior,abbr,data analysis|excel|pandas|power bi|statistics|tableau
Udhav Ghosh 6948,backend_developer,Junior,abbr,docker|git|machine learning|postgresql|rest api|spring boot|sql|statistics
Aarav Sharma 6949,frontend_developer,Intern,full,git|react
Vinay Deshpande 6950,devops_engineer,Junior,mixed,ci/cd|docker|git|java|kubernetes|linux|rest api
Madhav Verma 6951,data_engineer,Intern,abbr,ci/cd|cloud|mongodb|python|sql
Omkar Nambiar 6952,ml_engineer,Senior,abbr,deep learning|kubernetes|machine learning|numpy|python|pytorch|scikit-learn|tensorflow
Ramya Mehta 6953,data_scientist,Mid,mixed,data analysis|pandas|python|sql|statistics
Lakshmi Nair 6954,nlp_engineer,Mid,mixed,cloud|deep learning|natural language processing|numpy|python|pytorch|text classification
Farhan Mehta 6955,data_analyst,Intern,mixed,excel|git|javascript|power bi|sql
Lalita Raghavan 6956,backend_developer,Junior,mixed,java|linux|postgresql|rest api|spring boot|text classification
Jatin Kumar 6957,frontend_developer,Mid,full,git|html/css|javascript|node.js|python
Naveen Saxena 6958,devops_engineer,Senior,full,ci/cd|cloud|docker|kubernetes|linux|postgresql
Bhavna Bhatt 6959,data_engineer,Intern,mixed,docker|git|kubernetes|linux|postgresql|python
Abhay Naidu,ml_engineer,Mid,full,deep learning|docker|machine learning|power bi|python|pytorch|tensorflow
Varun Deshpande 6961,data_scientist,Mid,mixed,docker|html/css|machine learning|pandas|python|sql|statistics
Pranav Krishnan 6962,nlp_engineer,Intern,abbr,artificial intelligence|cloud|deep learning|natural language processing|python|statistics
Aniket Iyer 6963,data_analyst,Junior,full,cloud|data analysis|excel|sql|tableau
Deepa Kapoor 6964,backend_developer,Senior,mixed,docker|java|linux|postgresql|rest api|spring boot|sql
Madhav Malhotra 6965,frontend_developer,Intern,mixed,html/css|react|rest api
Ananya Chopra 6966,devops_engineer,Mid,full,ci/cd|cloud|docker|java|kubernetes
Jatin Nair 6967,data_engineer,Junior,mixed,cloud|docker|natural language processing|postgresql|python
Uma Subramanian 6968,ml_engineer,Intern,full,git|mongodb|natural language processing|pandas|python|pytorch|tensorflow
Dhruv Naidu 6969,data_scientist,Junior,mixed,data analysis|machine learning|natural language processing|pandas|python|scikit-learn
Sanjay Patel 6970,nlp_engineer,Senior,full,artificial intelligence|deep learning|machine learning|natural language processing|numpy|python|pytorch|text classification
Divya Gupta 6971,data_analyst,Intern,mixed,data analysis|power bi|sql
Darshan Gupta,backend_developer,Senior,abbr,git|java|kubernetes|mongodb|postgresql|python|rest api|spring boot|sql
Parvati Rao 6973,frontend_developer,Senior,abbr,git|html/css|javascript|linux|react|rest api
Jatin Balan,devops_engineer,Junior,mixed,cloud|docker|kubernetes|linux|postgresql|power bi|python
Rohan Singh 6975,data_engineer,Mid,abbr,cloud|docker|python|sql
Akash Joshi 6976,ml_engineer,Junior,mixed,computer vision|deep learning|machine learning|pandas|python|tensorflow
Esha Nair 6977,data_scientist,Mid,full,machine learning|pandas|python|sql|statistics
Yash Reddy 6978,nlp_engineer,Mid,mixed,cloud|deep learning|natural language processing|numpy|python|sql|text classification
Divya Joshi 6979,data_analyst,Intern,mixed,data analysis|excel|power bi
Trisha Desai 6980,backend_developer,Junior,full,git|linux|postgresql|python|rest api|spring boot|sql
Sameer Gupta 6981,frontend_developer,Intern,full,git|javascript
Ishaan Kapoor 6982,devops_engineer,Mid,abbr,ci/cd|docker|kubernetes|linux
Aniket Nair 6983,data_engineer,Junior,abbr,docker|linux|postgresql|python|sql
Yash Kaur 6984,ml_engineer,Intern,abbr,docker|machine learning|python|scikit-learn
Rohan Malhotra 6985,data_scientist,Junior,abbr,data analysis|deep learning|machine learning|power bi|python|sql
Vikram Tiwari 6986,nlp_engineer,Senior,full,deep learning|machine learning|natural language processing|python|pytorch|text classification
Kiran Verma 6987,data_analyst,Junior,full,excel|power bi|sql|tableau
Abhay Rao 6988,backend_developer,Junior,mixed,java|kubernetes|postgresql|rest api|spring boot
Deepa Kumar 6989,frontend_developer,Senior,full,docker|git|html/css|javascript|react|rest api
Omkar Kulkarni 6990,devops_engineer,Intern,full,ci/cd|kubernetes|linux|machine learning|python
Omkar Tiwari 6991,data_engineer,Mid,abbr,cloud|docker|postgresql|python
Udhav Saxena 6992,ml_engineer,Mid,abbr,ci/cd|deep learning|python|pytorch|scikit-learn|tensorflow
Udhav Venkatesh 6993,data_scientist,Junior,mixed,cloud|machine learning|pandas|postgresql|sql|statistics
Yamini Kulkarni 6994,nlp_engineer,Intern,abbr,machine learning|natural language processing|numpy|pandas|python|text classification
Ganesh Varma 6995,data_analyst,Mid,abbr,data analysis|excel|power bi|sql
Sonal Kulkarni 6996,backend_developer,Mid,mixed,artificial intelligence|git|java|linux|postgresql|python|spring boot|sql
Ritu Agarwal 6997,frontend_developer,Senior,abbr,docker|git|html/css|javascript|react
Vinay Saxena,devops_engineer,Mid,mixed,ci/cd|cloud|docker|linux
Ishaan Chandran 6999,data_engineer,Mid,full,cloud|docker|postgresql|sql
Jaya Rao 7000,ml_engineer,Senior,full,deep learning|docker|machine learning|numpy|python|pytorch|scikit-learn|tensorflow
Aarav Singh 7001,data_scientist,Intern,full,cloud|machine learning|numpy|pandas|sql|statistics
Vidya Jain 7002,nlp_engineer,Mid,full,artificial intelligence|deep learning|docker|python|pytorch|text classification
Nisha Reddy 7003,data_analyst,Junior,full,data analysis|excel|postgresql|power bi|statistics|tableau
Pallavi Varma 7004,backend_developer,Senior,abbr,docker|java|kubernetes|linux|mongodb|postgresql|python|rest api|spring boot|sql
Farhan Naidu 7005,frontend_developer,Senior,full,docker|git|html/css|javascript|react|rest api
Ritu Mehta 7006,devops_engineer,Senior,full,ci/cd|cloud|data analysis|docker|kubernetes|linux|python|statistics
Pranav Rao 7007,data_engineer,Senior,mixed,ci/cd|cloud|docker|html/css|postgresql|python|rest api|sql
Aarav Singh 7008,ml_engineer,Intern,full,deep learning|docker|python|pytorch
Priya Gupta 7009,data_scientist,Mid,abbr,data analysis|machine learning|numpy|pandas|python|sql
Kavya Ghosh 7010,nlp_engineer,Intern,abbr,machine learning|natural language processing|numpy|pandas|python|text classification
Abhay Menon 7011,data_analyst,Intern,mixed,data analysis|docker|natural language processing|power bi|tableau
Ramya Kaur 7012,backend_developer,Senior,mixed,docker|java|postgresql|rest api|spring boot|sql
Naveen Agarwal 7013,frontend_developer,Intern,full,cloud|docker|git|html/css|text classification
Swathi Ghosh 7014,devops_engineer,Intern,abbr,ci/cd|cloud|docker|pandas
Kiran Desai 7015,data_engineer,Intern,full,postgresql|python|sql
Arjun Raghavan 7016,ml_engineer,Senior,mixed,computer vision|deep learning|docker|machine learning|natural language processing|pandas|python|pytorch|scikit-learn|statistics|tensorflow
Manish Patel 7017,data_scientist,Mid,abbr,data analysis|pandas|python|react|sql|statistics
Deepa Deshpande 7018,nlp_engineer,Intern,full,natural language processing|pandas|python|pytorch
Jatin Tiwari 7019,data_analyst,Mid,abbr,excel|pandas|postgresql|power bi|sql|tableau
Uma Jain 7020,backend_developer,Senior,mixed,docker|git|java|kubernetes|postgresql|rest api|spring boot|sql
Aarav Naidu 7021,frontend_developer,Junior,full,git|html/css|numpy|react
Rajesh Varma 7022,devops_engineer,Junior,full,ci/cd|cloud|docker|git|kubernetes|linux|postgresql
Sonal Dubey 7023,data_engineer,Mid,full,cloud|docker|python|sql
Ravi Patel 7024,ml_engineer,Mid,full,deep learning|git|machine learning|numpy|pytorch|scikit-learn|statistics|tensorflow
Anjali Chopra 7025,data_scientist,Mid,abbr,cloud|data analysis|machine learning|pandas|python|scikit-learn|sql|text classification
Nikhil Prasad 7026,nlp_engineer,Junior,abbr,cloud|docker|machine learning|natural language processing|python|pytorch|text classification
Abhay Iyer 7027,data_analyst,Intern,abbr,data analysis|sql|statistics|tableau
Sahana Sharma 7028,backend_developer,Intern,mixed,postgresql|rest api|spring boot|statistics
Uma Reddy 7029,frontend_developer,Junior,full,git|html/css|node.js|react
Esha Chopra 7030,devops_engineer,Junior,full,ci/cd|cloud|docker|java|kubernetes|node.js|postgresql
Ritu Kulkarni 7031,data_engineer,Mid,mixed,cloud|docker|postgresql|sql
Neha Nambiar 7032,ml_engineer,Mid,mixed,computer vision|deep learning|docker|machine learning|pytorch|scikit-learn|sql|statistics|tensorflow
Varun Varma 7033,data_scientist,Mid,full,data analysis|machine learning|pandas|power bi|python|scikit-learn|sql
Madhav Bhatt 7034,nlp_engineer,Senior,abbr,artificial intelligence|cloud|deep learning|docker|natural language processing|python|pytorch|text classification
Ishaan Chopra 7035,data_analyst,Junior,mixed,data analysis|postgresql|power bi|python|sql|statistics|tableau
Darshan Ghosh 7036,backend_developer,Mid,mixed,docker|git|java|postgresql|python|spring boot|sql
Kavya Nair 7037,frontend_developer,Intern,abbr,html/css|node.js|react
Shreya Kapoor 7038,devops_engineer,Junior,mixed,ci/cd|cloud|git|java|kubernetes|linux
Arjun Gupta 7039,data_engineer,Mid,abbr,ci/cd|cloud|pandas|postgresql|python|sql
Nikhil Balan 7040,ml_engineer,Intern,full,cloud|deep learning|natural language processing|python|scikit-learn|sql
Shreya Venkatesh 7041,data_scientist,Senior,mixed,data analysis|deep learning|machine learning|pandas|power bi|python|pytorch|scikit-learn|sql|statistics|text classification
Dhruv Saxena 7042,nlp_engineer,Intern,mixed,computer vision|deep learning|docker|natural language processing|python|scikit-learn
Neha Kaur,data_analyst,Mid,abbr,excel|mongodb|pandas|power bi|sql|tableau
Ritu Deshpande 7044,backend_developer,Senior,abbr,git|java|postgresql|rest api|spring boot|sql
Bhargav Krishnan 7045,frontend_developer,Intern,full,html/css|javascript|node.js|scikit-learn|statistics
Sahana Kulkarni 7046,devops_engineer,Mid,mixed,ci/cd|cloud|git|kubernetes|linux
Neha Patel 7047,data_engineer,Junior,mixed,docker|linux|machine learning|postgresql|python|sql
Sonal Malhotra 7048,ml_engineer,Senior,mixed,computer vision|deep learning|machine learning|natural language processing|numpy|pandas|python|pytorch|scikit-learn|sql|tensorflow
Aditi Reddy 7049,data_scientist,Intern,mixed,computer vision|data analysis|deep learning|docker|machine learning|scikit-learn|sql
Dhruv Rao 7050,nlp_engineer,Junior,full,deep learning|natural language processing|python|statistics|text classification
Manish Venkatesh 7051,data_analyst,Mid,abbr,data analysis|numpy|pandas|power bi|python|sql|tableau
Farhan Chandran 7052,backend_developer,Senior,full,docker|git|java|kubernetes|linux|postgresql|rest api|spring boot|sql
Swathi Deshpande 7053,frontend_developer,Mid,abbr,docker|git|javascript|react|rest api
Zoya Patel,devops_engineer,Junior,full,ci/cd|cloud|docker|git|linux
Ganesh Venkatesh 7055,data_engineer,Mid,abbr,docker|mongodb|postgresql|python|sql
Yash Deshpande 7056,ml_engineer,Mid,mixed,machine learning|pandas|python|pytorch|scikit-learn|sql|tensorflow
Ramya Nair 7057,data_scientist,Mid,mixed,data analysis|machine learning|numpy|pandas|scikit-learn|sql|statistics
Vinay Singh 7058,nlp_engineer,Mid,mixed,deep learning|machine learning|natural language processing|python|pytorch
Pranav Kulkarni 7059,data_analyst,Junior,abbr,data analysis|excel|power bi|tableau
Nandini Singh 7060,backend_developer,Intern,abbr,docker|kubernetes|linux|python|rest api|spring boot|sql
Sanjay Deshpande 7061,frontend_developer,Intern,mixed,git|javascript
Meera Varma 7062,devops_engineer,Senior,abbr,ci/cd|cloud|computer vision|docker|kubernetes|linux
Esha Varma 7063,data_engineer,Senior,full,cloud|data analysis|docker|kubernetes|postgresql|python|sql
Lalita Sharma 7064,ml_engineer,Senior,mixed,cloud|deep learning|docker|machine learning|natural language processing|python|pytorch|scikit-learn|tensorflow
Ramya Patel 7065,data_scientist,Senior,abbr,cloud|data analysis|machine learning|pandas|power bi|python|sql|statistics
Rahul Naidu 7066,nlp_engineer,Mid,full,cloud|docker|natural language processing|numpy|postgresql|python|pytorch|text classification
Manish Mehta 7067,data_analyst,Mid,full,data analysis|excel|postgresql|power bi|python|tableau
Ravi Menon 7068,backend_developer,Intern,abbr,git|postgresql|spring boot|sql
Hema Bhatt 7069,frontend_developer,Intern,mixed,docker|javascript|postgresql|react
Ramya Hegde 7070,devops_engineer,Intern,mixed,ci/cd|docker|java|linux
Yamini Kapoor 7071,data_engineer,Mid,full,ci/cd|cloud|deep learning|docker|linux|postgresql|sql
Manish Agarwal 7072,ml_engineer,Mid,mixed,deep learning|machine learning|natural language processing|pandas|python|pytorch|scikit-learn|statistics
Lakshmi Kulkarni 7073,data_scientist,Senior,mixed,data analysis|machine learning|pandas|power bi|python|sql|statistics|tableau|text classification
Meera Ghosh 7074,nlp_engineer,Junior,full,deep learning|javascript|natural language processing|numpy|pytorch|text classification
Omkar Mehta 7075,data_analyst,Senior,abbr,data analysis|excel|pandas|power bi|sql|statistics|tableau
Anjali Pillai 7076,backend_developer,Senior,mixed,java|mongodb|postgresql|rest api|spring boot|sql
Anjali Raghavan 7077,frontend_developer,Senior,mixed,git|html/css|javascript|react
Parvati Agarwal 7078,devops_engineer,Intern,abbr,cloud|docker|linux|postgresql
Darshan Kulkarni 7079,data_engineer,Senior,abbr,cloud|docker|java|kubernetes|linux|mongodb|postgresql|python|sql
Meera Malhotra 7080,ml_engineer,Senior,mixed,deep learning|machine learning|python|pytorch|scikit-learn|tensorflow
Ravi Balan 7081,data_scientist,Junior,abbr,data analysis|python|sql|statistics
Dhruv Agarwal 7082,nlp_engineer,Senior,full,deep learning|docker|natural language processing|numpy|python|pytorch|scikit-learn|text classification
Rajesh Saxena 7083,data_analyst,Mid,mixed,excel|pandas|power bi|sql|statistics|tableau
Vishal Shetty 7084,backend_developer,Intern,mixed,postgresql|rest api|spring boot
Meera Kaur 7085,frontend_developer,Junior,full,git|javascript|react
Chetan Reddy 7086,devops_engineer,Mid,abbr,ci/cd|cloud|docker|kubernetes|python
Esha Venkatesh,data_engineer,Senior,full,ci/cd|cloud|docker|kubernetes|linux|postgresql|python|sql|text classification
Madhav Subramanian 7088,ml_engineer,Intern,abbr,kubernetes|machine learning|scikit-learn|sql|statistics|tensorflow
Sonal Subramanian 7089,data_scientist,Senior,mixed,artificial intelligence|data analysis|deep learning|machine learning|numpy|pandas|python|pytorch|sql|statistics|tableau|text classification
Ravi Kulkarni 7090,nlp_engineer,Senior,full,deep learning|docker|machine learning|natural language processing|numpy|python|pytorch|scikit-learn|text classification
Aarav Varma 7091,data_analyst,Mid,mixed,data analysis|excel|postgresql|power bi|tableau
Suresh Krishnan 7092,backend_developer,Intern,full,docker|kubernetes|rest api|spring boot|sql
Uma Iyer 7093,frontend_developer,Intern,mixed,html/css|react
Trisha Desai 7094,devops_engineer,Intern,full,ci/cd|cloud|docker|html/css
Rajesh Prasad 7095,data_engineer,Mid,abbr,ci/cd|docker|kubernetes|postgresql|python|sql
Kavya Varma 7096,ml_engineer,Junior,abbr,computer vision|deep learning|machine learning|pytorch|tensorflow
Priya Kapoor 7097,data_scientist,Senior,abbr,cloud|data analysis|machine learning|pandas|python|sql|statistics
Neha Nair 7098,nlp_engineer,Mid,mixed,cloud|deep learning|docker|natural language processing|python|pytorch|scikit-learn
Indira Naidu,data_analyst,Mid,full,data analysis|power bi|sql|tableau
Madhav Hegde 7100,backend_developer,Intern,mixed,java|mongodb|postgresql|python|sql
Kiran Venkatesh,frontend_developer,Intern,mixed,git|html/css
Sneha Kumar,devops_engineer,Mid,abbr,ci/cd|cloud|docker|java|kubernetes|postgresql
Tanvi Iyer 7103,data_engineer,Intern,full,docker|postgresql|python
Rohan Chandran 7104,ml_engineer,Junior,mixed,deep learning|python|pytorch|scikit-learn
Tarun Ghosh 7105,data_scientist,Intern,abbr,machine learning|power bi|sql|statistics
Sanjay Menon 7106,nlp_engineer,Intern,full,deep learning|docker|python|tensorflow|text classification
Manish Saxena 7107,data_analyst,Junior,abbr,data analysis|excel|postgresql|sql|tableau
Jaya Bhatt 7108,backend_developer,Senior,mixed,git|java|linux|postgresql|power bi|python|rest api|spring boot|sql
Rhea Kaur 7109,frontend_developer,Intern,mixed,git|react
Rajesh Menon 7110,devops_engineer,Senior,abbr,ci/cd|cloud|docker|kubernetes|linux|numpy|postgresql|python
Rajesh Malhotra,data_engineer,Senior,full,ci/cd|cloud|docker|kubernetes|postgresql|python|sql
Sahana Shetty 7112,ml_engineer,Intern,mixed,kubernetes|python|pytorch|rest api|scikit-learn
Sneha Chandran 7113,data_scientist,Intern,full,machine learning|python|sql
Kavya Singh 7114,nlp_engineer,Intern,full,deep learning|docker|python|text classification
Indira Chopra 7115,data_analyst,Mid,abbr,data analysis|excel|sql|tableau
Aniket Pillai 7116,backend_developer,Intern,abbr,data analysis|java|linux|mongodb|postgresql|sql|tableau
Kavya Agarwal 7117,frontend_developer,Mid,mixed,git|javascript|node.js|react
Hema Deshpande 7118,devops_engineer,Senior,mixed,ci/cd|cloud|docker|kubernetes|linux|python
Ritu Reddy 7119,data_engineer,Intern,mixed,cloud|docker|sql
Sameer Desai,ml_engineer,Intern,abbr,cloud|deep learning|docker|python|pytorch|statistics
Harini Kulkarni 7121,data_scientist,Junior,full,cloud|data analysis|machine learning|scikit-learn|sql|statistics
Yamini Malhotra 7122,nlp_engineer,Junior,mixed,natural language processing|python|pytorch|rest api|scikit-learn|text classification
Farhan Raghavan 7123,data_analyst,Senior,full,cloud|data analysis|excel|kubernetes|power bi|sql|tableau
Pooja Deshpande 7124,backend_developer,Mid,full,kubernetes|linux|mongodb|postgresql|python|rest api|spring boot|sql
Esha Naidu 7125,frontend_developer,Intern,full,git|react
Aarav Singh 7126,devops_engineer,Junior,abbr,ci/cd|cloud|docker|git|linux
Anjali Chandran 7127,data_engineer,Mid,mixed,cloud|docker|git|linux|mongodb|postgresql|sql
Rahul Shetty 7128,ml_engineer,Intern,mixed,deep learning|docker|pandas|scikit-learn|statistics|tensorflow
Rakesh Malhotra 7129,data_scientist,Intern,mixed,machine learning|pandas|power bi|python
Qamar Shetty 7130,nlp_engineer,Junior,abbr,deep learning|linux|python|pytorch|sql|text classification
Ganesh Pillai 7131,data_analyst,Intern,abbr,excel|sql|tableau
Harini Reddy 7132,backend_developer,Junior,mixed,docker|postgresql|rest api|spring boot|sql
Rajesh Naidu 7133,frontend_developer,Senior,mixed,git|html/css|javascript|react|rest api
Rahul Jain,devops_engineer,Junior,mixed,ci/cd|docker|git|kubernetes|linux|postgresql
Yash Hegde 7135,data_engineer,Mid,full,ci/cd|cloud|docker|linux|mongodb|postgresql|python|statistics
Rahul Chandran 7136,ml_engineer,Mid,mixed,deep learning|natural language processing|numpy|python|pytorch|scikit-learn|sql|statistics|tensorflow
Aniket Venkatesh 7137,data_scientist,Junior,abbr,computer vision|data analysis|machine learning|python|statistics
Rohan Agarwal,nlp_engineer,Senior,mixed,artificial intelligence|deep learning|docker|natural language processing|python|pytorch|scikit-learn|text classification
Anjali Balan 7139,data_analyst,Junior,mixed,excel|pandas|power bi|sql|tableau
Varun Iyer 7140,backend_developer,Senior,abbr,git|java|postgresql|rest api|spring boot|sql
Trisha Iyer 7141,frontend_developer,Junior,abbr,ci/cd|html/css|javascript|mongodb|react
Ritu Saxena 7142,devops_engineer,Mid,full,ci/cd|cloud|git|java|kubernetes|linux
Esha Nambiar 7143,data_engineer,Senior,abbr,cloud|docker|linux|postgresql|python|sql
Chetan Nair 7144,ml_engineer,Junior,mixed,docker|machine learning|numpy|python|pytorch|scikit-learn
Aditi Patel 7145,data_scientist,Junior,mixed,data analysis|pandas|postgresql|power bi|sql|statistics
Pallavi Kapoor 7146,nlp_engineer,Mid,mixed,deep learning|linux|natural language processing|python|scikit-learn|text classification
Pranav Shetty 7147,data_analyst,Intern,abbr,data analysis|react|sql|tableau
Tarun Kapoor 7148,backend_developer,Junior,mixed,java|kubernetes|linux|postgresql|python|spring boot|sql
Yash Venkatesh 7149,frontend_developer,Senior,abbr,docker|git|html/css|java|javascript|node.js|react
Meera Singh 7150,devops_engineer,Junior,full,ci/cd|cloud|git|kubernetes|linux|postgresql|scikit-learn
Ramya Agarwal 7151,data_engineer,Senior,abbr,cloud|docker|postgresql|python|sql
Ganesh Subramanian 7152,ml_engineer,Intern,full,cloud|deep learning|python|tensorflow
Kiran Bhatt 7153,data_scientist,Mid,abbr,data analysis|deep learning|git|machine learning|pandas|power bi|sql|statistics|tableau
Ishaan Desai 7154,nlp_engineer,Mid,abbr,natural language processing|numpy|python|pytorch|text classification
Indira Desai 7155,data_analyst,Intern,mixed,data analysis|linux|sql|tableau
Vishal Menon 7156,backend_developer,Junior,full,git|java|kubernetes|postgresql|python|rest api|sql
Esha Ghosh 7157,frontend_developer,Intern,mixed,docker|javascript|natural language processing|react
Sameer Hegde 7158,devops_engineer,Senior,full,ci/cd|cloud|docker|java|kubernetes|linux
Meera Subramanian 7159,data_engineer,Mid,full,cloud|docker|kubernetes|pandas|postgresql|python
Vidya Shetty,ml_engineer,Mid,full,cloud|computer vision|deep learning|linux|machine learning|numpy|python|scikit-learn|tensorflow
Yamini Saxena 7161,data_scientist,Junior,mixed,cloud|machine learning|numpy|python|sql|statistics
Deepa Iyer,nlp_engineer,Mid,full,deep learning|git|python|pytorch|text classification
Vidya Agarwal 7163,data_analyst,Intern,abbr,excel|power bi|sql|statistics
Kiran Rao 7164,backend_developer,Mid,full,java|linux|rest api|spring boot|sql
Jatin Krishnan 7165,frontend_developer,Mid,mixed,git|java|javascript|node.js|react|rest api
Jatin Rao 7166,devops_engineer,Intern,mixed,ci/cd|kubernetes|linux|statistics|tableau
Varun Ghosh 7167,data_engineer,Senior,full,cloud|docker|mongodb|postgresql|python|sql
Pooja Kaur,ml_engineer,Senior,mixed,deep learning|machine learning|python|pytorch|scikit-learn|tensorflow
Charu Nambiar 7169,data_scientist,Mid,full,deep learning|docker|machine learning|numpy|pandas|python|scikit-learn|sql|statistics|tableau
Vidya Venkatesh 7170,nlp_engineer,Senior,mixed,artificial intelligence|cloud|deep learning|machine learning|natural language processing|numpy|postgresql|python|pytorch|rest api|text classification
Sanjay Kaur,data_analyst,Senior,full,data analysis|excel|postgresql|power bi|sql|tableau
Udhav Kapoor 7172,backend_developer,Junior,mixed,java|kubernetes|mongodb|postgresql|python|rest api|sql
Bhavna Tiwari 7173,frontend_developer,Mid,mixed,docker|html/css|javascript|node.js|postgresql|react
Ritu Verma 7174,devops_engineer,Junior,abbr,ci/cd|cloud|docker|java|kubernetes|numpy|postgresql
Bhavna Krishnan 7175,data_engineer,Mid,full,docker|java|kubernetes|linux|pandas|postgresql|python|sql
Ritu Kumar,ml_engineer,Mid,full,deep learning|machine learning|pytorch|scikit-learn|tensorflow
Abhay Shetty 7177,data_scientist,Intern,full,cloud|data analysis|power bi|pytorch|sql|statistics|text classification
Kavya Menon 7178,nlp_engineer,Senior,mixed,deep learning|javascript|natural language processing|python|pytorch|text classification
Manish Varma 7179,data_analyst,Intern,abbr,cloud|excel|machine learning|power bi|tableau
Sonal Bhatt 7180,backend_developer,Junior,abbr,java|mongodb|postgresql|python|spring boot|sql
Gaurav Pillai 7181,frontend_developer,Senior,mixed,git|html/css|javascript|react
Omkar Nair 7182,devops_engineer,Mid,mixed,ci/cd|docker|java|kubernetes|linux|python
Ritu Agarwal 7183,data_engineer,Senior,full,ci/cd|cloud|docker|kubernetes|linux|postgresql|python|sql
Harini Verma 7184,ml_engineer,Intern,mixed,cloud|python|pytorch|scikit-learn|statistics
Sanjay Reddy 7185,data_scientist,Mid,abbr,data analysis|deep learning|machine learning|numpy|pandas|python|scikit-learn|sql|tableau
Sameer Menon 7186,nlp_engineer,Intern,abbr,data analysis|deep learning|docker|natural language processing|pytorch
Pooja Prasad 7187,data_analyst,Mid,mixed,data analysis|excel|postgresql|python|sql|tableau
Yash Rao 7188,backend_developer,Intern,full,java|python|spring boot|sql
Siddharth Nair 7189,frontend_developer,Senior,abbr,docker|git|html/css|javascript|mongodb|node.js|python|react
Rhea Kumar 7190,devops_engineer,Senior,mixed,ci/cd|cloud|docker|kubernetes|linux|machine learning|numpy
Uma Tiwari 7191,data_engineer,Intern,mixed,cloud|docker|postgresql|rest api
Lalita Krishnan 7192,ml_engineer,Senior,mixed,cloud|deep learning|machine learning|numpy|power bi|python|pytorch|scikit-learn|sql|tensorflow
Charu Prasad 7193,data_scientist,Mid,mixed,docker|machine learning|numpy|pandas|power bi|python|scikit-learn|sql|statistics|text classification
Omkar Chandran,nlp_engineer,Junior,full,deep learning|natural language processing|pytorch|scikit-learn|text classification
Bhargav Prasad 7195,data_analyst,Junior,full,excel|power bi|python|sql|statistics|tableau
Yash Kapoor 7196,backend_developer,Intern,mixed,kubernetes|postgresql|python|spring boot|sql
Kabir Mehta 7197,frontend_developer,Senior,full,git|html/css|javascript|node.js|react|rest api
Nandini Joshi 7198,devops_engineer,Intern,abbr,ci/cd|docker|kubernetes
Vinay Ghosh 7199,data_engineer,Senior,abbr,cloud|docker|kubernetes|linux|natural language processing|pandas|postgresql|python|pytorch|sql
Jaya Dubey 7200,ml_engineer,Intern,abbr,docker|machine learning|numpy|python|pytorch
Yash Patel 7201,data_scientist,Intern,mixed,deep learning|pandas|python|statistics|text classification
Vidya Varma 7202,nlp_engineer,Intern,mixed,artificial intelligence|computer vision|deep learning|docker|python|text classification
Qamar Prasad 7203,data_analyst,Mid,mixed,data analysis|power bi|scikit-learn|sql|statistics|tableau
Rakesh Chopra 7204,backend_developer,Junior,full,java|postgresql|spring boot|sql
Lakshmi Mehta 7205,frontend_developer,Senior,mixed,git|html/css|javascript|node.js|react|rest api
Manish Dubey 7206,devops_engineer,Intern,full,cloud|docker|linux
Divya Nambiar 7207,data_engineer,Intern,mixed,cloud|data analysis|mongodb|pandas|python|sql
Ritu Joshi 7208,ml_engineer,Intern,abbr,machine learning|pandas|python|sql|tensorflow
Tanvi Dubey 7209,data_scientist,Junior,full,data analysis|python|sql|statistics
Udhav Rao 7210,nlp_engineer,Junior,mixed,artificial intelligence|deep learning|java|natural language processing|python|text classification
Nisha Pillai 7211,data_analyst,Mid,mixed,excel|power bi|sql|tableau
Uma Chandran 7212,backend_developer,Junior,abbr,java|postgresql|rest api|spring boot
Jatin Varma,frontend_developer,Junior,mixed,docker|git|javascript|react|sql
Sanjay Krishnan 7214,devops_engineer,Senior,abbr,ci/cd|cloud|docker|java|kubernetes|linux|postgresql
Pooja Reddy,data_engineer,Senior,mixed,cloud|docker|postgresql|python|sql
Lalita Chandran 7216,ml_engineer,Junior,full,deep learning|python|pytorch|tensorflow
Meera Naidu 7217,data_scientist,Mid,abbr,cloud|data analysis|pandas|power bi|python|sql|statistics|text classification
Lalita Varma 7218,nlp_engineer,Intern,mixed,artificial intelligence|docker|natural language processing|python|pytorch|scikit-learn|text classification
Vidya Kumar 7219,data_analyst,Intern,full,data analysis|excel|power bi
Harini Raghavan 7220,backend_developer,Senior,full,cloud|java|kubernetes|linux|mongodb|postgresql|rest api|scikit-learn|spring boot|sql
Vidya Balan 7221,frontend_developer,Senior,full,git|html/css|javascript|react|scikit-learn
Qamar Ghosh 7222,devops_engineer,Junior,mixed,cloud|docker|kubernetes|linux|python
Trisha Subramanian 7223,data_engineer,Mid,abbr,cloud|docker|linux|postgresql|sql
Pooja Subramanian 7224,ml_engineer,Senior,mixed,deep learning|docker|machine learning|natural language processing|python|pytorch|scikit-learn|sql|tensorflow
Udhav Pillai,data_scientist,Mid,mixed,data analysis|deep learning|machine learning|numpy|pandas|python|sql|statistics
Shreya Raghavan 7226,nlp_engineer,Senior,abbr,deep learning|natural language processing|postgresql|python|pytorch|scikit-learn|sql|text classification
Pranav Raghavan 7227,data_analyst,Intern,mixed,data analysis|excel|pandas|sql
Indira Desai 7228,backend_developer,Senior,mixed,java|kubernetes|linux|postgresql|python|rest api|spring boot|sql
Ishaan Tiwari 7229,frontend_developer,Senior,full,git|html/css|javascript|node.js|react|rest api
Yamini Chopra 7230,devops_engineer,Senior,abbr,ci/cd|cloud|docker|java|kubernetes|linux
Omkar Sharma 7231,data_engineer,Senior,full,ci/cd|cloud|docker|kubernetes|pandas|postgresql|python|sql
Charu Iyer 7232,ml_engineer,Senior,full,cloud|deep learning|docker|linux|machine learning|python|pytorch|scikit-learn|tensorflow
Indira Nambiar 7233,data_scientist,Intern,abbr,machine learning|sql|statistics
Harini Bhatt 7234,nlp_engineer,Intern,mixed,deep learning|numpy|pytorch|text classification
Bhargav Chopra 7235,data_analyst,Senior,mixed,data analysis|excel|power bi|sql|tableau
Rhea Kapoor 7236,backend_developer,Intern,full,deep learning|kubernetes|postgresql|python|rest api|scikit-learn|spring boot
Sameer Subramanian 7237,frontend_developer,Junior,abbr,git|javascript|react
Yamini Kumar 7238,devops_engineer,Junior,mixed,ci/cd|cloud|docker|kubernetes|python
Lalita Deshpande 7239,data_engineer,Junior,mixed,cloud|docker|pandas|postgresql|sql
Nisha Krishnan 7240,ml_engineer,Senior,mixed,computer vision|deep learning|machine learning|python|pytorch|scikit-learn|tensorflow
Pooja Kapoor 7241,data_scientist,Senior,abbr,cloud|data analysis|machine learning|pandas|python|sql|statistics
Nandini Deshpande 7242,nlp_engineer,Senior,full,deep learning|natural language processing|python|pytorch|text classification
Ravi Patel 7243,data_analyst,Senior,mixed,data analysis|docker|excel|linux|power bi|sql|tableau
Pooja Shetty 7244,backend_developer,Senior,mixed,data analysis|docker|git|java|kubernetes|mongodb|postgresql|python|rest api|spring boot|sql
Madhav Malhotra 7245,frontend_developer,Junior,full,html/css|javascript|node.js|react
Uma Ghosh 7246,devops_engineer,Intern,mixed,cloud|docker|linux
Udhav Gupta 7247,data_engineer,Intern,full,ci/cd|cloud|docker|kubernetes|sql
Abhay Naidu 7248,ml_engineer,Mid,mixed,deep learning|machine learning|python|pytorch|scikit-learn|sql|statistics
Aniket Menon 7249,data_scientist,Mid,full,data analysis|javascript|machine learning|pandas|react|sql|statistics
Chetan Saxena 7250,nlp_engineer,Intern,abbr,artificial intelligence|cloud|deep learning|natural language processing|python
Sneha Kaur,data_analyst,Mid,mixed,data analysis|excel|kubernetes|sql|tableau
Rakesh Bhatt 7252,backend_developer,Intern,full,git|java|linux|postgresql|rest api
Sneha Chandran 7253,frontend_developer,Senior,mixed,git|html/css|javascript|react
Ritu Krishnan 7254,devops_engineer,Senior,abbr,artificial intelligence|ci/cd|cloud|docker|kubernetes|linux|text classification
Yash Raghavan 7255,data_engineer,Intern,full,ci/cd|docker|kubernetes|linux|postgresql|sql
Hema Subramanian 7256,ml_engineer,Intern,full,java|machine learning|pytorch|sql|tensorflow
Vinay Shetty 7257,data_scientist,Mid,full,data analysis|pandas|python|sql|statistics
Trisha Malhotra 7258,nlp_engineer,Senior,mixed,deep learning|natural language processing|python|pytorch|text classification
Pranav Malhotra,data_analyst,Intern,mixed,data analysis|java|linux|power bi|sql|statistics
Vishal Agarwal,backend_developer,Intern,mixed,deep learning|linux|machine learning|rest api|spring boot|sql
Sneha Reddy 7261,frontend_developer,Junior,mixed,docker|git|javascript|react
Suresh Chopra 7262,devops_engineer,Mid,full,ci/cd|cloud|kubernetes|linux|postgresql|python
Darshan Dubey 7263,data_engineer,Intern,mixed,ci/cd|cloud|linux|python|sql
Darshan Bhatt 7264,ml_engineer,Mid,full,machine learning|natural language processing|python|pytorch|scikit-learn|tensorflow
Meera Shetty 7265,data_scientist,Mid,mixed,machine learning|pandas|python|sql|statistics|text classification
Madhav Iyer 7266,nlp_engineer,Mid,abbr,natural language processing|python|pytorch|rest api|text classification
Sanjay Raghavan 7267,data_analyst,Junior,full,excel|numpy|pandas|power bi|sql|statistics|tableau
Hema Raghavan 7268,backend_developer,Senior,mixed,java|kubernetes|postgresql|rest api|spring boot|sql
Naveen Iyer 7269,frontend_developer,Intern,mixed,deep learning|html/css|numpy|react
Sonal Jain 7270,devops_engineer,Mid,abbr,ci/cd|cloud|docker|linux
Neha Deshpande,data_engineer,Junior,full,cloud|docker|pandas|python|sql
Gaurav Agarwal 7272,ml_engineer,Senior,full,deep learning|machine learning|python|pytorch|scikit-learn|tensorflow
Swathi Joshi 7273,data_scientist,Mid,mixed,cloud|data analysis|machine learning|numpy|pandas|power bi|python|sql
Bhargav Gupta 7274,nlp_engineer,Junior,abbr,ci/cd|cloud|deep learning|natural language processing|postgresql|python|pytorch|scikit-learn
Deepa Joshi 7275,data_analyst,Intern,full,pandas|power bi|sql|tableau
Vidya Joshi 7276,backend_developer,Senior,mixed,java|kubernetes|linux|mongodb|postgresql|python|rest api|spring boot|sql
Udhav Reddy 7277,frontend_developer,Junior,abbr,cloud|html/css|javascript|machine learning|react|rest api
Rahul Hegde 7278,devops_engineer,Intern,full,ci/cd|cloud|kubernetes|postgresql
Rohan Kapoor 7279,data_engineer,Junior,full,cloud|docker|mongodb|postgresql|sql
Meera Subramanian 7280,ml_engineer,Mid,mixed,deep learning|docker|machine learning|numpy|python|pytorch|sql|tensorflow|text classification
Vikram Prasad 7281,data_scientist,Junior,abbr,data analysis|python|sql|statistics
Vikram Nambiar 7282,nlp_engineer,Junior,full,deep learning|machine learning|natural language processing|numpy|pandas|postgresql|python|pytorch|scikit-learn
Vidya Verma 7283,data_analyst,Senior,full,data analysis|excel|power bi|sql|statistics|tableau
Esha Menon 7284,backend_developer,Senior,abbr,docker|git|java|postgresql|python|rest api|spring boot|sql
Gaurav Joshi 7285,frontend_developer,Intern,mixed,docker|html/css|javascript
Ananya Saxena 7286,devops_engineer,Senior,full,ci/cd|cloud|docker|kubernetes|linux|postgresql
Varun Malhotra 7287,data_engineer,Junior,full,cloud|kubernetes|postgresql|python|sql
Jaya Nair 7288,ml_engineer,Senior,mixed,computer vision|deep learning|machine learning|natural language processing|numpy|pandas|python|pytorch|scikit-learn|sql|tensorflow
Bhargav Agarwal 7289,data_scientist,Intern,abbr,machine learning|numpy|pandas|statistics|tableau
Yash Chopra 7290,nlp_engineer,Intern,abbr,artificial intelligence|natural language processing|python|pytorch
Sameer Patel 7291,data_analyst,Senior,mixed,data analysis|excel|power bi|sql|statistics|tableau
Aditi Balan,backend_developer,Senior,mixed,git|java|kubernetes|linux|postgresql|rest api|spring boot|sql
Sameer Nambiar 7293,frontend_developer,Junior,full,docker|git|html/css|javascript
Mohit Malhotra 7294,devops_engineer,Junior,abbr,ci/cd|cloud|docker|kubernetes|postgresql|python|react|rest api
Kavya Ghosh 7295,data_engineer,Mid,abbr,cloud|docker|linux|postgresql|python
Anjali Naidu 7296,ml_engineer,Junior,mixed,deep learning|docker|pandas|postgresql|python|scikit-learn|tensorflow
Akash Varma 7297,data_scientist,Intern,full,data analysis|deep learning|machine learning|scikit-learn|statistics
Bhargav Desai 7298,nlp_engineer,Mid,full,cloud|deep learning|python|pytorch|text classification
Farhan Kulkarni 7299,data_analyst,Junior,mixed,data analysis|excel|power bi|sql
Anjali Tiwari 7300,backend_developer,Mid,mixed,ci/cd|git|java|linux|rest api|spring boot|sql
Mohit Shetty 7301,frontend_developer,Junior,abbr,git|html/css|javascript|rest api
Nandini Jain 7302,devops_engineer,Intern,mixed,ci/cd|cloud|data analysis|docker|git
Sonal Bhatt 7303,data_engineer,Mid,mixed,cloud|docker|kubernetes|linux|python|sql
Gaurav Deshpande 7304,ml_engineer,Junior,abbr,deep learning|machine learning|power bi|python|statistics|tensorflow
Jaya Jain 7305,data_scientist,Intern,mixed,machine learning|python|statistics
Trisha Hegde 7306,nlp_engineer,Senior,mixed,computer vision|deep learning|natural language processing|python|pytorch|scikit-learn|text classification
Tanvi Chopra 7307,data_analyst,Intern,mixed,data analysis|excel|java|tableau
Swathi Iyer 7308,backend_developer,Senior,abbr,git|java|kubernetes|mongodb|postgresql|python|rest api|spring boot|sql
Chetan Jain 7309,frontend_developer,Junior,mixed,html/css|java|javascript|react|sql
Farhan Kumar 7310,devops_engineer,Intern,abbr,ci/cd|cloud|kubernetes|postgresql
Hema Kulkarni 7311,data_engineer,Junior,full,cloud|docker|python|sql
Chetan Malhotra 7312,ml_engineer,Intern,mixed,python|scikit-learn|tensorflow
Harini Singh 7313,data_scientist,Mid,abbr,cloud|data analysis|machine learning|numpy|pandas|python|sql
Tanvi Desai 7314,nlp_engineer,Mid,mixed,deep learning|natural language processing|pytorch|text classification
Aniket Nair 7315,data_analyst,Mid,mixed,excel|power bi|python|sql|tableau
Zoya Varma 7316,backend_developer,Junior,full,ci/cd|git|java|kubernetes|mongodb|postgresql|rest api|spring boot
Kavya Jain 7317,frontend_developer,Mid,mixed,docker|git|javascript|node.js|react
Manish Raghavan 7318,devops_engineer,Junior,mixed,ci/cd|cloud|docker|java|kubernetes|pytorch
Ritu Pillai 7319,data_engineer,Junior,full,cloud|docker|linux|python|sql
Parvati Pillai 7320,ml_engineer,Junior,mixed,deep learning|python|pytorch|tensorflow
Siddharth Singh 7321,data_scientist,Senior,abbr,cloud|data analysis|git|machine learning|pandas|python|scikit-learn|sql|statistics|tableau|text classification
Ramya Tiwari 7322,nlp_engineer,Mid,mixed,cloud|natural language processing|python|pytorch|text classification
Ishaan Krishnan 7323,data_analyst,Junior,abbr,data analysis|excel|postgresql|sql|tableau
Pooja Varma 7324,backend_developer,Senior,mixed,docker|java|linux|postgresql|python|rest api|spring boot|sql
Jatin Singh 7325,frontend_developer,Intern,full,html/css|react
Kabir Jain 7326,devops_engineer,Mid,full,ci/cd|docker|kubernetes|linux|scikit-learn
Pooja Tiwari 7327,data_engineer,Senior,abbr,cloud|docker|pandas|postgresql|python|sql
Zoya Krishnan 7328,ml_engineer,Intern,mixed,python|pytorch|sql|tensorflow
Tarun Agarwal 7329,data_scientist,Senior,abbr,data analysis|docker|linux|machine learning|pandas|python|sql|statistics|tableau|text classification
Bhargav Rao 7330,nlp_engineer,Mid,mixed,artificial intelligence|deep learning|docker|natural language processing|python|text classification
Bhargav Iyer 7331,data_analyst,Junior,full,excel|pandas|power bi|sql|tableau
Rakesh Raghavan 7332,backend_developer,Senior,abbr,git|java|kubernetes|linux|node.js|postgresql|rest api|spring boot|sql
Hema Desai 7333,frontend_developer,Mid,full,git|html/css|javascript|node.js|pandas|tableau
Abhay Gupta 7334,devops_engineer,Mid,full,ci/cd|cloud|docker|git|linux|postgresql|scikit-learn|tensorflow
Aarav Rao 7335,data_engineer,Senior,abbr,ci/cd|cloud|docker|git|javascript|mongodb|postgresql|python|sql
Zoya Nambiar 7336,ml_engineer,Mid,abbr,machine learning|python|pytorch|scikit-learn|tensorflow
Dhruv Joshi 7337,data_scientist,Senior,abbr,data analysis|deep learning|machine learning|pandas|power bi|python|sql|statistics|tableau
Gaurav Jain 7338,nlp_engineer,Junior,full,artificial intelligence|deep learning|docker|python|pytorch|scikit-learn|text classification
Harini Chandran 7339,data_analyst,Mid,abbr,data analysis|excel|power bi|sql|statistics
Ritu Kulkarni 7340,backend_developer,Junior,mixed,java|kubernetes|postgresql|rest api|spring boot
Meera Kapoor,frontend_developer,Junior,mixed,docker|html/css|javascript|power bi|react
Aditi Balan 7342,devops_engineer,Mid,abbr,ci/cd|data analysis|docker|git|kubernetes|linux|postgresql
Ravi Agarwal 7343,data_engineer,Intern,abbr,cloud|python|sql
Kiran Reddy 7344,ml_engineer,Intern,mixed,natural language processing|pandas|python|pytorch|statistics|tensorflow
Harini Kaur 7345,data_scientist,Mid,abbr,cloud|data analysis|numpy|pandas|power bi|python|sql|statistics|text classification
Lalita Nambiar 7346,nlp_engineer,Junior,full,deep learning|docker|natural language processing|python|pytorch
Ramya Naidu 7347,data_analyst,Intern,abbr,excel|git|linux|power bi|sql
Neha Krishnan 7348,backend_developer,Junior,full,java|postgresql|spring boot|sql
Sonal Dubey 7349,frontend_developer,Intern,full,docker|javascript|react
Deepa Patel 7350,devops_engineer,Junior,abbr,ci/cd|cloud|docker|git|kubernetes
Jaya Bhatt 7351,data_engineer,Junior,abbr,cloud|docker|python|sql
Parvati Nair 7352,ml_engineer,Junior,abbr,cloud|computer vision|docker|machine learning|python|pytorch|tensorflow
Sanjay Agarwal 7353,data_scientist,Intern,mixed,cloud|data analysis|linux|python|statistics
Aarav Deshpande,nlp_engineer,Mid,abbr,natural language processing|python|pytorch|text classification
Jaya Kulkarni 7355,data_analyst,Senior,abbr,data analysis|excel|power bi|sql|tableau
Ganesh Balan 7356,backend_developer,Senior,full,docker|java|postgresql|python|rest api|spring boot|sql
Vishal Raghavan,frontend_developer,Intern,full,cloud|html/css|react|rest api|scikit-learn
Chetan Rao 7358,devops_engineer,Junior,full,cloud|docker|git|java|kubernetes|linux
Darshan Kaur 7359,data_engineer,Senior,mixed,cloud|docker|kubernetes|linux|postgresql|python|sql
Vishal Saxena 7360,ml_engineer,Junior,abbr,deep learning|numpy|postgresql|power bi|python|scikit-learn|tensorflow
Akash Verma 7361,data_scientist,Mid,mixed,data analysis|deep learning|machine learning|pandas|python|scikit-learn|statistics|text classification
Zoya Singh 7362,nlp_engineer,Mid,full,deep learning|docker|python|pytorch|text classification
Jatin Reddy 7363,data_analyst,Intern,mixed,data analysis|python|sql|tableau
Mohit Kulkarni 7364,backend_developer,Senior,abbr,git|java|kubernetes|linux|mongodb|numpy|postgresql|rest api|spring boot|sql
Priya Ghosh 7365,frontend_developer,Junior,abbr,git|html/css|react|rest api
Nikhil Chopra 7366,devops_engineer,Senior,full,ci/cd|cloud|docker|kubernetes|linux|pandas|statistics
Charu Jain 7367,data_engineer,Mid,abbr,ci/cd|docker|kubernetes|postgresql|python|sql|statistics
Qamar Reddy 7368,ml_engineer,Senior,mixed,computer vision|deep learning|docker|machine learning|natural language processing|pandas|python|pytorch|scikit-learn|statistics|tensorflow
Rohan Chopra 7369,data_scientist,Mid,abbr,data analysis|machine learning|python|sql|statistics
Nandini Subramanian 7370,nlp_engineer,Intern,full,natural language processing|numpy|pytorch|text classification
Lalita Kapoor 7371,data_analyst,Junior,full,cloud|data analysis|pandas|power bi|sql|tableau
Rohan Mehta 7372,backend_developer,Junior,abbr,java|mongodb|rest api|spring boot|sql
Charu Menon 7373,frontend_developer,Mid,mixed,git|javascript|react
Rhea Naidu 7374,devops_engineer,Mid,mixed,ci/cd|cloud|docker|git|kubernetes|postgresql
Vidya Kulkarni 7375,data_engineer,Senior,full,cloud|docker|mongodb|postgresql|python|sql
Uma Reddy 7376,ml_engineer,Junior,abbr,cloud|deep learning|machine learning|scikit-learn|tensorflow
Vishal Varma 7377,data_scientist,Senior,abbr,data analysis|machine learning|numpy|pandas|python|scikit-learn|sql|statistics|tableau|text classification
Uma Jain 7378,nlp_engineer,Senior,abbr,cloud|deep learning|machine learning|natural language processing|python|pytorch|text classification
Hema Saxena 7379,data_analyst,Intern,full,excel|postgresql|power bi|sql
Ananya Kaur 7380,backend_developer,Senior,full,java|postgresql|rest api|spring boot|sql
Farhan Verma 7381,frontend_developer,Senior,mixed,git|html/css|javascript|node.js|react|rest api
Lakshmi Balan 7382,devops_engineer,Intern,full,ci/cd|cloud|kubernetes
Rahul Dubey 7383,data_engineer,Mid,full,ci/cd|cloud|docker|html/css|mongodb|pandas|postgresql|rest api|sql
Qamar Sharma 7384,ml_engineer,Senior,full,computer vision|deep learning|docker|kubernetes|machine learning|python|pytorch|scikit-learn|sql|tensorflow
Naveen Singh 7385,data_scientist,Mid,abbr,data analysis|pandas|power bi|python|sql|statistics|text classification
Indira Joshi 7386,nlp_engineer,Junior,mixed,cloud|docker|natural language processing|python|pytorch|text classification
Arjun Patel 7387,data_analyst,Junior,mixed,data analysis|excel|postgresql|power bi|python|statistics|tableau
Kabir Hegde 7388,backend_developer,Senior,abbr,git|java|kubernetes|mongodb|postgresql|python|rest api|spring boot|sql
Jaya Iyer 7389,frontend_developer,Junior,mixed,git|javascript|react|rest api
Ganesh Chopra 7390,devops_engineer,Mid,abbr,ci/cd|docker|java|kubernetes|linux|postgresql
Ravi Nambiar 7391,data_engineer,Intern,abbr,cloud|docker|python
Pranav Rao 7392,ml_engineer,Junior,mixed,deep learning|docker|machine learning|python|scikit-learn
Vikram Patel 7393,data_scientist,Junior,full,pandas|power bi|python|sql|statistics|tableau
Lalita Pillai,nlp_engineer,Junior,full,deep learning|python|pytorch|text classification
Lakshmi Kaur 7395,data_analyst,Intern,mixed,computer vision|data analysis|power bi|sql|statistics|tensorflow
Vikram Mehta 7396,backend_developer,Intern,mixed,java|kubernetes|python|rest api|spring boot
Nisha Singh 7397,frontend_developer,Senior,full,docker|git|html/css|javascript|react
Naveen Kulkarni 7398,devops_engineer,Junior,mixed,ci/cd|cloud|kubernetes|linux
Ganesh Jain 7399,data_engineer,Mid,full,cloud|docker|linux|mongodb|python|sql
Vidya Chandran 7400,ml_engineer,Junior,mixed,machine learning|numpy|python|pytorch|statistics|tensorflow
Sanjay Patel 7401,data_scientist,Senior,mixed,data analysis|machine learning|pandas|python|sql|statistics|text classification
Rahul Naidu 7402,nlp_engineer,Junior,abbr,deep learning|docker|linux|machine learning|natural language processing|numpy|python|pytorch
Naveen Iyer 7403,data_analyst,Intern,full,data analysis|docker|excel|javascript|sql
Deepa Saxena 7404,backend_developer,Mid,mixed,java|node.js|rest api|spring boot|sql
Neha Kapoor 7405,frontend_developer,Senior,abbr,docker|git|html/css|javascript|node.js|react
Esha Kaur 7406,devops_engineer,Junior,mixed,ci/cd|cloud|docker|git|kubernetes|linux|postgresql
Rohan Naidu 7407,data_engineer,Senior,mixed,ci/cd|cloud|docker|html/css|kubernetes|node.js|postgresql|python|sql
Ganesh Balan 7408,ml_engineer,Intern,abbr,ci/cd|cloud|deep learning|machine learning|numpy|pandas|sql|tensorflow
Udhav Varma 7409,data_scientist,Mid,abbr,cloud|data analysis|pandas|power bi|python|scikit-learn|sql|statistics|tableau
Rakesh Menon 7410,nlp_engineer,Junior,mixed,natural language processing|python|pytorch|text classification
Aditi Krishnan 7411,data_analyst,Mid,mixed,data analysis|pandas|power bi|sql|tableau
Zoya Kumar 7412,backend_developer,Mid,full,excel|java|kubernetes|pandas|postgresql|rest api|sql
Rakesh Agarwal,frontend_developer,Mid,abbr,git|javascript|node.js|pytorch|react|rest api
Pooja Patel 7414,devops_engineer,Intern,abbr,cloud|kubernetes|linux|natural language processing|postgresql|statistics
Rohan Ghosh 7415,data_engineer,Junior,mixed,cloud|docker|mongodb|postgresql|sql|statistics
Rakesh Shetty,ml_engineer,Senior,mixed,cloud|deep learning|machine learning|python|pytorch|scikit-learn|tensorflow
Darshan Pillai 7417,data_scientist,Junior,full,cloud|data analysis|pandas|python|scikit-learn|statistics|text classification
Rahul Ghosh 7418,nlp_engineer,Senior,abbr,deep learning|machine learning|natural language processing|numpy|python|pytorch|tensorflow|text classification
Uma Kumar 7419,data_analyst,Senior,full,data analysis|excel|numpy|pandas|power bi|sql|tableau
Gaurav Joshi 7420,backend_developer,Senior,full,java|postgresql|rest api|spring boot|sql
Madhav Mehta 7421,frontend_developer,Junior,mixed,git|html/css|node.js|react
Omkar Dubey 7422,devops_engineer,Senior,abbr,ci/cd|cloud|docker|java|kubernetes|linux|python
Madhav Hegde 7423,data_engineer,Junior,full,docker|linux|pandas|postgresql|python|sql
Varun Krishnan 7424,ml_engineer,Intern,full,computer vision|machine learning|natural language processing|pytorch|sql|tensorflow
Suresh Venkatesh 7425,data_scientist,Intern,full,data analysis|deep learning|docker|machine learning|node.js|sql
Udhav Tiwari 7426,nlp_engineer,Mid,mixed,deep learning|natural language processing|python|text classification
Darshan Patel 7427,data_analyst,Senior,full,data analysis|excel|html/css|power bi|python|sql|statistics|tableau
Madhav Joshi 7428,backend_developer,Intern,full,docker|java|javascript|python|rest api|spring boot
Vikram Agarwal 7429,frontend_developer,Senior,mixed,git|html/css|javascript|react|rest api
Abhay Bhatt 7430,devops_engineer,Mid,mixed,ci/cd|cloud|kubernetes|linux|pandas|postgresql|sql
Swathi Krishnan 7431,data_engineer,Junior,mixed,cloud|mongodb|postgresql|python|sql
Dhruv Iyer,ml_engineer,Junior,mixed,deep learning|docker|machine learning|python|pytorch
Farhan Iyer 7433,data_scientist,Senior,full,data analysis|machine learning|pandas|python|sql|statistics
Darshan Ghosh 7434,nlp_engineer,Junior,full,cloud|deep learning|natural language processing|python|text classification
Aditi Reddy 7435,data_analyst,Mid,mixed,data analysis|excel|power bi|sql
Sonal Varma 7436,backend_developer,Intern,mixed,mongodb|postgresql|rest api|sql
Abhay Kaur 7437,frontend_developer,Senior,mixed,git|html/css|javascript|react
Rohan Raghavan 7438,devops_engineer,Junior,abbr,ci/cd|docker|kubernetes|linux|machine learning|natural language processing|postgresql
Madhav Naidu,data_engineer,Intern,full,docker|pandas|postgresql|power bi|sql
Sonal Verma 7440,ml_engineer,Senior,full,deep learning|machine learning|python|pytorch|scikit-learn|tensorflow
Akash Mehta 7441,data_scientist,Intern,abbr,cloud|machine learning|pandas|python|rest api
Arjun Rao 7442,nlp_engineer,Junior,full,natural language processing|python|pytorch|text classification
Hema Saxena 7443,data_analyst,Intern,full,data analysis|linux|mongodb|power bi|statistics|tableau
Uma Sharma 7444,backend_developer,Mid,full,java|linux|rest api|spring boot|sql
Ritu Balan 7445,frontend_developer,Mid,mixed,git|html/css|kubernetes|react
Priya Nambiar 7446,devops_engineer,Mid,abbr,cloud|docker|kubernetes|linux
Jatin Nair 7447,data_engineer,Intern,abbr,ci/cd|docker|pandas|postgresql|sql
Zoya Subramanian,ml_engineer,Intern,abbr,machine learning|scikit-learn|tensorflow
Sahana Varma 7449,data_scientist,Junior,mixed,cloud|data analysis|machine learning|pandas|power bi|python|sql|text classification
Tanvi Menon 7450,nlp_engineer,Senior,mixed,deep learning|docker|machine learning|natural language processing|python|pytorch|scikit-learn|text classification
Omkar Balan 7451,data_analyst,Senior,full,data analysis|excel|power bi|python|sql|tableau
Rajesh Verma 7452,backend_developer,Senior,mixed,git|java|linux|mongodb|postgresql|rest api|spring boot|sql
Nisha Iyer 7453,frontend_developer,Junior,mixed,cloud|html/css|javascript|mongodb|react|rest api
Manish Reddy 7454,devops_engineer,Intern,mixed,ci/cd|docker|kubernetes
Charu Agarwal 7455,data_engineer,Senior,mixed,cloud|docker|linux|mongodb|postgresql|python|sql
Darshan Shetty 7456,ml_engineer,Mid,abbr,cloud|deep learning|machine learning|mongodb|numpy|python|pytorch|rest api|scikit-learn|sql
Hema Ghosh,data_scientist,Junior,mixed,data analysis|machine learning|pandas|power bi|sql|statistics|tableau
Nandini Verma 7458,nlp_engineer,Senior,abbr,cloud|deep learning|docker|machine learning|natural language processing|numpy|python|pytorch|text classification
Rahul Saxena 7459,data_analyst,Junior,abbr,data analysis|java|power bi|sql|tableau
Kavya Venkatesh 7460,backend_developer,Senior,mixed,docker|java|linux|postgresql|rest api|spring boot|sql|tableau
Ananya Krishnan 7461,frontend_developer,Intern,full,docker|html/css|javascript
Tarun Patel 7462,devops_engineer,Senior,abbr,ci/cd|cloud|docker|git|javascript|kubernetes|linux|node.js
Aniket Subramanian 7463,data_engineer,Mid,mixed,cloud|docker|postgresql|sql
Ritu Ghosh 7464,ml_engineer,Mid,abbr,deep learning|machine learning|python|scikit-learn|sql|tensorflow
Bhargav Shetty 7465,data_scientist,Senior,abbr,data analysis|deep learning|machine learning|pandas|python|scikit-learn|sql|statistics|tableau|text classification
Jatin Patel 7466,nlp_engineer,Mid,mixed,cloud|natural language processing|numpy|pandas|python|pytorch|text classification
Rhea Agarwal 7467,data_analyst,Junior,mixed,data analysis|excel|power bi|python|statistics|tableau
Pooja Desai 7468,backend_developer,Senior,full,docker|git|java|kubernetes|mongodb|postgresql|python|rest api|spring boot|sql
Harini Sharma 7469,frontend_developer,Junior,mixed,excel|git|javascript|node.js|react
Udhav Gupta 7470,devops_engineer,Mid,mixed,artificial intelligence|ci/cd|docker|kubernetes|linux|scikit-learn
Mohit Reddy 7471,data_engineer,Intern,abbr,cloud|docker|mongodb|postgresql|python
Aditi Malhotra 7472,ml_engineer,Intern,abbr,cloud|deep learning|excel|machine learning|postgresql|tensorflow
Tarun Rao 7473,data_scientist,Junior,abbr,cloud|machine learning|pandas|sql|statistics
Aditi Reddy 7474,nlp_engineer,Intern,full,deep learning|docker|natural language processing|pandas|text classification
Bhargav Mehta 7475,data_analyst,Senior,abbr,data analysis|excel|power bi|sql|tableau
Rakesh Menon 7476,backend_developer,Mid,mixed,docker|java|postgresql|python|spring boot|sql
Pranav Joshi 7477,frontend_developer,Mid,abbr,artificial intelligence|docker|git|html/css|node.js|react
Vidya Tiwari,devops_engineer,Senior,full,ci/cd|cloud|docker|java|kubernetes|linux|power bi
Abhay Krishnan 7479,data_engineer,Junior,full,cloud|docker|kubernetes|linux|postgresql|python|pytorch
Tanvi Patel 7480,ml_engineer,Mid,full,machine learning|python|pytorch|scikit-learn|tensorflow
Shreya Hegde 7481,data_scientist,Intern,full,computer vision|data analysis|machine learning|numpy|python|sql
Suresh Kulkarni 7482,nlp_engineer,Intern,mixed,machine learning|python|pytorch|text classification
Varun Rao,data_analyst,Mid,mixed,excel|numpy|power bi|sql|tableau|text classification
Lakshmi Kapoor 7484,backend_developer,Junior,mixed,git|java|javascript|mongodb|node.js|rest api|spring boot|sql
Nikhil Ghosh 7485,frontend_developer,Intern,mixed,html/css|node.js|pandas|react
Nisha Jain 7486,devops_engineer,Senior,full,ci/cd|cloud|deep learning|docker|kubernetes|linux|numpy
Kabir Chopra 7487,data_engineer,Intern,full,docker|linux|mongodb|postgresql|python
Nikhil Mehta 7488,ml_engineer,Mid,mixed,deep learning|docker|machine learning|numpy|pytorch|scikit-learn|tensorflow
Charu Hegde 7489,data_scientist,Senior,mixed,data analysis|machine learning|pandas|power bi|python|scikit-learn|sql|statistics|text classification
Charu Agarwal 7490,nlp_engineer,Senior,mixed,deep learning|docker|natural language processing|python|pytorch|scikit-learn|text classification
Rakesh Joshi 7491,data_analyst,Senior,abbr,data analysis|excel|power bi|sql|tableau
Sahana Kumar 7492,backend_developer,Mid,mixed,docker|java|mongodb|postgresql|python|rest api|spring boot
Ananya Chopra 7493,frontend_developer,Mid,abbr,docker|git|html/css|javascript
Ravi Venkatesh 7494,devops_engineer,Intern,mixed,ci/cd|docker|linux|python|pytorch
Ravi Nambiar 7495,data_engineer,Mid,mixed,deep learning|docker|postgresql|python|sql|tensorflow
Vikram Malhotra 7496,ml_engineer,Senior,abbr,deep learning|docker|machine learning|numpy|python|pytorch|scikit-learn|tensorflow
Nikhil Iyer 7497,data_scientist,Senior,mixed,data analysis|machine learning|numpy|pandas|python|sql|statistics|tableau|text classification
Qamar Malhotra 7498,nlp_engineer,Intern,abbr,artificial intelligence|computer vision|docker|python|pytorch|text classification
Tanvi Singh 7499,data_analyst,Intern,mixed,excel|pandas|power bi|python|sql|tableau
Yash Kulkarni 7500,backend_developer,Senior,full,docker|java|postgresql|rest api|spring boot|sql
Yash Raghavan 7501,frontend_developer,Intern,abbr,javascript|react
Bhargav Bhatt 7502,devops_engineer,Junior,mixed,ci/cd|cloud|docker|git|linux
Bhargav Ghosh 7503,data_engineer,Senior,full,cloud|docker|linux|postgresql|python|sql
Jaya Reddy 7504,ml_engineer,Intern,abbr,python|pytorch|tensorflow
Nisha Kaur 7505,data_scientist,Mid,full,cloud|data analysis|deep learning|machine learning|pandas|sql|statistics|text classification
Vishal Mehta 7506,nlp_engineer,Mid,full,deep learning|docker|git|natural language processing|python|pytorch
Omkar Kapoor 7507,data_analyst,Senior,mixed,data analysis|excel|pandas|power bi|pytorch|sql|tableau
Kiran Naidu 7508,backend_developer,Mid,abbr,java|mongodb|postgresql|spring boot|sql
Gaurav Kumar 7509,frontend_developer,Junior,full,html/css|javascript|node.js|react
Darshan Kaur 7510,devops_engineer,Intern,abbr,cloud|docker|linux
Shreya Desai 7511,data_engineer,Mid,mixed,docker|postgresql|python|sql
Deepa Varma 7512,ml_engineer,Intern,mixed,deep learning|natural language processing|numpy|pandas|python|tensorflow
Hema Bhatt 7513,data_scientist,Mid,mixed,cloud|data analysis|deep learning|machine learning|pandas|python|statistics|tableau
Nandini Shetty 7514,nlp_engineer,Mid,mixed,artificial intelligence|machine learning|natural language processing|numpy|python|pytorch|scikit-learn|tableau|text classification
Sonal Menon 7515,data_analyst,Mid,abbr,excel|pandas|postgresql|power bi|sql|tableau
Aniket Patel 7516,backend_developer,Intern,full,cloud|java|mongodb|rest api|spring boot|statistics
Dhruv Saxena 7517,frontend_developer,Intern,abbr,git|javascript
Manish Pillai 7518,devops_engineer,Intern,mixed,cloud|docker|linux
Udhav Tiwari 7519,data_engineer,Senior,abbr,cloud|docker|javascript|pandas|postgresql|python|react|sql
Divya Agarwal 7520,ml_engineer,Mid,abbr,deep learning|machine learning|python|scikit-learn|tensorflow|text classification
Rakesh Varma 7521,data_scientist,Junior,abbr,data analysis|machine learning|python|scikit-learn|sql|text classification
Hema Varma 7522,nlp_engineer,Senior,mixed,cloud|deep learning|natural language processing|python|pytorch|text classification
Varun Iyer 7523,data_analyst,Junior,abbr,data analysis|excel|java|power bi|python|tableau
Ishaan Nair 7524,backend_developer,Senior,full,docker|java|kubernetes|postgresql|rest api|spring boot|sql
Yamini Chandran 7525,frontend_developer,Intern,abbr,html/css|react|statistics
Deepa Singh 7526,devops_engineer,Senior,mixed,ci/cd|cloud|docker|kubernetes|linux|python
Kavya Naidu 7527,data_engineer,Junior,mixed,ci/cd|cloud|docker|postgresql|python
Rhea Verma,ml_engineer,Mid,mixed,cloud|deep learning|docker|machine learning|natural language processing|numpy|python|scikit-learn|tensorflow
Kavya Singh 7529,data_scientist,Mid,abbr,cloud|machine learning|pandas|python|sql|statistics
Divya Jain 7530,nlp_engineer,Senior,mixed,deep learning|natural language processing|python|pytorch|text classification
Hema Dubey 7531,data_analyst,Junior,mixed,excel|postgresql|power bi|python|sql|tableau
Sonal Gupta,backend_developer,Intern,abbr,java|postgresql|rest api
Ravi Kapoor 7533,frontend_developer,Mid,full,docker|git|html/css|react
Darshan Dubey 7534,devops_engineer,Intern,mixed,ci/cd|docker|java|kubernetes
Pranav Bhatt 7535,data_engineer,Senior,mixed,artificial intelligence|cloud|docker|linux|mongodb|pandas|postgresql|python|sql
Rajesh Dubey 7536,ml_engineer,Junior,abbr,machine learning|python|scikit-learn|tensorflow
Charu Venkatesh 7537,data_scientist,Junior,mixed,numpy|pandas|power bi|python|sql|statistics
Gaurav Menon,nlp_engineer,Intern,mixed,deep learning|natural language processing|python
Suresh Verma 7539,data_analyst,Junior,full,data analysis|excel|pandas|power bi|sql
Sonal Krishnan 7540,backend_developer,Senior,mixed,cloud|java|mongodb|postgresql|rest api|spring boot|sql
Priya Sharma 7541,frontend_developer,Junior,abbr,docker|html/css|javascript|kubernetes|react
Meera Sharma 7542,devops_engineer,Senior,full,ci/cd|cloud|docker|java|kubernetes|linux|postgresql
Kiran Desai 7543,data_engineer,Senior,full,ci/cd|cloud|docker|javascript|linux|postgresql|python|sql
Rakesh Gupta 7544,ml_engineer,Intern,mixed,deep learning|numpy|pandas|pytorch|tensorflow
Vikram Jain 7545,data_scientist,Senior,mixed,data analysis|machine learning|numpy|pandas|python|scikit-learn|sql|statistics
Divya Chandran 7546,nlp_engineer,Senior,full,artificial intelligence|cloud|deep learning|machine learning|natural language processing|python|pytorch|scikit-learn|text classification
Esha Joshi 7547,data_analyst,Senior,abbr,data analysis|excel|javascript|postgresql|power bi|sql|statistics|tableau
Nandini Hegde 7548,backend_developer,Intern,abbr,java|rest api|sql
Swathi Deshpande 7549,frontend_developer,Mid,abbr,git|html/css|postgresql|react
Rakesh Kaur 7550,devops_engineer,Junior,mixed,ci/cd|docker|git|kubernetes|linux
Sahana Gupta 7551,data_engineer,Intern,abbr,kubernetes|pandas|postgresql|python|spring boot|sql
Kabir Kumar 7552,ml_engineer,Senior,mixed,deep learning|java|machine learning|python|pytorch|scikit-learn|tensorflow
Trisha Mehta 7553,data_scientist,Intern,mixed,machine learning|pandas|statistics|tableau|text classification
Yash Kaur 7554,nlp_engineer,Mid,abbr,deep learning|docker|machine learning|natural language processing|pytorch|text classification
Sneha Balan 7555,data_analyst,Intern,mixed,data analysis|java|linux|sql|tableau
Aniket Hegde 7556,backend_developer,Intern,full,linux|postgresql|rest api|spring boot
Meera Prasad,frontend_developer,Senior,abbr,git|html/css|javascript|react
Gaurav Singh 7558,devops_engineer,Junior,full,ci/cd|cloud|docker|linux|power bi|statistics
Swathi Shetty 7559,data_engineer,Intern,full,ci/cd|cloud|postgresql|python
Nisha Venkatesh 7560,ml_engineer,Junior,mixed,deep learning|docker|python|pytorch|statistics|tensorflow
Yash Menon 7561,data_scientist,Senior,abbr,data analysis|machine learning|pandas|python|sql|statistics
Indira Pillai 7562,nlp_engineer,Senior,mixed,artificial intelligence|deep learning|docker|natural language processing|numpy|pandas|power bi|python|pytorch|scikit-learn|text classification
Naveen Kumar 7563,data_analyst,Mid,full,data analysis|numpy|power bi|sql|statistics|tableau|text classification
Jatin Prasad 7564,backend_developer,Junior,abbr,java|kubernetes|mongodb|postgresql|rest api|spring boot
Uma Krishnan 7565,frontend_developer,Senior,abbr,git|html/css|javascript|react
Nikhil Pillai 7566,devops_engineer,Junior,abbr,ci/cd|docker|kubernetes|linux
Darshan Tiwari 7567,data_engineer,Junior,full,cloud|docker|kubernetes|postgresql|sql
Tanvi Hegde 7568,ml_engineer,Senior,full,deep learning|machine learning|python|pytorch|scikit-learn|tensorflow
Ganesh Kulkarni 7569,data_scientist,Junior,mixed,cloud|machine learning|pandas|python|statistics
Indira Chandran 7570,nlp_engineer,Senior,full,deep learning|natural language processing|numpy|python|pytorch|text classification
Zoya Ghosh 7571,data_analyst,Intern,full,power bi|sql|tableau
Ramya Joshi 7572,backend_developer,Junior,mixed,linux|mongodb|postgresql|python|rest api|spring boot|sql
Ganesh Mehta 7573,frontend_developer,Intern,full,html/css|javascript|kubernetes
Sanjay Kulkarni 7574,devops_engineer,Intern,mixed,cloud|docker|linux
Jatin Reddy 7575,data_engineer,Mid,full,cloud|docker|mongodb|postgresql|sql
Siddharth Venkatesh 7576,ml_engineer,Senior,full,cloud|deep learning|docker|machine learning|pandas|python|pytorch|scikit-learn|statistics|tensorflow
Ishaan Jain 7577,data_scientist,Junior,abbr,cloud|data analysis|deep learning|machine learning|python|scikit-learn|sql
Uma Hegde 7578,nlp_engineer,Intern,mixed,cloud|deep learning|natural language processing|pandas|python
Madhav Singh 7579,data_analyst,Junior,abbr,data analysis|excel|pandas|postgresql|power bi|sql
Jatin Dubey 7580,backend_developer,Intern,full,kubernetes|postgresql|spring boot|sql
Pranav Mehta 7581,frontend_developer,Senior,mixed,data analysis|git|html/css|javascript|react
Neha Varma 7582,devops_engineer,Intern,mixed,cloud|docker|linux|machine learning|postgresql|text classification
Meera Krishnan 7583,data_engineer,Junior,mixed,docker|postgresql|python|sql
Madhav Menon 7584,ml_engineer,Mid,mixed,deep learning|python|pytorch|scikit-learn|statistics|tensorflow
Anjali Chopra 7585,data_scientist,Junior,mixed,ci/cd|data analysis|linux|machine learning|pandas|python
Rohan Varma 7586,nlp_engineer,Mid,mixed,artificial intelligence|machine learning|natural language processing|python|pytorch|scikit-learn|text classification
Sanjay Verma 7587,data_analyst,Intern,full,ci/cd|data analysis|excel|postgresql|power bi
Meera Hegde 7588,backend_developer,Intern,abbr,java|python|spring boot|sql
Manish Sharma 7589,frontend_developer,Junior,abbr,git|javascript|react
Omkar Chandran 7590,devops_engineer,Senior,abbr,ci/cd|cloud|docker|java|kubernetes|linux|postgresql|sql
Rajesh Hegde 7591,data_engineer,Senior,full,cloud|docker|linux|mongodb|pandas|postgresql|python|sql
Abhay Dubey 7592,ml_engineer,Mid,mixed,machine learning|pandas|python|pytorch|scikit-learn|statistics|tensorflow
Swathi Singh 7593,data_scientist,Mid,full,data analysis|machine learning|numpy|pandas|python|sql
Ritu Varma 7594,nlp_engineer,Senior,abbr,deep learning|natural language processing|numpy|python|pytorch|statistics|text classification
Hema Bhatt 7595,data_analyst,Senior,mixed,data analysis|excel|power bi|sql|tableau
Jaya Verma 7596,backend_developer,Intern,mixed,docker|java|mongodb|python|rest api|sql
Abhay Desai 7597,frontend_developer,Junior,full,docker|git|html/css|react
Ravi Tiwari 7598,devops_engineer,Mid,mixed,ci/cd|cloud|git|kubernetes|linux|postgresql
Siddharth Kapoor 7599,data_engineer,Senior,mixed,ci/cd|cloud|docker|java|mongodb|pandas|postgresql|python|sql
Chetan Venkatesh 7600,ml_engineer,Senior,abbr,computer vision|deep learning|machine learning|pandas|python|pytorch|scikit-learn|tensorflow
Lalita Dubey 7601,data_scientist,Intern,full,cloud|python|sql|statistics
Ritu Chopra 7602,nlp_engineer,Senior,full,deep learning|natural language processing|python|pytorch|text classification
Kiran Varma 7603,data_analyst,Junior,mixed,data analysis|docker|excel|power bi|tableau
Vishal Menon 7604,backend_developer,Mid,mixed,docker|mongodb|postgresql|rest api|spring boot|sql
Trisha Venkatesh 7605,frontend_developer,Mid,mixed,git|html/css|react|rest api
Kabir Patel 7606,devops_engineer,Mid,abbr,cloud|docker|java|kubernetes|linux|python
Parvati Prasad 7607,data_engineer,Mid,abbr,cloud|kubernetes|linux|pandas|postgresql|python|sql
Mohit Jain 7608,ml_engineer,Senior,full,computer vision|deep learning|machine learning|natural language processing|python|pytorch|scikit-learn|tensorflow
Rohan Chopra 7609,data_scientist,Mid,mixed,machine learning|numpy|pandas|python|scikit-learn|sql|statistics
Siddharth Ghosh 7610,nlp_engineer,Intern,mixed,cloud|deep learning|docker|python|text classification
Trisha Nambiar 7611,data_analyst,Senior,abbr,cloud|data analysis|excel|power bi|sql|statistics|tableau
Nandini Pillai 7612,backend_developer,Intern,full,kubernetes|postgresql|spring boot|sql
Sameer Kaur 7613,frontend_developer,Senior,mixed,docker|git|html/css|javascript|react
Sonal Mehta 7614,devops_engineer,Intern,mixed,cloud|docker|kubernetes|python
Tanvi Chandran 7615,data_engineer,Junior,mixed,cloud|docker|linux|postgresql|sql
Sonal Verma 7616,ml_engineer,Junior,mixed,computer vision|deep learning|machine learning|natural language processing|pandas|python|scikit-learn
Yamini Desai 7617,data_scientist,Senior,abbr,data analysis|deep learning|machine learning|numpy|pandas|power bi|python|sql|statistics|tableau
Bhavna Joshi 7618,nlp_engineer,Mid,full,deep learning|docker|html/css|natural language processing|pytorch|scikit-learn|text classification
Neha Desai 7619,data_analyst,Junior,abbr,data analysis|postgresql|power bi|sql|statistics|tableau
Jaya Jain 7620,backend_developer,Junior,full,postgresql|python|rest api|spring boot|sql
Pallavi Jain 7621,frontend_developer,Junior,mixed,git|html/css|react|statistics
Ananya Venkatesh 7622,devops_engineer,Mid,mixed,ci/cd|cloud|docker|kubernetes
Dhruv Reddy 7623,data_engineer,Junior,mixed,ci/cd|cloud|docker|postgresql|sql
Yash Iyer 7624,ml_engineer,Intern,abbr,cloud|deep learning|machine learning|python
Aarav Prasad,data_scientist,Intern,mixed,python|sql|statistics|tableau
Nikhil Verma 7626,nlp_engineer,Mid,mixed,deep learning|python|pytorch|scikit-learn|text classification
Aditi Varma 7627,data_analyst,Mid,full,data analysis|excel|power bi|python|tableau
Vinay Saxena 7628,backend_developer,Senior,full,deep learning|java|kubernetes|mongodb|postgresql|rest api|spring boot|sql
Gaurav Raghavan,frontend_developer,Intern,full,git|javascript|rest api
Dhruv Sharma 7630,devops_engineer,Junior,abbr,ci/cd|deep learning|docker|kubernetes|linux
Deepa Naidu 7631,data_engineer,Junior,mixed,cloud|docker|html/css|postgresql|rest api|sql
Aditi Hegde 7632,ml_engineer,Senior,full,cloud|computer vision|deep learning|machine learning|numpy|postgresql|python|pytorch|scikit-learn|sql|statistics|tensorflow
Rahul Raghavan 7633,data_scientist,Junior,abbr,ci/cd|data analysis|git|machine learning|pandas|sql|tableau
Sahana Malhotra 7634,nlp_engineer,Senior,abbr,deep learning|machine learning|natural language processing|python|pytorch|text classification
Kavya Bhatt 7635,data_analyst,Senior,abbr,data analysis|excel|git|power bi|sql|tableau
Jatin Jain,backend_developer,Junior,mixed,java|postgresql|rest api|spring boot
Siddharth Gupta 7637,frontend_developer,Intern,abbr,javascript|node.js|react|sql
Uma Mehta 7638,devops_engineer,Junior,full,ci/cd|cloud|docker|java|kubernetes|postgresql
Omkar Malhotra 7639,data_engineer,Mid,full,ci/cd|cloud|docker|linux|postgresql|python
Aditi Prasad 7640,ml_engineer,Mid,abbr,cloud|deep learning|machine learning|pytorch|scikit-learn|statistics|tensorflow
Anjali Menon,data_scientist,Intern,mixed,cloud|data analysis|machine learning|mongodb|statistics
Ritu Dubey 7642,nlp_engineer,Senior,abbr,cloud|deep learning|docker|natural language processing|numpy|python|pytorch|text classification
Ramya Singh 7643,data_analyst,Intern,mixed,data analysis|excel|postgresql|tableau
Vishal Patel 7644,backend_developer,Intern,abbr,java|postgresql|spring boot|sql|tensorflow
Neha Pillai 7645,frontend_developer,Intern,mixed,git|javascript
Bhavna Iyer 7646,devops_engineer,Junior,full,ci/cd|cloud|docker|kubernetes|pandas|python
Ganesh Bhatt 7647,data_engineer,Intern,full,cloud|linux|postgresql|python|statistics|text classification
Pooja Varma 7648,ml_engineer,Senior,mixed,cloud|deep learning|docker|machine learning|natural language processing|numpy|python|pytorch|scikit-learn|tensorflow
Aniket Kaur 7649,data_scientist,Junior,mixed,data analysis|excel|machine learning|pandas|power bi|python|text classification
Yamini Nair 7650,nlp_engineer,Intern,mixed,deep learning|python|text classification
Nisha Prasad 7651,data_analyst,Junior,full,data analysis|excel|power bi|python|sql|statistics
Kavya Ghosh 7652,backend_developer,Intern,full,java|spring boot|sql
Rhea Menon 7653,frontend_developer,Intern,full,git|javascript
Bhargav Kumar 7654,devops_engineer,Junior,full,ci/cd|cloud|docker|linux|sql
Harini Singh 7655,data_engineer,Intern,full,html/css|mongodb|postgresql|python|react|sql
Lakshmi Balan 7656,ml_engineer,Junior,full,deep learning|machine learning|python|scikit-learn|sql|statistics
Ravi Prasad 7657,data_scientist,Intern,mixed,machine learning|pandas|sql
Sonal Deshpande,nlp_engineer,Intern,mixed,deep learning|natural language processing|text classification
Esha Krishnan 7659,data_analyst,Mid,abbr,excel|power bi|sql|tableau
Madhav Subramanian 7660,backend_developer,Mid,mixed,kubernetes|node.js|postgresql|react|rest api|spring boot|sql
Anjali Krishnan 7661,frontend_developer,Mid,abbr,git|html/css|javascript|rest api
Sneha Bhatt 7662,devops_engineer,Mid,abbr,ci/cd|cloud|docker|kubernetes|postgresql
Ganesh Desai 7663,data_engineer,Mid,mixed,ci/cd|cloud|linux|mongodb|postgresql|python|sql
Siddharth Naidu 7664,ml_engineer,Senior,mixed,deep learning|machine learning|python|pytorch|scikit-learn|tensorflow
Tarun Kulkarni 7665,data_scientist,Intern,abbr,cloud|deep learning|html/css|machine learning|node.js|pandas|sql
Pooja Reddy 7666,nlp_engineer,Senior,abbr,artificial intelligence|deep learning|machine learning|natural language processing|python|pytorch|text classification
Charu Sharma 7667,data_analyst,Intern,abbr,data analysis|excel|power bi|sql
Akash Patel 7668,backend_developer,Intern,mixed,docker|linux|node.js|postgresql|rest api|sql
Uma Kumar 7669,frontend_developer,Intern,full,html/css|kubernetes|react
Mohit Dubey 7670,devops_engineer,Mid,full,ci/cd|cloud|deep learning|docker|linux|postgresql|scikit-learn
Anjali Kapoor 7671,data_engineer,Intern,abbr,docker|postgresql|python
Vikram Rao 7672,ml_engineer,Intern,abbr,linux|machine learning|pytorch|scikit-learn
Ganesh Jain 7673,data_scientist,Junior,mixed,data analysis|deep learning|machine learning|pandas|sql
Pranav Naidu 7674,nlp_engineer,Intern,mixed,deep learning|docker|python|text classification
Sonal Tiwari 7675,data_analyst,Mid,mixed,data analysis|power bi|scikit-learn|sql|tableau
Chetan Iyer 7676,backend_developer,Junior,full,java|postgresql|python|spring boot|sql
Charu Deshpande 7677,frontend_developer,Mid,mixed,git|html/css|react
Shreya Hegde 7678,devops_engineer,Mid,mixed,ci/cd|docker|java|kubernetes|linux|postgresql
Siddharth Kumar,data_engineer,Mid,full,cloud|linux|mongodb|postgresql|python|sql
Tanvi Varma 7680,ml_engineer,Junior,abbr,cloud|deep learning|python|pytorch|scikit-learn
Rakesh Mehta 7681,data_scientist,Senior,mixed,cloud|data analysis|machine learning|pandas|python|sql|statistics
Shreya Kumar 7682,nlp_engineer,Junior,mixed,artificial intelligence|cloud|docker|natural language processing|python|pytorch|text classification
Zoya Iyer 7683,data_analyst,Intern,full,data analysis|excel|kubernetes|power bi
Neha Kulkarni 7684,backend_developer,Intern,mixed,python|rest api|spring boot|sql
Manish Singh,frontend_developer,Mid,mixed,cloud|git|html/css|javascript|tensorflow
Farhan Patel 7686,devops_engineer,Mid,mixed,ci/cd|cloud|docker|git|linux
Ishaan Jain 7687,data_engineer,Junior,full,cloud|pandas|postgresql|python|react|sql
Yamini Nambiar 7688,ml_engineer,Intern,mixed,python|scikit-learn|statistics|tensorflow
Varun Kapoor 7689,data_scientist,Junior,mixed,cloud|data analysis|machine learning|mongodb|sql|statistics
Ishaan Deshpande 7690,nlp_engineer,Intern,mixed,natural language processing|pytorch|text classification
Jaya Deshpande 7691,data_analyst,Junior,full,data analysis|docker|power bi|sql|tableau
Sanjay Nair 7692,backend_developer,Intern,full,ci/cd|java|python|rest api|spring boot|sql
Dhruv Malhotra 7693,frontend_developer,Junior,full,git|javascript|react|sql
Harini Nambiar 7694,devops_engineer,Junior,abbr,ci/cd|cloud|docker|kubernetes|machine learning|scikit-learn
Aniket Jain 7695,data_engineer,Mid,abbr,ci/cd|cloud|docker|kubernetes|pandas|python|sql
Vidya Chopra 7696,ml_engineer,Junior,mixed,computer vision|deep learning|machine learning|pytorch|scikit-learn|sql
Anjali Krishnan 7697,data_scientist,Mid,abbr,cloud|data analysis|deep learning|numpy|pandas|power bi|python|scikit-learn|sql|statistics
Sanjay Pillai 7698,nlp_engineer,Intern,abbr,artificial intelligence|python|pytorch|text classification
Vidya Dubey 7699,data_analyst,Junior,full,data analysis|excel|kubernetes|power bi|python|statistics|tableau
Priya Krishnan 7700,backend_developer,Intern,full,rest api|spring boot|sql
Shreya Mehta,frontend_developer,Junior,mixed,excel|git|html/css|postgresql|react
Shreya Bhatt 7702,devops_engineer,Junior,abbr,cloud|docker|html/css|java|kubernetes|linux
Jaya Iyer 7703,data_engineer,Mid,abbr,cloud|docker|linux|mongodb|pandas|postgresql|python
Gaurav Agarwal 7704,ml_engineer,Intern,mixed,computer vision|deep learning|mongodb|scikit-learn|tensorflow
Trisha Tiwari 7705,data_scientist,Mid,abbr,cloud|data analysis|machine learning|numpy|pandas|power bi|python|scikit-learn|statistics
Sanjay Kulkarni 7706,nlp_engineer,Senior,full,deep learning|natural language processing|python|pytorch|text classification
Ritu Prasad 7707,data_analyst,Junior,abbr,data analysis|excel|power bi|sql
Madhav Desai 7708,backend_developer,Senior,abbr,java|mongodb|postgresql|rest api|spring boot|sql
Aarav Iyer 7709,frontend_developer,Senior,full,git|html/css|javascript|machine learning|react|sql
Yash Jain 7710,devops_engineer,Senior,full,ci/cd|cloud|docker|kubernetes|linux|power bi
Rohan Mehta 7711,data_engineer,Senior,full,cloud|docker|postgresql|python|sql
Farhan Tiwari 7712,ml_engineer,Mid,mixed,deep learning|machine learning|python|pytorch|tensorflow
Kavya Malhotra 7713,data_scientist,Intern,mixed,data analysis|machine learning|pandas|power bi
Ishaan Dubey 7714,nlp_engineer,Intern,abbr,deep learning|machine learning|pytorch|scikit-learn|text classification
Swathi Malhotra 7715,data_analyst,Junior,full,data analysis|excel|postgresql|python|sql|tableau
Jatin Ghosh 7716,backend_developer,Intern,full,rest api|spring boot|sql
Farhan Krishnan,frontend_developer,Intern,abbr,html/css|react
Sneha Gupta 7718,devops_engineer,Intern,full,ci/cd|cloud|linux|postgresql
Parvati Kaur 7719,data_engineer,Junior,mixed,cloud|mongodb|postgresql|python|sql
Chetan Agarwal 7720,ml_engineer,Junior,mixed,machine learning|pandas|python|pytorch|rest api|sql|tensorflow
Nikhil Kaur 7721,data_scientist,Intern,abbr,cloud|deep learning|machine learning|sql|statistics
Harini Prasad 7722,nlp_engineer,Intern,full,python|pytorch|text classification
Rohan Chandran 7723,data_analyst,Senior,mixed,data analysis|excel|kubernetes|power bi|sql|tableau
Anjali Raghavan 7724,backend_developer,Mid,abbr,java|kubernetes|linux|numpy|postgresql|spring boot|sql
Sneha Dubey 7725,frontend_developer,Mid,full,git|javascript|react|rest api
Sahana Sharma 7726,devops_engineer,Intern,abbr,cloud|kubernetes|linux|pandas|postgresql
Dhruv Naidu 7727,data_engineer,Senior,abbr,cloud|docker|kubernetes|mongodb|pandas|postgresql|python|sql
Sonal Malhotra 7728,ml_engineer,Mid,mixed,deep learning|machine learning|pytorch|scikit-learn|tensorflow
Jatin Chopra 7729,data_scientist,Mid,abbr,data analysis|machine learning|numpy|python|sql|statistics|text classification
Qamar Dubey 7730,nlp_engineer,Intern,abbr,cloud|deep learning|java|natural language processing|python|scikit-learn
Sameer Chandran 7731,data_analyst,Senior,full,data analysis|excel|pandas|power bi|sql|tableau
Jatin Kulkarni 7732,backend_developer,Junior,full,java|postgresql|spring boot|sql
Kavya Nair 7733,frontend_developer,Junior,abbr,ci/cd|cloud|docker|html/css|javascript|react
Chetan Iyer 7734,devops_engineer,Intern,mixed,cloud|java|kubernetes|linux|mongodb
Siddharth Venkatesh 7735,data_engineer,Intern,full,ci/cd|docker|postgresql|sql
Rohan Reddy 7736,ml_engineer,Intern,full,cloud|deep learning|docker|python|pytorch
Rahul Jain 7737,data_scientist,Junior,abbr,ci/cd|data analysis|deep learning|pandas|postgresql|scikit-learn|sql|statistics|tableau
Anjali Subramanian 7738,nlp_engineer,Intern,mixed,deep learning|docker|html/css|natural language processing|pytorch
Vikram Chopra 7739,data_analyst,Mid,abbr,data analysis|linux|pandas|power bi|python|sql|tableau
Rhea Gupta 7740,backend_developer,Intern,full,mongodb|natural language processing|postgresql|rest api|scikit-learn|spring boot
Varun Naidu 7741,frontend_developer,Mid,full,git|html/css|javascript
Bhavna Joshi 7742,devops_engineer,Mid,abbr,ci/cd|cloud|git|kubernetes|linux
Anjali Desai 7743,data_engineer,Senior,full,cloud|docker|kubernetes|mongodb|postgresql|python|sql
Naveen Joshi 7744,ml_engineer,Senior,mixed,cloud|computer vision|deep learning|docker|machine learning|numpy|python|pytorch|scikit-learn|tensorflow
Mohit Nair 7745,data_scientist,Intern,full,cloud|data analysis|sql|statistics
Trisha Prasad,nlp_engineer,Intern,mixed,artificial intelligence|deep learning|docker|pandas|python|pytorch|text classification
Dhruv Bhatt 7747,data_analyst,Junior,mixed,excel|power bi|python|sql|tableau
Parvati Balan 7748,backend_developer,Junior,abbr,docker|java|linux|natural language processing|postgresql|python|rest api|spring boot
Abhay Subramanian 7749,frontend_developer,Senior,mixed,docker|git|html/css|javascript|react|rest api
Jatin Nair 7750,devops_engineer,Junior,mixed,ci/cd|docker|java|kubernetes|linux|python|statistics
Sneha Venkatesh 7751,data_engineer,Junior,full,ci/cd|cloud|docker|python|sql
Nikhil Hegde 7752,ml_engineer,Mid,full,deep learning|git|linux|machine learning|numpy|pytorch|scikit-learn|sql|statistics|tensorflow
Sanjay Joshi 7753,data_scientist,Senior,mixed,cloud|data analysis|machine learning|pandas|power bi|python|scikit-learn|sql|statistics|tableau
Akash Nambiar 7754,nlp_engineer,Junior,abbr,artificial intelligence|deep learning|machine learning|natural language processing|postgresql|python|sql|text classification
Gaurav Nambiar 7755,data_analyst,Mid,abbr,excel|power bi|sql|tableau
Mohit Rao 7756,backend_developer,Junior,full,java|rest api|spring boot|sql
Ritu Rao 7757,frontend_developer,Senior,full,docker|git|html/css|javascript|linux|node.js|react
Udhav Iyer 7758,devops_engineer,Senior,mixed,ci/cd|cloud|docker|kubernetes|linux
Lakshmi Chopra 7759,data_engineer,Senior,mixed,cloud|docker|kubernetes|linux|mongodb|postgresql|python|sql
Arjun Nair 7760,ml_engineer,Mid,mixed,cloud|deep learning|java|machine learning|python|scikit-learn|tensorflow
Tarun Kapoor 7761,data_scientist,Intern,mixed,data analysis|numpy|python|sql|statistics|tableau
Ishaan Subramanian 7762,nlp_engineer,Mid,mixed,deep learning|machine learning|python|pytorch|text classification
Trisha Patel 7763,data_analyst,Mid,abbr,data analysis|power bi|python|sql|tableau
Bhargav Malhotra 7764,backend_developer,Senior,mixed,java|postgresql|rest api|spring boot|sql
Siddharth Venkatesh 7765,frontend_developer,Mid,full,git|javascript|react
Nandini Verma 7766,devops_engineer,Mid,abbr,ci/cd|cloud|java|kubernetes|linux|python
Bhavna Singh 7767,data_engineer,Senior,mixed,ci/cd|cloud|docker|mongodb|postgresql|python|sql
Rakesh Kumar 7768,ml_engineer,Mid,full,cloud|deep learning|machine learning|natural language processing|python|scikit-learn|sql|statistics|tensorflow
Anjali Kapoor 7769,data_scientist,Mid,mixed,data analysis|machine learning|numpy|power bi|python|sql|statistics|text classification
Yamini Venkatesh 7770,nlp_engineer,Mid,mixed,cloud|natural language processing|python|pytorch|text classification
Anjali Deshpande 7771,data_analyst,Intern,mixed,data analysis|power bi|python|tableau
Pranav Jain 7772,backend_developer,Intern,mixed,java|kubernetes|linux|mongodb|rest api|sql
Rahul Malhotra 7773,frontend_developer,Junior,mixed,docker|git|javascript|react
Sanjay Kapoor 7774,devops_engineer,Intern,abbr,cloud|docker|linux|machine learning|python|tableau
Vidya Naidu 7775,data_engineer,Senior,full,ci/cd|cloud|docker|pandas|postgresql|python|sql
Ishaan Prasad 7776,ml_engineer,Senior,mixed,cloud|computer vision|data analysis|deep learning|docker|machine learning|natural language processing|numpy|python|pytorch|scikit-learn|tensorflow
Deepa Kapoor 7777,data_scientist,Senior,mixed,data analysis|deep learning|java|machine learning|numpy|pandas|python|scikit-learn|sql|statistics|text classification
Manish Agarwal 7778,nlp_engineer,Junior,full,deep learning|docker|postgresql|python|pytorch|statistics|text classification
Zoya Subramanian 7779,data_analyst,Intern,abbr,data analysis|pandas|sql|tableau
Ritu Iyer 7780,backend_developer,Junior,full,postgresql|rest api|spring boot|sql
Naveen Ghosh 7781,frontend_developer,Intern,abbr,git|html/css
Dhruv Iyer 7782,devops_engineer,Senior,full,ci/cd|cloud|docker|kubernetes|linux|sql|tableau
Meera Desai 7783,data_engineer,Intern,full,docker|postgresql|sql
Suresh Kumar 7784,ml_engineer,Intern,full,cloud|deep learning|docker|natural language processing|pytorch|tensorflow
Dhruv Nair 7785,data_scientist,Intern,mixed,machine learning|natural language processing|numpy|pandas|statistics
Vidya Jain 7786,nlp_engineer,Senior,full,deep learning|docker|git|natural language processing|python|pytorch|text classification
Meera Chandran 7787,data_analyst,Intern,full,data analysis|excel|python|scikit-learn|sql|tableau
Yash Saxena 7788,backend_developer,Mid,mixed,docker|java|mongodb|postgresql|spring boot|sql
Akash Krishnan 7789,frontend_developer,Intern,abbr,docker|html/css|javascript
Ananya Deshpande 7790,devops_engineer,Senior,abbr,ci/cd|cloud|docker|kubernetes|linux
Sahana Balan 7791,data_engineer,Senior,full,cloud|docker|linux|pandas|postgresql|python|sql
Divya Nambiar 7792,ml_engineer,Intern,full,machine learning|python|pytorch
Manish Rao 7793,data_scientist,Mid,full,data analysis|machine learning|python|sql|statistics
Esha Subramanian 7794,nlp_engineer,Senior,mixed,deep learning|git|kubernetes|natural language processing|python|pytorch|text classification
Sameer Raghavan 7795,data_analyst,Junior,abbr,data analysis|power bi|sql|tableau
Bhavna Reddy 7796,backend_developer,Junior,mixed,java|javascript|linux|postgresql|react|rest api|sql
Gaurav Bhatt 7797,frontend_developer,Senior,abbr,git|html/css|javascript|react
Priya Gupta 7798,devops_engineer,Mid,mixed,ci/cd|cloud|docker|linux|python|sql
Pranav Gupta 7799,data_engineer,Intern,full,cloud|docker|sql
Ramya Nambiar 7800,ml_engineer,Mid,abbr,deep learning|kubernetes|machine learning|mongodb|python|pytorch|sql|tensorflow
Vinay Deshpande 7801,data_scientist,Senior,abbr,data analysis|machine learning|pandas|power bi|python|sql|statistics|text classification
Esha Sharma 7802,nlp_engineer,Senior,mixed,cloud|deep learning|machine learning|natural language processing|python|pytorch|scikit-learn|text classification
Sameer Mehta,data_analyst,Senior,abbr,data analysis|excel|power bi|sql|tableau
Suresh Malhotra 7804,backend_developer,Mid,abbr,docker|java|postgresql|spring boot|sql
Harini Saxena 7805,frontend_developer,Senior,full,git|html/css|javascript|react
Naveen Gupta 7806,devops_engineer,Mid,abbr,ci/cd|cloud|java|kubernetes|linux|python
Sonal Mehta 7807,data_engineer,Mid,abbr,docker|linux|postgresql|python|sql
Ritu Joshi 7808,ml_engineer,Mid,abbr,cloud|computer vision|deep learning|machine learning|natural language processing|pandas|python|pytorch|tensorflow
Rajesh Malhotra 7809,data_scientist,Senior,full,data analysis|kubernetes|machine learning|pandas|python|sql|statistics|text classification
Mohit Dubey 7810,nlp_engineer,Intern,full,deep learning|natural language processing|pytorch
Divya Menon 7811,data_analyst,Mid,full,data analysis|excel|power bi|statistics|tableau
Anjali Sharma 7812,backend_developer,Junior,full,java|postgresql|rest api|spring boot
Rohan Singh 7813,frontend_developer,Mid,mixed,docker|git|javascript|python|react|rest api|sql
Sahana Chopra,devops_engineer,Intern,mixed,cloud|docker|linux
Ganesh Agarwal 7815,data_engineer,Senior,mixed,cloud|docker|postgresql|python|sql
Sanjay Naidu 7816,ml_engineer,Senior,mixed,computer vision|deep learning|machine learning|natural language processing|pandas|python|pytorch|scikit-learn|sql|statistics|tensorflow
Sameer Dubey 7817,data_scientist,Senior,abbr,data analysis|machine learning|numpy|pandas|power bi|python|sql|statistics|text classification
Pranav Reddy 7818,nlp_engineer,Intern,mixed,docker|natural language processing|pytorch|text classification
Tanvi Nambiar 7819,data_analyst,Intern,mixed,data analysis|excel|node.js|postgresql|tableau
Harini Jain 7820,backend_developer,Junior,mixed,java|kubernetes|rest api|spring boot|sql
Rohan Varma 7821,frontend_developer,Junior,mixed,html/css|javascript|react|sql
Ritu Mehta 7822,devops_engineer,Mid,abbr,ci/cd|docker|kubernetes|linux|postgresql
Zoya Sharma 7823,data_engineer,Intern,mixed,cloud|mongodb|pandas|postgresql|python
Suresh Kulkarni 7824,ml_engineer,Mid,full,machine learning|natural language processing|pandas|python|pytorch|scikit-learn|sql|statistics|tensorflow
Uma Gupta 7825,data_scientist,Junior,full,data analysis|numpy|pandas|power bi|python|statistics
Jaya Reddy 7826,nlp_engineer,Mid,full,cloud|deep learning|machine learning|natural language processing|numpy|python|text classification
Priya Mehta 7827,data_analyst,Mid,mixed,data analysis|excel|pandas|postgresql|python|sql|tableau
Divya Kulkarni 7828,backend_developer,Mid,mixed,docker|java|node.js|postgresql|rest api|spring boot
Kavya Tiwari 7829,frontend_developer,Intern,abbr,html/css|javascript
Mohit Chandran,devops_engineer,Mid,mixed,ci/cd|cloud|docker|git|linux|python|spring boot
Vidya Krishnan 7831,data_engineer,Intern,full,docker|kubernetes|numpy|postgresql|python|sql
Meera Verma 7832,ml_engineer,Senior,full,deep learning|machine learning|pandas|python|pytorch|scikit-learn|tensorflow
Meera Singh 7833,data_scientist,Intern,mixed,deep learning|machine learning|numpy|sql|statistics
Tanvi Singh 7834,nlp_engineer,Intern,full,cloud|deep learning|natural language processing|text classification
Lalita Ghosh 7835,data_analyst,Intern,mixed,data analysis|docker|excel|git|tableau
Sanjay Joshi 7836,backend_developer,Intern,mixed,postgresql|rest api|spring boot
Manish Venkatesh 7837,frontend_developer,Senior,full,docker|git|html/css|javascript|node.js|power bi|react|sql
Nisha Gupta 7838,devops_engineer,Senior,mixed,ci/cd|cloud|docker|kubernetes|linux|python
Nikhil Tiwari 7839,data_engineer,Junior,abbr,cloud|docker|linux|python|react|sql
Abhay Gupta 7840,ml_engineer,Intern,abbr,deep learning|machine learning|python
Dhruv Sharma 7841,data_scientist,Intern,abbr,computer vision|data analysis|python|scikit-learn|sql|text classification
Rhea Nambiar 7842,nlp_engineer,Junior,abbr,artificial intelligence|natural language processing|python|pytorch|scikit-learn|text classification
Sameer Sharma 7843,data_analyst,Junior,mixed,artificial intelligence|cloud|data analysis|power bi|sql|tableau
Bhavna Kapoor 7844,backend_developer,Intern,abbr,cloud|java|rest api|spring boot
Esha Reddy 7845,frontend_developer,Junior,full,git|html/css|react|rest api
Jaya Nambiar 7846,devops_engineer,Senior,full,ci/cd|cloud|docker|kubernetes|linux|postgresql|python
Pranav Shetty 7847,data_engineer,Junior,abbr,cloud|docker|linux|pandas|postgresql|python
Uma Hegde 7848,ml_engineer,Intern,mixed,cloud|data analysis|docker|machine learning|python|scikit-learn
Farhan Bhatt 7849,data_scientist,Junior,full,data analysis|machine learning|pandas|python
Rahul Sharma 7850,nlp_engineer,Intern,abbr,cloud|deep learning|docker|natural language processing|pytorch|scikit-learn
Dhruv Venkatesh 7851,data_analyst,Mid,abbr,data analysis|excel|power bi|tableau
Lakshmi Venkatesh 7852,backend_developer,Intern,abbr,computer vision|java|linux|postgresql|sql
Ravi Agarwal 7853,frontend_developer,Mid,full,html/css|javascript|react
Hema Verma,devops_engineer,Mid,mixed,ci/cd|deep learning|docker|git|kubernetes|linux|numpy|postgresql
Rohan Desai 7855,data_engineer,Intern,full,postgresql|python|sql
Akash Rao 7856,ml_engineer,Mid,mixed,computer vision|deep learning|machine learning|python|rest api|scikit-learn|tensorflow
Indira Gupta 7857,data_scientist,Junior,mixed,deep learning|machine learning|pandas|sql|statistics|tableau|text classification
Ritu Singh 7858,nlp_engineer,Mid,full,deep learning|javascript|python|pytorch|rest api|text classification
Ramya Tiwari 7859,data_analyst,Intern,abbr,power bi|sql|tableau
Naveen Subramanian 7860,backend_developer,Intern,mixed,java|kubernetes|rest api|spring boot
Suresh Dubey 7861,frontend_developer,Mid,full,html/css|javascript|react
Gaurav Chopra 7862,devops_engineer,Intern,abbr,docker|kubernetes|linux|postgresql
Parvati Chandran 7863,data_engineer,Junior,mixed,docker|mongodb|pandas|postgresql|python|sql
Yamini Chandran 7864,ml_engineer,Senior,mixed,cloud|deep learning|machine learning|natural language processing|pandas|python|pytorch|scikit-learn|statistics|tensorflow
Rakesh Reddy 7865,data_scientist,Intern,mixed,data analysis|deep learning|mongodb|python|statistics
Deepa Kumar 7866,nlp_engineer,Junior,mixed,deep learning|natural language processing|pytorch|text classification
Rahul Prasad 7867,data_analyst,Intern,abbr,data analysis|excel|numpy|power bi
Mohit Venkatesh 7868,backend_developer,Mid,abbr,cloud|docker|java|kubernetes|mongodb|postgresql|rest api|spring boot|sql
Udhav Sharma,frontend_developer,Mid,mixed,docker|git|html/css|react
Bhargav Gupta 7870,devops_engineer,Junior,full,cloud|docker|git|kubernetes|linux
Divya Patel,data_engineer,Intern,abbr,docker|linux|postgresql|python|sql
Swathi Malhotra 7872,ml_engineer,Junior,mixed,deep learning|git|html/css|machine learning|pytorch|scikit-learn
Kavya Reddy 7873,data_scientist,Mid,full,machine learning|numpy|pandas|python|sql|statistics
Meera Ghosh 7874,nlp_engineer,Junior,abbr,artificial intelligence|cloud|deep learning|machine learning|numpy|python|pytorch|text classification
Tanvi Verma 7875,data_analyst,Intern,abbr,data analysis|excel|sql
Jatin Rao 7876,backend_developer,Senior,full,git|java|kubernetes|postgresql|python|rest api|spring boot|sql
Aniket Reddy 7877,frontend_developer,Mid,abbr,html/css|javascript|react|rest api
Arjun Kumar 7878,devops_engineer,Intern,full,ci/cd|cloud|docker|git|kubernetes
Yamini Balan 7879,data_engineer,Intern,abbr,cloud|docker|kubernetes|python
Nisha Mehta 7880,ml_engineer,Senior,full,deep learning|machine learning|node.js|python|pytorch|scikit-learn|tensorflow
Hema Nair 7881,data_scientist,Junior,mixed,machine learning|python|sql|statistics|tableau
Trisha Subramanian 7882,nlp_engineer,Senior,mixed,cloud|deep learning|natural language processing|python|pytorch|text classification
Ritu Balan 7883,data_analyst,Junior,full,data analysis|power bi|sql|tableau
Rajesh Chopra 7884,backend_developer,Senior,abbr,docker|git|java|linux|postgresql|rest api|spring boot|sql
Indira Saxena 7885,frontend_developer,Intern,full,cloud|data analysis|javascript|node.js|react
Pallavi Rao 7886,devops_engineer,Intern,full,cloud|kubernetes|linux
Kavya Krishnan 7887,data_engineer,Intern,abbr,docker|git|postgresql|python
Rakesh Mehta 7888,ml_engineer,Intern,abbr,deep learning|pytorch|tensorflow
Neha Singh 7889,data_scientist,Mid,full,ci/cd|machine learning|pandas|python|sql|statistics
Madhav Mehta 7890,nlp_engineer,Junior,full,deep learning|natural language processing|pytorch|text classification
Zoya Kapoor 7891,data_analyst,Mid,mixed,data analysis|excel|pandas|power bi|python|sql
Ganesh Sharma 7892,backend_developer,Senior,mixed,java|postgresql|rest api|spring boot|sql
Neha Prasad 7893,frontend_developer,Mid,mixed,docker|git|javascript|react
Manish Malhotra 7894,devops_engineer,Mid,full,ci/cd|cloud|docker|java|linux|postgresql|sql
Lakshmi Nair 7895,data_engineer,Senior,full,cloud|docker|kubernetes|pandas|postgresql|python|sql
Farhan Nair 7896,ml_engineer,Junior,mixed,deep learning|python|pytorch|tensorflow
Shreya Dubey 7897,data_scientist,Intern,abbr,data analysis|machine learning|numpy|python|text classification
Farhan Kaur 7898,nlp_engineer,Intern,abbr,cloud|deep learning|natural language processing|pytorch|react
Vikram Singh 7899,data_analyst,Junior,mixed,excel|power bi|sql|tableau
Vinay Hegde 7900,backend_developer,Intern,mixed,docker|react|rest api|spring boot|sql
Akash Mehta 7901,frontend_developer,Intern,mixed,html/css|javascript
Pooja Iyer 7902,devops_engineer,Intern,abbr,ci/cd|docker|linux|python
Anjali Kaur 7903,data_engineer,Senior,full,cloud|docker|pandas|postgresql|python|sql
Rajesh Joshi,ml_engineer,Senior,full,deep learning|machine learning|python|pytorch|scikit-learn|tensorflow
Neha Nambiar 7905,data_scientist,Junior,abbr,cloud|data analysis|machine learning|power bi|python|sql
Tarun Venkatesh 7906,nlp_engineer,Intern,mixed,deep learning|mongodb|python|pytorch|scikit-learn
Arjun Kumar 7907,data_analyst,Junior,mixed,data analysis|excel|power bi|statistics|tableau
Madhav Nambiar 7908,backend_developer,Senior,mixed,java|postgresql|rest api|spring boot|sql
Kabir Kulkarni 7909,frontend_developer,Mid,abbr,cloud|git|javascript|node.js|python|react
Akash Mehta 7910,devops_engineer,Senior,abbr,ci/cd|cloud|docker|git|kubernetes|linux|python
Aniket Patel 7911,data_engineer,Junior,full,cloud|docker|mongodb|postgresql|python
Ravi Ghosh 7912,ml_engineer,Mid,full,machine learning|numpy|pandas|python|pytorch|scikit-learn|statistics|tensorflow
Sanjay Nair 7913,data_scientist,Mid,mixed,artificial intelligence|data analysis|pandas|python|sql|statistics
Darshan Raghavan 7914,nlp_engineer,Senior,abbr,deep learning|docker|javascript|natural language processing|numpy|python|pytorch|text classification
Vishal Prasad 7915,data_analyst,Mid,mixed,cloud|data analysis|excel|natural language processing|postgresql|power bi|sql|statistics
Abhay Kumar 7916,backend_developer,Mid,mixed,docker|git|java|python|pytorch|rest api|spring boot|sql
Jaya Verma 7917,frontend_developer,Mid,abbr,git|html/css|linux|pandas|react
Shreya Gupta 7918,devops_engineer,Junior,full,cloud|docker|kubernetes|linux|react
Ravi Kapoor 7919,data_engineer,Junior,mixed,ci/cd|cloud|docker|postgresql|sql
Aditi Verma 7920,ml_engineer,Senior,mixed,computer vision|deep learning|machine learning|natural language processing|numpy|postgresql|python|pytorch|scikit-learn|sql|statistics|tensorflow
Nandini Kapoor,data_scientist,Intern,full,machine learning|sql|statistics
Pranav Ghosh 7922,nlp_engineer,Senior,mixed,cloud|deep learning|html/css|natural language processing|node.js|numpy|python|pytorch|text classification
Arjun Chopra 7923,data_analyst,Mid,mixed,data analysis|excel|pandas|sql|tableau
Lakshmi Bhatt 7924,backend_developer,Senior,full,docker|java|linux|machine learning|postgresql|rest api|spring boot|sql
Siddharth Pillai 7925,frontend_developer,Senior,mixed,git|html/css|javascript|node.js|react
Lalita Agarwal 7926,devops_engineer,Mid,full,ci/cd|cloud|docker|git|html/css|kubernetes|node.js|postgresql
Sonal Kumar 7927,data_engineer,Senior,mixed,cloud|docker|kubernetes|linux|postgresql|python|sql
Pranav Nambiar 7928,ml_engineer,Junior,full,machine learning|python|pytorch|tensorflow
Divya Prasad 7929,data_scientist,Mid,full,data analysis|machine learning|mongodb|numpy|pandas|python|statistics
Priya Joshi 7930,nlp_engineer,Mid,full,artificial intelligence|cloud|deep learning|natural language processing|python|react|text classification
Ramya Agarwal 7931,data_analyst,Mid,abbr,data analysis|postgresql|power bi|python|sql|tableau
Pranav Prasad 7932,backend_developer,Intern,mixed,java|rest api|sql
Akash Gupta 7933,frontend_developer,Intern,mixed,docker|html/css|linux|node.js|react
Aniket Varma 7934,devops_engineer,Intern,abbr,ci/cd|cloud|java|linux
Udhav Jain 7935,data_engineer,Senior,full,cloud|docker|java|kubernetes|pandas|postgresql|python|sql
Aarav Nair 7936,ml_engineer,Mid,mixed,computer vision|deep learning|machine learning|numpy|python|scikit-learn|sql|tensorflow
Abhay Varma 7937,data_scientist,Mid,full,cloud|data analysis|machine learning|pandas|python|scikit-learn|sql|tableau|text classification
Ritu Patel 7938,nlp_engineer,Intern,full,artificial intelligence|deep learning|numpy|python|scikit-learn|text classification
Akash Iyer 7939,data_analyst,Mid,full,data analysis|excel|pandas|postgresql|power bi|tableau
Yamini Sharma 7940,backend_developer,Intern,full,rest api|spring boot|sql
Mohit Jain 7941,frontend_developer,Senior,abbr,git|html/css|javascript|numpy|python|react
Deepa Desai 7942,devops_engineer,Mid,mixed,ci/cd|cloud|docker|git|kubernetes|sql
Sahana Prasad 7943,data_engineer,Senior,full,cloud|data analysis|docker|pandas|postgresql|python|sql
Kiran Balan 7944,ml_engineer,Senior,abbr,deep learning|docker|machine learning|python|pytorch|scikit-learn|statistics|tensorflow
Ganesh Kumar 7945,data_scientist,Mid,full,data analysis|machine learning|python|pytorch|scikit-learn|sql|statistics|text classification
Aniket Nair 7946,nlp_engineer,Mid,abbr,artificial intelligence|natural language processing|python|pytorch|text classification
Kavya Kapoor 7947,data_analyst,Mid,mixed,data analysis|pandas|power bi|sql|tableau
Bhavna Nair 7948,backend_developer,Senior,mixed,java|postgresql|rest api|spring boot|sql
Jaya Verma 7949,frontend_developer,Junior,full,git|html/css|machine learning|power bi|react|rest api
Dhruv Shetty 7950,devops_engineer,Senior,full,ci/cd|cloud|docker|git|kubernetes|linux|python
Udhav Sharma 7951,data_engineer,Intern,mixed,ci/cd|docker|pandas|postgresql|python|rest api
Abhay Rao 7952,ml_engineer,Intern,full,deep learning|machine learning|tensorflow
Omkar Patel 7953,data_scientist,Senior,abbr,cloud|data analysis|deep learning|machine learning|numpy|pandas|power bi|python|sql|statistics
Ananya Jain 7954,nlp_engineer,Mid,mixed,deep learning|natural language processing|python|text classification
Yamini Dubey,data_analyst,Intern,full,data analysis|excel|statistics|tableau
Sneha Desai 7956,backend_developer,Junior,mixed,java|linux|mongodb|postgresql|rest api|sql
Tanvi Mehta 7957,frontend_developer,Intern,mixed,html/css|javascript|natural language processing|statistics
Darshan Venkatesh 7958,devops_engineer,Mid,full,ci/cd|cloud|docker|git|java|linux|python|react
Rajesh Dubey 7959,data_engineer,Intern,abbr,ci/cd|docker|postgresql|sql
Sahana Jain 7960,ml_engineer,Mid,mixed,cloud|deep learning|docker|mongodb|python|pytorch|scikit-learn|statistics|tensorflow
Trisha Chopra 7961,data_scientist,Mid,abbr,data analysis|git|machine learning|numpy|python|scikit-learn|sql|statistics|tableau
Madhav Kumar 7962,nlp_engineer,Junior,mixed,deep learning|python|pytorch|text classification
Neha Joshi 7963,data_analyst,Mid,mixed,data analysis|power bi|sql|tableau
Trisha Menon 7964,backend_developer,Intern,mixed,docker|git|java|postgresql|spring boot
Bhargav Dubey,frontend_developer,Mid,mixed,git|html/css|node.js|python|react
Sameer Subramanian 7966,devops_engineer,Intern,full,ci/cd|docker|linux
Pranav Naidu 7967,data_engineer,Intern,abbr,cloud|docker|node.js|postgresql|python
Siddharth Kulkarni 7968,ml_engineer,Intern,full,deep learning|mongodb|scikit-learn|sql|tensorflow
Ravi Shetty 7969,data_scientist,Mid,mixed,machine learning|pandas|python|sql|statistics
Pranav Kumar 7970,nlp_engineer,Junior,full,cloud|deep learning|power bi|python|pytorch|text classification
Vikram Gupta 7971,data_analyst,Mid,abbr,cloud|data analysis|excel|power bi|python|sql|statistics
Suresh Chandran 7972,backend_developer,Junior,full,java|kubernetes|mongodb|postgresql|python|spring boot|sql
Varun Agarwal 7973,frontend_developer,Senior,full,docker|git|html/css|javascript|react|rest api|spring boot
Farhan Patel 7974,devops_engineer,Mid,mixed,ci/cd|docker|kubernetes|linux
Vikram Nair 7975,data_engineer,Intern,full,docker|mongodb|python|sql
Rahul Agarwal,ml_engineer,Intern,mixed,artificial intelligence|computer vision|deep learning|machine learning|pandas|python|pytorch|sql
Kavya Singh 7977,data_scientist,Junior,abbr,data analysis|excel|pandas|power bi|sql|statistics
Neha Bhatt 7978,nlp_engineer,Senior,abbr,artificial intelligence|cloud|deep learning|docker|machine learning|natural language processing|python|pytorch|text classification
Deepa Varma 7979,data_analyst,Senior,full,data analysis|excel|power bi|sql|tableau
Anjali Sharma 7980,backend_developer,Senior,mixed,cloud|java|kubernetes|linux|mongodb|postgresql|python|rest api|spring boot|sql
Gaurav Deshpande 7981,frontend_developer,Senior,full,git|html/css|javascript|node.js|numpy|react|rest api|text classification
Yash Agarwal 7982,devops_engineer,Intern,mixed,ci/cd|docker|linux
Nikhil Nambiar 7983,data_engineer,Mid,mixed,cloud|docker|kubernetes|mongodb|pandas|postgresql|python
Tarun Ghosh 7984,ml_engineer,Senior,mixed,deep learning|kubernetes|machine learning|python|pytorch|scikit-learn|tensorflow
Kiran Kulkarni 7985,data_scientist,Junior,abbr,cloud|machine learning|numpy|pandas|python|sql
Farhan Krishnan 7986,nlp_engineer,Junior,abbr,natural language processing|python|pytorch|text classification
Yash Reddy 7987,data_analyst,Senior,mixed,data analysis|excel|power bi|python|sql|tableau
Divya Krishnan 7988,backend_developer,Junior,mixed,java|kubernetes|mongodb|postgresql|python|rest api|spring boot
Bhargav Venkatesh 7989,frontend_developer,Senior,abbr,docker|git|html/css|javascript|react
Neha Gupta 7990,devops_engineer,Intern,abbr,ci/cd|cloud|docker|kubernetes
Rajesh Patel 7991,data_engineer,Senior,full,cloud|docker|postgresql|python|sql|statistics
Ritu Chandran 7992,ml_engineer,Junior,full,deep learning|machine learning|python|pytorch
Yamini Deshpande 7993,data_scientist,Intern,abbr,data analysis|machine learning|numpy|python|tableau
Ravi Reddy 7994,nlp_engineer,Senior,mixed,deep learning|machine learning|natural language processing|python|pytorch|scikit-learn|sql|text classification
Shreya Nair 7995,data_analyst,Senior,full,data analysis|excel|pandas|postgresql|power bi|sql|tableau
Darshan Balan 7996,backend_developer,Intern,abbr,kubernetes|mongodb|postgresql|python|rest api|spring boot
Tarun Tiwari 7997,frontend_developer,Junior,full,html/css|javascript|react
Indira Venkatesh 7998,devops_engineer,Mid,mixed,ci/cd|docker|kubernetes|linux|postgresql|sql
Naveen Naidu 7999,data_engineer,Junior,mixed,cloud|docker|git|linux|mongodb|postgresql|sql
Zoya Venkatesh 8000,ml_engineer,Junior,full,computer vision|deep learning|machine learning|natural language processing|scikit-learn|statistics|tensorflow
Yash Deshpande 8001,data_scientist,Mid,abbr,data analysis|machine learning|pandas|power bi|sql|statistics
Esha Gupta 8002,nlp_engineer,Senior,mixed,artificial intelligence|deep learning|natural language processing|python|pytorch|text classification
Charu Bhatt 8003,data_analyst,Mid,abbr,data analysis|excel|power bi|sql
Siddharth Agarwal 8004,backend_developer,Senior,mixed,java|kubernetes|postgresql|rest api|spring boot|sql
Ravi Malhotra 8005,frontend_developer,Intern,full,git|html/css|pandas|rest api
Sameer Pillai 8006,devops_engineer,Junior,abbr,ci/cd|cloud|docker|linux
Bhargav Desai 8007,data_engineer,Mid,abbr,ci/cd|cloud|mongodb|pandas|postgresql|python|sql
Nandini Hegde 8008,ml_engineer,Intern,mixed,cloud|computer vision|machine learning|pandas|scikit-learn|sql|tensorflow
Rohan Jain 8009,data_scientist,Junior,abbr,data analysis|machine learning|pandas|power bi|python
Kiran Desai 8010,nlp_engineer,Junior,full,deep learning|machine learning|numpy|python|pytorch|text classification
Kavya Desai 8011,data_analyst,Senior,mixed,data analysis|excel|power bi|sql|statistics|tableau
Sanjay Deshpande 8012,backend_developer,Senior,abbr,git|java|kubernetes|mongodb|postgresql|rest api|spring boot|sql
Manish Ghosh 8013,frontend_developer,Mid,abbr,html/css|javascript|node.js|react
Swathi Prasad 8014,devops_engineer,Intern,mixed,ci/cd|cloud|docker|postgresql
Priya Shetty 8015,data_engineer,Junior,abbr,cloud|docker|javascript|postgresql|sql
Sahana Nambiar 8016,ml_engineer,Mid,mixed,ci/cd|deep learning|docker|machine learning|python|scikit-learn|sql|statistics|tensorflow
Varun Krishnan 8017,data_scientist,Mid,abbr,data analysis|machine learning|pandas|power bi|python|sql
Ravi Prasad 8018,nlp_engineer,Senior,full,artificial intelligence|cloud|deep learning|docker|natural language processing|python|pytorch|scikit-learn|text classification
Rajesh Patel 8019,data_analyst,Senior,abbr,data analysis|excel|postgresql|power bi|sql|statistics|tableau
Arjun Deshpande 8020,backend_developer,Intern,abbr,html/css|java|linux|postgresql|sql
Hema Verma 8021,frontend_developer,Mid,full,data analysis|git|html/css|javascript|python
Neha Chandran 8022,devops_engineer,Senior,abbr,ci/cd|cloud|docker|kubernetes|linux
Pooja Kulkarni,data_engineer,Junior,abbr,cloud|docker|kubernetes|python|sql
Lakshmi Malhotra 8024,ml_engineer,Senior,full,cloud|deep learning|machine learning|numpy|python|pytorch|scikit-learn|statistics|tensorflow
Sameer Shetty 8025,data_scientist,Junior,mixed,machine learning|postgresql|power bi|python|sql|statistics
Farhan Menon 8026,nlp_engineer,Intern,abbr,deep learning|numpy|python|text classification
Kavya Nambiar 8027,data_analyst,Intern,mixed,deep learning|power bi|sql|tableau|tensorflow
Vishal Naidu 8028,backend_developer,Senior,mixed,ci/cd|docker|java|postgresql|rest api|spring boot|sql
Pooja Mehta 8029,frontend_developer,Senior,abbr,artificial intelligence|deep learning|git|html/css|javascript|node.js|react|rest api
Ravi Verma,devops_engineer,Mid,abbr,cloud|docker|git|java|kubernetes|linux
Harini Tiwari 8031,data_engineer,Junior,mixed,docker|linux|postgresql|python|sql|tableau
Aditi Dubey 8032,ml_engineer,Junior,full,cloud|deep learning|docker|machine learning|numpy|pytorch|scikit-learn
Rohan Malhotra 8033,data_scientist,Intern,mixed,cloud|data analysis|power bi|sql|statistics
Vinay Nambiar 8034,nlp_engineer,Junior,full,cloud|deep learning|natural language processing|python|text classification
Ramya Kapoor 8035,data_analyst,Mid,mixed,data analysis|excel|postgresql|python|sql|tableau
Meera Mehta 8036,backend_developer,Intern,full,python|rest api|spring boot|sql
Jatin Naidu 8037,frontend_developer,Senior,mixed,git|html/css|javascript|react|rest api
Omkar Iyer 8038,devops_engineer,Intern,abbr,ci/cd|cloud|docker|git|node.js
Omkar Mehta 8039,data_engineer,Intern,abbr,cloud|postgresql|python
Divya Subramanian 8040,ml_engineer,Junior,full,machine learning|python|pytorch|scikit-learn
Harini Pillai 8041,data_scientist,Intern,mixed,machine learning|pandas|sql
Tanvi Balan 8042,nlp_engineer,Junior,mixed,artificial intelligence|cloud|deep learning|docker|python|pytorch|text classification
Harini Singh 8043,data_analyst,Intern,full,data analysis|power bi|python|sql
Sneha Tiwari 8044,backend_developer,Mid,mixed,java|numpy|rest api|spring boot|sql
Aarav Desai 8045,frontend_developer,Junior,abbr,cloud|docker|git|javascript|python|react
Vikram Malhotra 8046,devops_engineer,Intern,mixed,cloud|kubernetes|linux|postgresql
Sneha Jain 8047,data_engineer,Senior,abbr,cloud|docker|pandas|postgresql|python|sql
Meera Patel 8048,ml_engineer,Junior,full,deep learning|mongodb|python|pytorch|sql|statistics|tensorflow
Ritu Verma 8049,data_scientist,Mid,mixed,cloud|data analysis|machine learning|pandas|python|sql|tableau|text classification
Kavya Joshi 8050,nlp_engineer,Mid,abbr,deep learning|natural language processing|python|pytorch
Omkar Hegde 8051,data_analyst,Intern,abbr,excel|pandas|sql|tableau
Rohan Naidu 8052,backend_developer,Mid,full,docker|git|java|kubernetes|postgresql|rest api|sql
Kabir Sharma,frontend_developer,Senior,mixed,docker|git|html/css|java|javascript|react|rest api
Priya Ghosh 8054,devops_engineer,Intern,mixed,cloud|docker|linux
Ganesh Agarwal 8055,data_engineer,Junior,full,deep learning|docker|pandas|postgresql|python|sql|tableau
Qamar Dubey 8056,ml_engineer,Intern,mixed,deep learning|numpy|scikit-learn|tensorflow
Manish Raghavan 8057,data_scientist,Mid,full,data analysis|machine learning|pandas|python|sql|tableau
Neha Ghosh 8058,nlp_engineer,Senior,mixed,deep learning|docker|natural language processing|python|pytorch|text classification
Omkar Deshpande,data_analyst,Junior,mixed,data analysis|excel|pandas|power bi|statistics|tableau
Gaurav Raghavan 8060,backend_developer,Mid,mixed,postgresql|rest api|spring boot|sql
Tarun Patel 8061,frontend_developer,Junior,full,git|javascript|react
Vishal Subramanian 8062,devops_engineer,Senior,abbr,ci/cd|cloud|docker|java|kubernetes|linux|python
Trisha Singh 8063,data_engineer,Intern,full,cloud|kubernetes|mongodb|postgresql|python
Rajesh Nambiar 8064,ml_engineer,Mid,mixed,cloud|deep learning|machine learning|python|pytorch|scikit-learn|tensorflow
Lalita Jain 8065,data_scientist,Senior,abbr,data analysis|machine learning|pandas|python|sql|statistics
Ishaan Prasad 8066,nlp_engineer,Junior,full,deep learning|machine learning|python|pytorch|text classification
Zoya Menon 8067,data_analyst,Junior,mixed,excel|power bi|sql|statistics|tableau
Ramya Shetty 8068,backend_developer,Junior,mixed,java|postgresql|rest api|sql
Nikhil Patel,frontend_developer,Mid,abbr,html/css|javascript|node.js|react|rest api
Ishaan Nair 8070,devops_engineer,Senior,mixed,ci/cd|cloud|data analysis|docker|kubernetes|linux|postgresql
Sameer Kumar 8071,data_engineer,Mid,abbr,ci/cd|cloud|docker|python|sql|statistics
Aarav Chandran 8072,ml_engineer,Senior,mixed,cloud|deep learning|machine learning|pandas|python|pytorch|scikit-learn|tensorflow
Tanvi Kapoor 8073,data_scientist,Intern,mixed,data analysis|pandas|scikit-learn|sql
Parvati Singh 8074,nlp_engineer,Junior,full,deep learning|machine learning|natural language processing|pytorch|text classification
Kiran Mehta 8075,data_analyst,Senior,abbr,data analysis|excel|power bi|python|sql|statistics|tableau
Pranav Venkatesh 8076,backend_developer,Senior,abbr,html/css|java|javascript|mongodb|postgresql|rest api|spring boot|sql
Ritu Shetty 8077,frontend_developer,Intern,full,docker|git|javascript
Omkar Dubey 8078,devops_engineer,Mid,mixed,ci/cd|cloud|docker|linux|python
Hema Kumar 8079,data_engineer,Mid,mixed,cloud|docker|kubernetes|python|sql|tableau
Yash Rao 8080,ml_engineer,Junior,mixed,machine learning|pytorch|scikit-learn|statistics|tensorflow
Aditi Desai 8081,data_scientist,Mid,full,data analysis|machine learning|pandas|python|sql
Dhruv Kapoor,nlp_engineer,Senior,mixed,ci/cd|deep learning|natural language processing|numpy|python|pytorch|text classification
Kabir Bhatt 8083,data_analyst,Junior,full,data analysis|natural language processing|postgresql|power bi|python|sql|tableau
Aarav Shetty 8084,backend_developer,Intern,abbr,git|kubernetes|postgresql|python|scikit-learn|spring boot|sql
Ganesh Gupta 8085,frontend_developer,Mid,mixed,git|html/css|node.js|react|rest api
Ritu Krishnan 8086,devops_engineer,Intern,full,docker|git|kubernetes|linux
Udhav Mehta 8087,data_engineer,Junior,full,cloud|docker|kubernetes|python|sql
Vidya Nair 8088,ml_engineer,Junior,full,computer vision|machine learning|pandas|python|pytorch|scikit-learn|statistics
Sahana Hegde,data_scientist,Senior,mixed,cloud|data analysis|deep learning|machine learning|numpy|pandas|python|sql|statistics|tableau
Yash Verma 8090,nlp_engineer,Intern,full,deep learning|docker|natural language processing|pytorch|scikit-learn
Lakshmi Krishnan 8091,data_analyst,Senior,abbr,data analysis|excel|postgresql|power bi|sql|statistics|tableau
Hema Kulkarni 8092,backend_developer,Senior,abbr,java|postgresql|rest api|spring boot|sql
Kiran Hegde 8093,frontend_developer,Junior,full,git|javascript|react
Esha Malhotra 8094,devops_engineer,Intern,mixed,cloud|docker|linux
Swathi Hegde 8095,data_engineer,Mid,full,cloud|docker|postgresql|sql|statistics|tableau
Deepa Patel 8096,ml_engineer,Senior,mixed,computer vision|deep learning|docker|machine learning|natural language processing|numpy|python|pytorch|scikit-learn|statistics|tensorflow
Darshan Rao 8097,data_scientist,Mid,mixed,deep learning|docker|machine learning|numpy|pandas|python|scikit-learn|sql|statistics|tableau
Divya Singh 8098,nlp_engineer,Mid,mixed,ci/cd|cloud|deep learning|machine learning|python|pytorch|text classification
Chetan Raghavan 8099,data_analyst,Intern,full,data analysis|html/css|power bi|tableau
Lalita Ghosh 8100,backend_developer,Mid,full,java|kubernetes|postgresql|rest api|spring boot
Farhan Deshpande 8101,frontend_developer,Senior,mixed,git|html/css|javascript|machine learning|node.js|react|rest api|sql
Vidya Iyer 8102,devops_engineer,Junior,abbr,ci/cd|cloud|docker|linux
Zoya Chopra 8103,data_engineer,Intern,abbr,cloud|docker|mongodb|python
Harini Sharma 8104,ml_engineer,Senior,full,cloud|deep learning|machine learning|natural language processing|numpy|postgresql|python|pytorch|scikit-learn|tableau|tensorflow
Sonal Nambiar 8105,data_scientist,Intern,abbr,data analysis|pandas|rest api|sql|text classification
Neha Malhotra 8106,nlp_engineer,Mid,mixed,cloud|deep learning|docker|natural language processing|pytorch|text classification
Rakesh Verma 8107,data_analyst,Senior,full,data analysis|excel|power bi|python|sql|statistics|tableau
Parvati Iyer 8108,backend_developer,Junior,abbr,cloud|java|kubernetes|linux|natural language processing|postgresql|python|spring boot|sql
Pallavi Balan 8109,frontend_developer,Mid,full,docker|git|javascript|react
Swathi Venkatesh 8110,devops_engineer,Intern,mixed,cloud|docker|kubernetes
Udhav Krishnan 8111,data_engineer,Junior,full,docker|linux|postgresql|python|sql
Neha Dubey 8112,ml_engineer,Senior,abbr,deep learning|docker|machine learning|python|pytorch|scikit-learn|tableau|tensorflow|text classification
Kiran Ghosh 8113,data_scientist,Mid,mixed,deep learning|machine learning|numpy|pandas|python|scikit-learn|sql|statistics|tableau
Lalita Kumar 8114,nlp_engineer,Intern,abbr,deep learning|machine learning|python|pytorch|scikit-learn
Darshan Joshi 8115,data_analyst,Intern,abbr,data analysis|excel|linux|postgresql|tableau
Ganesh Reddy 8116,backend_developer,Senior,abbr,docker|git|java|javascript|mongodb|postgresql|react|rest api|spring boot|sql
Esha Pillai 8117,frontend_developer,Junior,abbr,html/css|javascript|react|rest api
Nandini Singh 8118,devops_engineer,Senior,full,ci/cd|cloud|docker|kubernetes|linux|postgresql|python|rest api
Rakesh Desai 8119,data_engineer,Intern,mixed,ci/cd|cloud|docker|mongodb|sql
Rohan Krishnan 8120,ml_engineer,Junior,full,computer vision|numpy|python|pytorch|scikit-learn|sql|tensorflow
Sahana Varma 8121,data_scientist,Mid,mixed,cloud|data analysis|machine learning|pandas|power bi|python|statistics|tableau|text classification
Pranav Sharma 8122,nlp_engineer,Mid,mixed,cloud|machine learning|natural language processing|python|pytorch|text classification
Vidya Raghavan 8123,data_analyst,Senior,full,data analysis|excel|power bi|python|sql|statistics|tableau
Parvati Reddy 8124,backend_developer,Senior,abbr,git|java|postgresql|python|rest api|spring boot|sql
Anjali Ghosh,frontend_developer,Junior,mixed,docker|html/css|javascript|python|react|statistics
Nikhil Naidu 8126,devops_engineer,Senior,mixed,ci/cd|cloud|docker|kubernetes|linux
Anjali Rao 8127,data_engineer,Intern,abbr,ci/cd|cloud|postgresql|sql
Tanvi Chopra 8128,ml_engineer,Senior,full,deep learning|machine learning|numpy|python|pytorch|scikit-learn|tensorflow
Jatin Iyer 8129,data_scientist,Junior,mixed,data analysis|machine learning|sql|statistics
Manish Prasad 8130,nlp_engineer,Intern,full,deep learning|machine learning|python|pytorch
Shreya Varma 8131,data_analyst,Mid,full,excel|pandas|power bi|python|sql|tableau
Parvati Kulkarni 8132,backend_developer,Intern,mixed,git|mongodb|postgresql|rest api|sql
Zoya Balan 8133,frontend_developer,Senior,mixed,git|html/css|javascript|python|react|scikit-learn
Neha Prasad 8134,devops_engineer,Intern,full,ci/cd|git|kubernetes|linux|react
Tanvi Chopra 8135,data_engineer,Mid,mixed,docker|kubernetes|postgresql|python|sql
Bhargav Patel 8136,ml_engineer,Intern,mixed,docker|machine learning|natural language processing|pandas|pytorch|tensorflow
Pooja Hegde 8137,data_scientist,Senior,mixed,data analysis|machine learning|pandas|python|sql|statistics
Ishaan Rao 8138,nlp_engineer,Mid,abbr,artificial intelligence|natural language processing|numpy|python|pytorch|scikit-learn|text classification
Nandini Verma 8139,data_analyst,Senior,abbr,data analysis|excel|java|kubernetes|power bi|sql|tableau
Vinay Desai 8140,backend_developer,Junior,mixed,docker|java|kubernetes|linux|postgresql|spring boot|sql
Nikhil Patel 8141,frontend_developer,Junior,full,docker|git|javascript|react
Rahul Naidu 8142,devops_engineer,Mid,full,ci/cd|cloud|docker|kubernetes
Pallavi Iyer 8143,data_engineer,Intern,abbr,cloud|pandas|postgresql|power bi|sql
Bhavna Prasad 8144,ml_engineer,Junior,full,excel|machine learning|python|pytorch|scikit-learn|statistics
Manish Nambiar 8145,data_scientist,Intern,mixed,machine learning|python|statistics
Akash Varma 8146,nlp_engineer,Intern,full,ci/cd|deep learning|natural language processing|python
Hema Raghavan 8147,data_analyst,Senior,abbr,data analysis|excel|power bi|sql|tableau
Tarun Venkatesh 8148,backend_developer,Mid,mixed,java|postgresql|python|spring boot|sql
Pallavi Tiwari 8149,frontend_developer,Junior,abbr,docker|git|javascript|react
Pallavi Prasad 8150,devops_engineer,Intern,mixed,cloud|java|kubernetes|linux
Deepa Singh 8151,data_engineer,Intern,abbr,docker|kubernetes|mongodb|numpy|postgresql|power bi|python
Vidya Chandran 8152,ml_engineer,Junior,full,deep learning|machine learning|natural language processing|pytorch|scikit-learn|statistics
Darshan Nair 8153,data_scientist,Mid,abbr,cloud|data analysis|deep learning|machine learning|numpy|pandas|python|rest api|scikit-learn|sql
Siddharth Deshpande 8154,nlp_engineer,Intern,mixed,artificial intelligence|docker|natural language processing|numpy|pandas|pytorch|text classification
Trisha Sharma 8155,data_analyst,Mid,abbr,data analysis|power bi|sql|tableau
Sanjay Shetty,backend_developer,Intern,mixed,docker|java|spring boot|sql
Suresh Balan 8157,frontend_developer,Intern,abbr,git|html/css|node.js
Farhan Saxena,devops_engineer,Junior,abbr,ci/cd|cloud|docker|linux|postgresql
Bhargav Jain 8159,data_engineer,Junior,abbr,cloud|docker|machine learning|mongodb|pandas|python|sql
Ravi Reddy 8160,ml_engineer,Intern,full,deep learning|docker|html/css|machine learning|statistics|tensorflow
Priya Krishnan 8161,data_scientist,Senior,mixed,data analysis|deep learning|machine learning|numpy|pandas|python|scikit-learn|sql|statistics|tableau
Charu Singh 8162,nlp_engineer,Senior,abbr,cloud|deep learning|machine learning|natural language processing|numpy|python|pytorch|text classification
Anjali Venkatesh 8163,data_analyst,Intern,full,excel|sql|tableau
Yash Mehta 8164,backend_developer,Intern,mixed,java|node.js|rest api|sql
Divya Pillai 8165,frontend_developer,Intern,mixed,docker|git|react
Trisha Gupta 8166,devops_engineer,Senior,abbr,ci/cd|cloud|docker|java|kubernetes|linux
Aniket Kulkarni 8167,data_engineer,Mid,abbr,cloud|pandas|postgresql|python|sql
Mohit Krishnan 8168,ml_engineer,Senior,full,cloud|deep learning|linux|machine learning|natural language processing|numpy|python|pytorch|scikit-learn|tensorflow
Neha Dubey 8169,data_scientist,Senior,abbr,data analysis|deep learning|machine learning|pandas|power bi|python|scikit-learn|sql|statistics|tableau
Suresh Balan 8170,nlp_engineer,Intern,mixed,cloud|natural language processing|python|text classification
Varun Gupta 8171,data_analyst,Junior,mixed,ci/cd|data analysis|docker|excel|sql|statistics|tableau
Pallavi Kapoor 8172,backend_developer,Junior,abbr,ci/cd|java|linux|postgresql|python|rest api|spring boot|sql
Sneha Pillai 8173,frontend_developer,Junior,abbr,html/css|javascript|node.js|react
Lalita Kaur 8174,devops_engineer,Intern,mixed,cloud|docker|excel|java|linux
Zoya Venkatesh 8175,data_engineer,Intern,mixed,data analysis|docker|machine learning|postgresql|python
Ganesh Ghosh 8176,ml_engineer,Junior,mixed,computer vision|docker|machine learning|numpy|python|scikit-learn|tensorflow
Pranav Prasad 8177,data_scientist,Junior,abbr,data analysis|python|scikit-learn|sql|statistics
Bhargav Menon 8178,nlp_engineer,Mid,full,deep learning|machine learning|natural language processing|python|pytorch|react|rest api
Sahana Sharma 8179,data_analyst,Senior,abbr,data analysis|excel|power bi|python|sql|tableau
Varun Gupta 8180,backend_developer,Junior,abbr,git|java|postgresql|rest api|sql
Tanvi Nair 8181,frontend_developer,Intern,abbr,data analysis|git|react|sql
Arjun Rao 8182,devops_engineer,Intern,abbr,cloud|docker|kubernetes
Siddharth Saxena 8183,data_engineer,Junior,full,cloud|mongodb|postgresql|python|sql
Aarav Prasad 8184,ml_engineer,Junior,full,cloud|deep learning|machine learning|python|sql|tensorflow
Pranav Bhatt 8185,data_scientist,Junior,mixed,data analysis|deep learning|machine learning|pandas|python
Gaurav Patel 8186,nlp_engineer,Junior,mixed,deep learning|docker|html/css|javascript|natural language processing|numpy|python|pytorch
Anjali Joshi 8187,data_analyst,Mid,abbr,data analysis|docker|postgresql|power bi|python|sql|tableau
Uma Prasad 8188,backend_developer,Senior,abbr,java|postgresql|rest api|spring boot|sql
Rakesh Verma 8189,frontend_developer,Senior,full,cloud|git|html/css|javascript|linux|react
Sahana Joshi 8190,devops_engineer,Intern,abbr,ci/cd|cloud|linux|tableau|text classification
Charu Gupta 8191,data_engineer,Junior,mixed,cloud|docker|postgresql|python
Meera Krishnan 8192,ml_engineer,Senior,mixed,deep learning|machine learning|pandas|python|pytorch|scikit-learn|tensorflow
Lalita Iyer 8193,data_scientist,Intern,full,pandas|python|sql
Kabir Desai 8194,nlp_engineer,Junior,mixed,artificial intelligence|deep learning|natural language processing|numpy|python|scikit-learn|text classification
Sameer Patel 8195,data_analyst,Junior,mixed,data analysis|excel|pandas|postgresql|power bi|scikit-learn|statistics|tableau
Indira Raghavan 8196,backend_developer,Senior,mixed,docker|java|postgresql|rest api|spring boot|sql
Esha Venkatesh 8197,frontend_developer,Mid,mixed,git|html/css|linux|node.js|react|rest api
Ravi Saxena 8198,devops_engineer,Senior,abbr,ci/cd|cloud|docker|git|html/css|kubernetes|linux
Sneha Chandran 8199,data_engineer,Mid,mixed,docker|postgresql|python|sql
Varun Sharma,ml_engineer,Intern,full,cloud|pandas|python|pytorch|statistics|tensorflow
Vinay Malhotra 8201,data_scientist,Intern,full,data analysis|machine learning|python|text classification
Rajesh Raghavan 8202,nlp_engineer,Intern,mixed,cloud|deep learning|docker|linux|natural language processing|pytorch
Ganesh Gupta 8203,data_analyst,Mid,abbr,data analysis|excel|power bi|python|sql|statistics
Shreya Krishnan 8204,backend_developer,Junior,abbr,java|mongodb|postgresql|python|rest api|sql
Jatin Ghosh 8205,frontend_developer,Intern,abbr,docker|html/css|javascript
Rakesh Agarwal 8206,devops_engineer,Mid,abbr,ci/cd|docker|git|kubernetes|linux
Sameer Menon 8207,data_engineer,Junior,full,ci/cd|cloud|docker|pandas|python|sql
Aniket Pillai 8208,ml_engineer,Junior,abbr,deep learning|docker|linux|machine learning|python|pytorch
Abhay Shetty 8209,data_scientist,Intern,mixed,data analysis|machine learning|statistics
Rahul Reddy 8210,nlp_engineer,Mid,abbr,cloud|natural language processing|numpy|python|pytorch|text classification
Tanvi Kapoor 8211,data_analyst,Intern,abbr,data analysis|git|power bi|statistics|tableau
Bhavna Tiwari 8212,backend_developer,Intern,mixed,linux|mongodb|postgresql|spring boot|sql
Lalita Menon 8213,frontend_developer,Intern,abbr,javascript|kubernetes|node.js|postgresql|react
Swathi Kapoor 8214,devops_engineer,Mid,abbr,ci/cd|cloud|docker|linux|machine learning
Jaya Iyer 8215,data_engineer,Senior,mixed,cloud|docker|kubernetes|postgresql|python|sql
Rakesh Iyer 8216,ml_engineer,Intern,mixed,git|python|rest api|scikit-learn|tensorflow
Manish Joshi 8217,data_scientist,Intern,full,deep learning|pandas|postgresql|python|sql|tableau
Vidya Shetty 8218,nlp_engineer,Intern,full,docker|kubernetes|natural language processing|python|pytorch
Qamar Kaur 8219,data_analyst,Mid,mixed,data analysis|excel|pandas|postgresql|power bi|tableau
Kiran Mehta 8220,backend_developer,Mid,mixed,docker|java|kubernetes|postgresql|python|rest api|spring boot
Lalita Patel 8221,frontend_developer,Junior,full,docker|git|html/css|node.js|react
Akash Reddy,devops_engineer,Intern,full,ci/cd|kubernetes|linux|python
Farhan Tiwari 8223,data_engineer,Senior,full,cloud|docker|natural language processing|postgresql|python|sql
Uma Venkatesh 8224,ml_engineer,Intern,abbr,machine learning|numpy|pytorch|tensorflow
Sonal Deshpande 8225,data_scientist,Intern,abbr,cloud|data analysis|deep learning|pandas|statistics
Nisha Tiwari 8226,nlp_engineer,Junior,mixed,artificial intelligence|deep learning|natural language processing|numpy|python|pytorch
Darshan Bhatt 8227,data_analyst,Junior,full,excel|postgresql|power bi|python|sql|tableau
Rohan Prasad 8228,backend_developer,Intern,mixed,docker|java|mongodb|postgresql|rest api
Parvati Pillai 8229,frontend_developer,Intern,full,html/css|python|react|rest api
Siddharth Venkatesh 8230,devops_engineer,Mid,abbr,ci/cd|cloud|docker|linux|postgresql|python
Anjali Naidu 8231,data_engineer,Junior,full,cloud|docker|python|sql
Jaya Malhotra 8232,ml_engineer,Senior,mixed,deep learning|machine learning|numpy|python|pytorch|scikit-learn|statistics|tensorflow
Lalita Krishnan 8233,data_scientist,Intern,full,cloud|machine learning|python|statistics
Omkar Patel 8234,nlp_engineer,Intern,mixed,cloud|machine learning|python|pytorch|text classification
Qamar Sharma 8235,data_analyst,Junior,mixed,data analysis|docker|excel|postgresql|power bi|tableau
Akash Menon 8236,backend_developer,Senior,mixed,docker|java|linux|mongodb|postgresql|rest api|spring boot|sql
Kavya Raghavan 8237,frontend_developer,Intern,mixed,docker|git|react
Rahul Desai 8238,devops_engineer,Junior,mixed,cloud|docker|java|kubernetes|linux|python|scikit-learn
Madhav Shetty 8239,data_engineer,Mid,mixed,ci/cd|cloud|docker|postgresql|python
Sonal Kulkarni 8240,ml_engineer,Senior,abbr,computer vision|deep learning|machine learning|natural language processing|numpy|pandas|python|pytorch|scikit-learn|statistics|tensorflow
Rhea Varma 8241,data_scientist,Senior,full,data analysis|machine learning|pandas|python|scikit-learn|sql|statistics
Vikram Kulkarni 8242,nlp_engineer,Senior,mixed,artificial intelligence|cloud|deep learning|mongodb|natural language processing|numpy|python|pytorch|text classification
Tarun Desai 8243,data_analyst,Mid,full,data analysis|excel|power bi|python|statistics|tableau
Deepa Deshpande 8244,backend_developer,Junior,abbr,git|java|kubernetes|linux|rest api|spring boot|sql
Kavya Verma 8245,frontend_developer,Mid,mixed,git|javascript|react|rest api
Rohan Varma 8246,devops_engineer,Mid,abbr,ci/cd|cloud|docker|linux
Mohit Malhotra 8247,data_engineer,Mid,full,cloud|docker|postgresql|sql
Charu Chandran 8248,ml_engineer,Intern,mixed,git|java|machine learning|numpy|pytorch|tensorflow
Yash Kaur 8249,data_scientist,Junior,full,data analysis|machine learning|pandas|sql
Trisha Kapoor,nlp_engineer,Mid,mixed,deep learning|docker|linux|machine learning|natural language processing|python|spring boot|text classification
Manish Singh 8251,data_analyst,Senior,abbr,data analysis|excel|pandas|power bi|sql|tableau
Kabir Reddy 8252,backend_developer,Junior,full,docker|java|kubernetes|linux|machine learning|numpy|rest api|spring boot|sql
Jaya Sharma 8253,frontend_developer,Junior,full,git|html/css|javascript
Omkar Mehta 8254,devops_engineer,Senior,abbr,ci/cd|cloud|docker|kubernetes|linux|postgresql|python
Nikhil Venkatesh 8255,data_engineer,Intern,mixed,docker|linux|python|sql
Madhav Agarwal,ml_engineer,Senior,full,computer vision|deep learning|html/css|machine learning|pandas|python|pytorch|scikit-learn|sql|statistics|tensorflow
Naveen Kulkarni 8257,data_scientist,Intern,mixed,machine learning|pandas|sql|tableau
Yamini Kaur,nlp_engineer,Junior,full,deep learning|natural language processing|python|scikit-learn|text classification
Hema Rao 8259,data_analyst,Mid,full,data analysis|excel|power bi|tableau
Omkar Saxena 8260,backend_developer,Mid,full,java|linux|node.js|rest api|spring boot|sql
Varun Verma 8261,frontend_developer,Senior,mixed,git|html/css|javascript|node.js|react|rest api
Rakesh Varma 8262,devops_engineer,Intern,mixed,cloud|docker|linux
Lakshmi Rao 8263,data_engineer,Senior,abbr,ci/cd|cloud|docker|kubernetes|mongodb|pandas|postgresql|python|sql
Ananya Varma,ml_engineer,Intern,abbr,ci/cd|python|pytorch|tensorflow
Lalita Nambiar 8265,data_scientist,Intern,abbr,machine learning|power bi|python|statistics
Bhargav Nair 8266,nlp_engineer,Mid,full,artificial intelligence|ci/cd|deep learning|mongodb|natural language processing|python|text classification
Manish Nambiar 8267,data_analyst,Senior,mixed,data analysis|excel|mongodb|power bi|sql|tableau
Rakesh Kumar 8268,backend_developer,Junior,abbr,ci/cd|java|python|rest api|spring boot|sql
Uma Raghavan 8269,frontend_developer,Senior,full,docker|git|html/css|javascript|react|rest api
Esha Kaur 8270,devops_engineer,Intern,mixed,cloud|docker|kubernetes|linux
Darshan Venkatesh 8271,data_engineer,Senior,full,cloud|docker|postgresql|python|sql
Sahana Dubey 8272,ml_engineer,Mid,mixed,docker|machine learning|python|pytorch|scikit-learn|tensorflow
Suresh Hegde 8273,data_scientist,Senior,abbr,cloud|data analysis|machine learning|pandas|python|pytorch|scikit-learn|sql|statistics|tableau|text classification
Bhargav Nambiar 8274,nlp_engineer,Senior,mixed,deep learning|natural language processing|python|pytorch|scikit-learn|text classification
Farhan Pillai 8275,data_analyst,Senior,full,data analysis|excel|pandas|power bi|sql|statistics|tableau
Indira Raghavan 8276,backend_developer,Senior,full,java|postgresql|rest api|spring boot|sql
Deepa Kumar 8277,frontend_developer,Intern,mixed,git|html/css|pandas
Ramya Gupta 8278,devops_engineer,Junior,abbr,cloud|docker|html/css|java|kubernetes|linux|postgresql
Ganesh Saxena 8279,data_engineer,Junior,mixed,cloud|docker|linux|postgresql|sql
Kabir Kaur 8280,ml_engineer,Junior,abbr,artificial intelligence|machine learning|numpy|pandas|python|pytorch|scikit-learn|statistics
Siddharth Singh 8281,data_scientist,Intern,full,data analysis|python|scikit-learn|statistics|text classification
Ananya Ghosh 8282,nlp_engineer,Mid,mixed,artificial intelligence|deep learning|natural language processing|numpy|python|scikit-learn|text classification
Rhea Mehta 8283,data_analyst,Mid,full,data analysis|excel|power bi|sql
Jaya Krishnan 8284,backend_developer,Junior,mixed,ci/cd|java|postgresql|rest api|spring boot|sql
Vidya Raghavan 8285,frontend_developer,Intern,abbr,git|html/css|postgresql|rest api
Sanjay Kapoor 8286,devops_engineer,Senior,full,ci/cd|cloud|docker|kubernetes|linux
Parvati Pillai 8287,data_engineer,Junior,full,cloud|docker|kubernetes|mongodb|postgresql|sql
Abhay Menon 8288,ml_engineer,Mid,mixed,cloud|computer vision|deep learning|docker|linux|machine learning|pytorch|scikit-learn|sql|tensorflow
Charu Kaur 8289,data_scientist,Intern,abbr,deep learning|pandas|sql|statistics
Harini Chandran 8290,nlp_engineer,Senior,mixed,cloud|deep learning|natural language processing|python|pytorch|statistics|text classification
Rahul Jain 8291,data_analyst,Mid,abbr,data analysis|excel|postgresql|power bi|sql
Pallavi Deshpande 8292,backend_developer,Mid,mixed,java|pandas|postgresql|rest api|sql
Aniket Ghosh 8293,frontend_developer,Senior,full,ci/cd|cloud|docker|git|html/css|javascript|react|rest api
Yash Singh 8294,devops_engineer,Junior,abbr,ci/cd|cloud|docker|java|linux|python
Jatin Desai 8295,data_engineer,Mid,full,docker|natural language processing|numpy|postgresql|python|sql
Lalita Subramanian 8296,ml_engineer,Intern,full,cloud|deep learning|docker|python|sql|tensorflow
Yash Patel 8297,data_scientist,Mid,abbr,data analysis|machine learning|numpy|pandas|postgresql|python|scikit-learn|statistics|text classification
Pallavi Chopra,nlp_engineer,Intern,full,artificial intelligence|deep learning|docker|python|text classification
Trisha Naidu 8299,data_analyst,Intern,full,data analysis|excel|power bi
Tanvi Reddy 8300,backend_developer,Intern,mixed,java|postgresql|sql
Zoya Chandran 8301,frontend_developer,Mid,full,git|html/css|javascript
Tarun Sharma 8302,devops_engineer,Junior,abbr,ci/cd|cloud|docker|java|kubernetes
Jatin Joshi 8303,data_engineer,Junior,abbr,docker|git|postgresql|python|rest api|sql
Ganesh Hegde 8304,ml_engineer,Intern,abbr,docker|excel|pandas|python|pytorch|scikit-learn|statistics|tableau
Chetan Prasad 8305,data_scientist,Mid,abbr,data analysis|kubernetes|machine learning|pandas|python|sql|statistics
Swathi Singh 8306,nlp_engineer,Intern,mixed,artificial intelligence|cloud|deep learning|docker|pytorch|text classification
Deepa Desai 8307,data_analyst,Mid,mixed,data analysis|power bi|sql|tableau
Aarav Malhotra 8308,backend_developer,Intern,abbr,postgresql|rest api|spring boot
Nisha Joshi 8309,frontend_developer,Intern,mixed,data analysis|docker|html/css|power bi|react
Rakesh Rao,devops_engineer,Junior,full,ci/cd|cloud|docker|kubernetes|postgresql
Kiran Kaur 8311,data_engineer,Intern,mixed,ci/cd|cloud|docker|sql
Meera Desai 8312,ml_engineer,Senior,mixed,computer vision|deep learning|machine learning|python|pytorch|scikit-learn|sql|tensorflow
Divya Desai 8313,data_scientist,Senior,full,data analysis|machine learning|pandas|python|sql|statistics
Ritu Kulkarni 8314,nlp_engineer,Senior,mixed,cloud|deep learning|docker|machine learning|natural language processing|python|pytorch|text classification
Arjun Mehta 8315,data_analyst,Junior,full,excel|power bi|sql|statistics|tableau
Charu Pillai 8316,backend_developer,Mid,mixed,java|postgresql|rest api|sql
Rakesh Agarwal 8317,frontend_developer,Intern,abbr,html/css|kubernetes|react
Farhan Joshi 8318,devops_engineer,Mid,mixed,cloud|docker|java|kubernetes|linux|python
Zoya Hegde 8319,data_engineer,Junior,full,cloud|postgresql|python|sql
Sneha Dubey 8320,ml_engineer,Senior,abbr,computer vision|deep learning|machine learning|python|pytorch|scikit-learn|statistics|tensorflow
Deepa Agarwal,data_scientist,Intern,mixed,data analysis|pandas|python
Neha Kumar 8322,nlp_engineer,Junior,mixed,artificial intelligence|cloud|deep learning|docker|natural language processing|pytorch|text classification
Ritu Rao 8323,data_analyst,Senior,mixed,data analysis|excel|power bi|sql|tableau|tensorflow
Udhav Kulkarni,backend_developer,Junior,full,git|java|linux|machine learning|mongodb|rest api|spring boot|sql
Farhan Reddy 8325,frontend_developer,Junior,mixed,docker|git|javascript|react
Jaya Patel 8326,devops_engineer,Junior,mixed,cloud|docker|kubernetes|linux|python
Vidya Jain 8327,data_engineer,Senior,full,cloud|docker|postgresql|python|sql
Vikram Tiwari 8328,ml_engineer,Senior,abbr,computer vision|deep learning|machine learning|natural language processing|pandas|python|pytorch|scikit-learn|sql|statistics|tensorflow
Nikhil Subramanian 8329,data_scientist,Junior,mixed,machine learning|numpy|pandas|power bi|sql|statistics
Yamini Hegde 8330,nlp_engineer,Senior,mixed,cloud|deep learning|machine learning|natural language processing|numpy|python|pytorch|rest api|text classification
Sanjay Hegde 8331,data_analyst,Intern,abbr,data analysis|power bi|sql|statistics
Ramya Shetty 8332,backend_developer,Junior,full,git|java|postgresql|spring boot|sql
Madhav Kaur 8333,frontend_developer,Senior,full,docker|git|html/css|javascript|react|rest api
Indira Jain 8334,devops_engineer,Intern,abbr,ci/cd|cloud|git|kubernetes
Dhruv Naidu 8335,data_engineer,Intern,abbr,docker|pandas|postgresql|sql
Deepa Nair,ml_engineer,Mid,abbr,cloud|computer vision|deep learning|python|pytorch|scikit-learn|sql|statistics|tensorflow
Gaurav Joshi 8337,data_scientist,Intern,mixed,data analysis|machine learning|scikit-learn|statistics
Aarav Dubey 8338,nlp_engineer,Senior,abbr,cloud|deep learning|html/css|machine learning|natural language processing|node.js|numpy|python|pytorch|text classification
Nandini Malhotra 8339,data_analyst,Mid,mixed,data analysis|machine learning|pandas|power bi|python|sql|tableau
Omkar Varma 8340,backend_developer,Intern,abbr,docker|git|java|rest api|spring boot
Neha Venkatesh 8341,frontend_developer,Mid,abbr,docker|git|html/css|node.js|pandas|react|sql
Rhea Chopra 8342,devops_engineer,Mid,abbr,ci/cd|cloud|git|kubernetes|linux|scikit-learn
Parvati Desai 8343,data_engineer,Intern,full,ci/cd|cloud|docker|mongodb|python
Qamar Malhotra 8344,ml_engineer,Senior,mixed,computer vision|deep learning|docker|machine learning|natural language processing|python|pytorch|scikit-learn|sql|tensorflow
Gaurav Bhatt 8345,data_scientist,Junior,mixed,data analysis|machine learning|python|sql
Naveen Desai 8346,nlp_engineer,Junior,full,artificial intelligence|cloud|natural language processing|numpy|python|pytorch|text classification
Dhruv Gupta 8347,data_analyst,Intern,abbr,excel|power bi|tableau
Pallavi Saxena 8348,backend_developer,Senior,abbr,docker|git|java|linux|mongodb|postgresql|python|rest api|spring boot|sql
Meera Deshpande 8349,frontend_developer,Intern,mixed,git|javascript|node.js
Dhruv Reddy 8350,devops_engineer,Junior,full,ci/cd|docker|java|kubernetes|linux
Siddharth Agarwal 8351,data_engineer,Junior,abbr,ci/cd|cloud|kubernetes|postgresql|python|sql
Lakshmi Chopra 8352,ml_engineer,Junior,full,machine learning|pandas|python|pytorch|scikit-learn|sql
Sameer Patel 8353,data_scientist,Senior,mixed,data analysis|machine learning|numpy|pandas|power bi|python|sql|statistics|tableau|text classification
Tanvi Malhotra,nlp_engineer,Junior,abbr,data analysis|deep learning|natural language processing|python|pytorch|scikit-learn
Rajesh Varma 8355,data_analyst,Senior,mixed,data analysis|excel|power bi|sql|tableau
Kavya Malhotra 8356,backend_developer,Junior,abbr,docker|java|rest api|spring boot|sql
Rohan Mehta 8357,frontend_developer,Junior,abbr,cloud|git|html/css|react
Trisha Balan 8358,devops_engineer,Mid,mixed,ci/cd|cloud|kubernetes|linux
Siddharth Agarwal 8359,data_engineer,Senior,mixed,cloud|docker|mongodb|pandas|postgresql|python|sql
Omkar Subramanian 8360,ml_engineer,Junior,full,cloud|deep learning|machine learning|pandas|pytorch|scikit-learn|tensorflow
Bhavna Kapoor 8361,data_scientist,Senior,abbr,cloud|data analysis|machine learning|pandas|python|sql|statistics
Madhav Nair 8362,nlp_engineer,Intern,mixed,natural language processing|postgresql|pytorch|text classification
Pooja Pillai 8363,data_analyst,Junior,mixed,data analysis|excel|postgresql|sql|tableau
Ananya Nambiar 8364,backend_developer,Intern,abbr,git|java|postgresql|spring boot
Hema Varma 8365,frontend_developer,Junior,mixed,cloud|docker|git|javascript|react
Omkar Raghavan,devops_engineer,Senior,full,ci/cd|cloud|docker|kubernetes|linux|postgresql
Gaurav Nair 8367,data_engineer,Junior,full,ci/cd|docker|postgresql|python|sql
Pranav Kulkarni 8368,ml_engineer,Intern,abbr,ci/cd|computer vision|deep learning|python|pytorch
Pranav Jain 8369,data_scientist,Mid,full,data analysis|pandas|python|sql|statistics|text classification
Chetan Rao 8370,nlp_engineer,Intern,mixed,cloud|natural language processing|pytorch|scikit-learn|text classification
Aditi Agarwal,data_analyst,Senior,full,ci/cd|data analysis|excel|power bi|python|sql|tableau
Udhav Subramanian 8372,backend_developer,Senior,mixed,git|java|postgresql|python|rest api|spring boot|sql
Nikhil Gupta 8373,frontend_developer,Mid,mixed,docker|git|html/css|react
Rohan Venkatesh 8374,devops_engineer,Senior,full,ci/cd|cloud|docker|git|kubernetes|linux|postgresql
Bhavna Varma 8375,data_engineer,Senior,mixed,ci/cd|cloud|docker|postgresql|python|sql
Ramya Sharma 8376,ml_engineer,Intern,mixed,numpy|power bi|pytorch|scikit-learn|sql|tensorflow
Rajesh Kulkarni 8377,data_scientist,Intern,full,data analysis|machine learning|python|text classification
Sonal Rao 8378,nlp_engineer,Mid,full,deep learning|machine learning|natural language processing|python|pytorch|sql
Anjali Raghavan 8379,data_analyst,Intern,mixed,ci/cd|data analysis|excel|power bi|python
Lakshmi Krishnan 8380,backend_developer,Senior,full,java|mongodb|postgresql|rest api|spring boot|sql
Siddharth Kulkarni 8381,frontend_developer,Junior,mixed,git|html/css|javascript|linux|node.js
Esha Kapoor 8382,devops_engineer,Intern,abbr,ci/cd|cloud|docker|html/css|javascript
Rhea Chandran 8383,data_engineer,Intern,mixed,cloud|python|sql
Tarun Singh 8384,ml_engineer,Intern,mixed,deep learning|python|pytorch|statistics
Aniket Raghavan 8385,data_scientist,Senior,mixed,data analysis|machine learning|pandas|python|sql|statistics
Udhav Krishnan 8386,nlp_engineer,Mid,full,artificial intelligence|cloud|deep learning|excel|machine learning|natural language processing|python|pytorch|statistics
Yamini Hegde 8387,data_analyst,Intern,mixed,data analysis|excel|python|tableau
Ananya Deshpande 8388,backend_developer,Intern,full,linux|pandas|postgresql|spring boot|sql
Aditi Agarwal 8389,frontend_developer,Intern,abbr,docker|git|javascript
Esha Hegde 8390,devops_engineer,Intern,mixed,cloud|docker|linux|python
Farhan Iyer 8391,data_engineer,Junior,full,cloud|docker|postgresql|sql
Rohan Kulkarni 8392,ml_engineer,Junior,full,cloud|data analysis|python|pytorch|scikit-learn|sql|tensorflow
Charu Hegde 8393,data_scientist,Intern,mixed,machine learning|python|sql
Aarav Kumar 8394,nlp_engineer,Mid,full,deep learning|docker|natural language processing|python|pytorch|scikit-learn|text classification
Aniket Hegde 8395,data_analyst,Intern,full,data analysis|docker|power bi|sql
Kiran Gupta 8396,backend_developer,Senior,mixed,java|linux|numpy|postgresql|rest api|spring boot|sql
Ritu Tiwari 8397,frontend_developer,Senior,abbr,git|html/css|javascript|react
Nikhil Gupta 8398,devops_engineer,Senior,abbr,ci/cd|cloud|docker|kubernetes|linux
Pooja Varma 8399,data_engineer,Junior,full,ci/cd|cloud|docker|kubernetes|postgresql|python
Madhav Balan 8400,ml_engineer,Mid,mixed,docker|machine learning|python|pytorch|scikit-learn|tensorflow
Udhav Singh 8401,data_scientist,Senior,mixed,cloud|data analysis|machine learning|node.js|pandas|power bi|python|react|sql|statistics|tableau
Tarun Ghosh 8402,nlp_engineer,Senior,mixed,deep learning|natural language processing|python|pytorch|text classification
Aarav Jain 8403,data_analyst,Mid,mixed,data analysis|postgresql|power bi|python|sql|tableau
Nisha Subramanian 8404,backend_developer,Senior,mixed,computer vision|docker|java|mongodb|postgresql|python|rest api|spring boot|sql
Vinay Rao 8405,frontend_developer,Mid,full,html/css|javascript|react
Bhavna Naidu 8406,devops_engineer,Mid,mixed,cloud|docker|kubernetes|linux|natural language processing
Kabir Pillai,data_engineer,Mid,mixed,cloud|linux|postgresql|python|sql
Charu Joshi 8408,ml_engineer,Senior,abbr,cloud|deep learning|machine learning|python|pytorch|scikit-learn|sql|tensorflow
Jaya Krishnan 8409,data_scientist,Intern,mixed,data analysis|machine learning|pandas|postgresql|python
Ananya Iyer 8410,nlp_engineer,Senior,abbr,deep learning|machine learning|natural language processing|python|pytorch|text classification
Omkar Krishnan,data_analyst,Senior,mixed,data analysis|excel|postgresql|power bi|sql|tableau
Rakesh Dubey 8412,backend_developer,Intern,mixed,git|postgresql|python|rest api|spring boot
Varun Krishnan 8413,frontend_developer,Mid,mixed,docker|git|html/css|node.js|python|react
Pooja Saxena 8414,devops_engineer,Junior,abbr,ci/cd|docker|kubernetes|linux
Charu Bhatt 8415,data_engineer,Intern,mixed,cloud|docker|pandas|sql
Darshan Nambiar 8416,ml_engineer,Junior,abbr,deep learning|git|kubernetes|machine learning|numpy|python|scikit-learn
Aniket Menon 8417,data_scientist,Intern,mixed,data analysis|python|scikit-learn|statistics
Mohit Bhatt,nlp_engineer,Intern,mixed,deep learning|natural language processing|numpy|python
Darshan Nair 8419,data_analyst,Intern,full,pandas|power bi|python|sql|tableau
Aniket Kulkarni 8420,backend_developer,Intern,full,docker|java|kubernetes|postgresql|sql
Manish Mehta 8421,frontend_developer,Intern,abbr,git|react
Tanvi Naidu 8422,devops_engineer,Mid,full,ci/cd|cloud|docker|linux|python
Suresh Ghosh 8423,data_engineer,Senior,mixed,cloud|docker|linux|postgresql|python|sql
Ravi Malhotra 8424,ml_engineer,Junior,mixed,cloud|deep learning|pandas|pytorch|scikit-learn|tensorflow
Sneha Prasad 8425,data_scientist,Senior,mixed,data analysis|machine learning|pandas|python|sql|statistics
Vikram Naidu 8426,nlp_engineer,Intern,full,cloud|deep learning|natural language processing|text classification
Rakesh Nair 8427,data_analyst,Senior,mixed,data analysis|excel|machine learning|power bi|sql|tableau
Harini Sharma 8428,backend_developer,Junior,full,cloud|git|mongodb|postgresql|python|rest api|spring boot|sql|tableau
Mohit Varma 8429,frontend_developer,Mid,abbr,git|html/css|pytorch|react|rest api|tensorflow
Mohit Gupta 8430,devops_engineer,Senior,full,ci/cd|cloud|docker|kubernetes|linux
Qamar Kumar 8431,data_engineer,Senior,abbr,cloud|docker|kubernetes|postgresql|python|sql|tableau
Nandini Bhatt 8432,ml_engineer,Intern,mixed,deep learning|python|pytorch|sql
Kabir Joshi 8433,data_scientist,Senior,abbr,data analysis|machine learning|pandas|python|scikit-learn|spring boot|sql|statistics
Sahana Varma 8434,nlp_engineer,Intern,mixed,deep learning|kubernetes|natural language processing|postgresql|scikit-learn|text classification
Parvati Raghavan 8435,data_analyst,Mid,mixed,excel|power bi|python|sql|tableau
Kavya Raghavan 8436,backend_developer,Senior,mixed,docker|java|machine learning|postgresql|rest api|spring boot|sql
Kiran Balan 8437,frontend_developer,Senior,abbr,docker|git|html/css|javascript|react
Sahana Kulkarni 8438,devops_engineer,Mid,full,ci/cd|cloud|java|kubernetes|linux|python
Pooja Saxena 8439,data_engineer,Senior,abbr,cloud|docker|kubernetes|mongodb|pandas|postgresql|python|sql
Esha Kaur 8440,ml_engineer,Mid,mixed,docker|machine learning|python|pytorch|rest api|scikit-learn|tensorflow
Dhruv Dubey 8441,data_scientist,Mid,mixed,deep learning|machine learning|numpy|pandas|power bi|python|scikit-learn|sql|statistics
Sneha Ghosh 8442,nlp_engineer,Mid,mixed,deep learning|numpy|python|pytorch|text classification
Mohit Balan 8443,data_analyst,Senior,mixed,data analysis|excel|git|pandas|power bi|python|sql|tableau
Pranav Sharma 8444,backend_developer,Junior,mixed,java|linux|mongodb|postgresql|spring boot|sql|tensorflow
Udhav Gupta 8445,frontend_developer,Junior,abbr,docker|git|html/css|javascript
Aarav Desai 8446,devops_engineer,Senior,mixed,ci/cd|cloud|docker|kubernetes|linux|mongodb|postgresql|python
Ganesh Pillai 8447,data_engineer,Mid,abbr,ci/cd|cloud|docker|kubernetes|mongodb|python|sql
Aarav Singh 8448,ml_engineer,Senior,mixed,cloud|computer vision|deep learning|machine learning|pandas|python|pytorch|scikit-learn|tensorflow
Omkar Singh 8449,data_scientist,Senior,abbr,cloud|data analysis|deep learning|machine learning|pandas|python|scikit-learn|sql|statistics|tableau
Arjun Patel 8450,nlp_engineer,Senior,mixed,ci/cd|deep learning|mongodb|natural language processing|python|pytorch|text classification
Varun Subramanian,data_analyst,Intern,abbr,data analysis|power bi|sql|statistics
Sonal Kapoor 8452,backend_developer,Senior,full,git|java|linux|mongodb|postgresql|rest api|spring boot|sql
Uma Shetty 8453,frontend_developer,Junior,full,git|html/css|javascript|node.js
Chetan Mehta 8454,devops_engineer,Intern,abbr,ci/cd|docker|kubernetes
Gaurav Krishnan 8455,data_engineer,Intern,abbr,docker|kubernetes|postgresql|python
Parvati Bhatt 8456,ml_engineer,Intern,full,deep learning|docker|pytorch|scikit-learn|statistics
Neha Iyer 8457,data_scientist,Junior,abbr,machine learning|numpy|pandas|power bi|python|sql|text classification
Sneha Raghavan 8458,nlp_engineer,Mid,mixed,deep learning|natural language processing|python|pytorch
Ganesh Gupta 8459,data_analyst,Intern,abbr,excel|pandas|power bi|sql
Meera Tiwari 8460,backend_developer,Senior,abbr,java|postgresql|rest api|spring boot|sql
Sameer Menon 8461,frontend_developer,Intern,abbr,docker|javascript|linux|react
Shreya Malhotra 8462,devops_engineer,Intern,full,ci/cd|cloud|git|linux
Kavya Venkatesh 8463,data_engineer,Junior,mixed,data analysis|docker|excel|linux|postgresql|python|sql
Neha Krishnan 8464,ml_engineer,Mid,full,deep learning|machine learning|python|scikit-learn|sql|tensorflow
Ananya Deshpande 8465,data_scientist,Mid,full,data analysis|machine learning|numpy|pandas|power bi|python|scikit-learn|sql|tableau
Madhav Kumar 8466,nlp_engineer,Junior,abbr,deep learning|natural language processing|python|text classification
Kiran Ghosh 8467,data_analyst,Mid,full,data analysis|excel|postgresql|power bi|sql|statistics
Sonal Nambiar 8468,backend_developer,Senior,full,java|postgresql|rest api|spring boot|sql
Trisha Iyer 8469,frontend_developer,Junior,full,git|html/css|javascript|pandas|rest api|tableau
Pooja Rao 8470,devops_engineer,Junior,abbr,cloud|docker|kubernetes|linux|postgresql|sql
Rohan Menon 8471,data_engineer,Senior,full,cloud|docker|mongodb|postgresql|python|sql
Kabir Mehta 8472,ml_engineer,Intern,abbr,cloud|computer vision|machine learning|pytorch|statistics|tensorflow
Madhav Rao 8473,data_scientist,Intern,full,machine learning|sql|statistics
Deepa Balan 8474,nlp_engineer,Junior,mixed,deep learning|machine learning|natural language processing|python|scikit-learn|text classification
Anjali Desai 8475,data_analyst,Intern,mixed,postgresql|power bi|sql|tableau
Sneha Menon 8476,backend_developer,Senior,mixed,git|html/css|java|postgresql|rest api|spring boot|sql
Qamar Nair 8477,frontend_developer,Mid,full,docker|git|html/css|numpy|pandas|react
Abhay Sharma 8478,devops_engineer,Junior,full,ci/cd|cloud|docker|linux|python
Lakshmi Iyer,data_engineer,Junior,mixed,cloud|docker|python|sql
Sahana Patel 8480,ml_engineer,Mid,abbr,machine learning|python|pytorch|scikit-learn|tensorflow
Rakesh Hegde 8481,data_scientist,Senior,mixed,data analysis|machine learning|pandas|python|sql|statistics|tableau
Vishal Balan 8482,nlp_engineer,Junior,abbr,cloud|deep learning|python|pytorch|text classification
Shreya Mehta 8483,data_analyst,Mid,full,data analysis|deep learning|excel|pytorch|sql|statistics|tableau
Sameer Tiwari 8484,backend_developer,Junior,mixed,docker|git|java|kubernetes|postgresql|rest api|sql
Charu Patel 8485,frontend_developer,Intern,abbr,git|node.js|react
Aarav Jain 8486,devops_engineer,Senior,abbr,ci/cd|cloud|docker|java|kubernetes|linux|postgresql
Omkar Pillai 8487,data_engineer,Senior,full,cloud|docker|postgresql|python|sql
Sneha Nair 8488,ml_engineer,Intern,mixed,deep learning|git|machine learning|postgresql|tensorflow
Udhav Naidu 8489,data_scientist,Junior,mixed,cloud|data analysis|machine learning|power bi|python|statistics
Darshan Patel 8490,nlp_engineer,Intern,mixed,deep learning|html/css|machine learning|pytorch|scikit-learn|text classification
Shreya Patel 8491,data_analyst,Mid,mixed,data analysis|excel|power bi|tableau
Divya Nambiar 8492,backend_developer,Senior,mixed,java|linux|postgresql|python|rest api|spring boot|sql
Vidya Venkatesh 8493,frontend_developer,Junior,full,docker|git|html/css|react
Ananya Agarwal 8494,devops_engineer,Senior,mixed,ci/cd|cloud|docker|kubernetes|linux|tableau
Rohan Subramanian 8495,data_engineer,Mid,full,cloud|docker|kubernetes|linux|pandas|postgresql|sql
Pranav Kumar 8496,ml_engineer,Junior,mixed,machine learning|python|scikit-learn|tensorflow
Suresh Kumar 8497,data_scientist,Intern,full,cloud|data analysis|deep learning|machine learning|sql
Nikhil Patel 8498,nlp_engineer,Senior,full,cloud|deep learning|natural language processing|python|pytorch|text classification
Swathi Agarwal 8499,data_analyst,Senior,mixed,cloud|data analysis|excel|power bi|sql|tableau
Meera Kaur 8500,backend_developer,Junior,mixed,docker|java|linux|python|rest api|spring boot|sql
Rakesh Verma 8501,frontend_developer,Junior,abbr,html/css|javascript|node.js|python|react|statistics
Priya Kumar 8502,devops_engineer,Mid,mixed,ci/cd|docker|kubernetes|linux|postgresql
Vishal Nair 8503,data_engineer,Senior,mixed,cloud|docker|excel|kubernetes|linux|pandas|postgresql|python|sql
Ritu Agarwal 8504,ml_engineer,Intern,mixed,machine learning|numpy|scikit-learn|tensorflow
Kavya Balan 8505,data_scientist,Mid,mixed,data analysis|machine learning|pandas|python|statistics
Nandini Prasad 8506,nlp_engineer,Mid,mixed,artificial intelligence|docker|natural language processing|numpy|python|pytorch|text classification
Parvati Shetty 8507,data_analyst,Intern,mixed,excel|sql|tableau
Ritu Balan 8508,backend_developer,Senior,full,java|kubernetes|postgresql|rest api|spring boot|sql
Abhay Joshi 8509,frontend_developer,Senior,abbr,git|html/css|javascript|react
Chetan Raghavan 8510,devops_engineer,Intern,abbr,cloud|docker|kubernetes|python
Jaya Balan 8511,data_engineer,Senior,abbr,cloud|docker|postgresql|python|sql
Ritu Mehta 8512,ml_engineer,Junior,mixed,deep learning|machine learning|python|tensorflow
Naveen Mehta 8513,data_scientist,Intern,full,power bi|python|sql|statistics
Darshan Reddy 8514,nlp_engineer,Senior,abbr,artificial intelligence|deep learning|natural language processing|python|pytorch|scikit-learn|text classification
Omkar Sharma 8515,data_analyst,Mid,mixed,data analysis|postgresql|power bi|sql|tableau
Meera Hegde 8516,backend_developer,Intern,mixed,postgresql|spring boot|sql
Divya Pillai 8517,frontend_developer,Intern,full,git|javascript|node.js
Sameer Mehta 8518,devops_engineer,Mid,mixed,ci/cd|docker|kubernetes|linux|postgresql|python
Sahana Saxena 8519,data_engineer,Junior,full,cloud|docker|postgresql|sql
Divya Singh 8520,ml_engineer,Intern,mixed,computer vision|deep learning|machine learning|tensorflow
Yamini Jain 8521,data_scientist,Intern,mixed,data analysis|postgresql|sql|statistics|tableau
Vikram Mehta 8522,nlp_engineer,Senior,full,deep learning|natural language processing|postgresql|python|pytorch|text classification
Sahana Desai 8523,data_analyst,Senior,mixed,data analysis|excel|power bi|sql|tableau
Aniket Singh 8524,backend_developer,Intern,abbr,git|java|linux|machine learning|numpy|spring boot|sql
Dhruv Patel 8525,frontend_developer,Senior,full,git|html/css|javascript|node.js|python|react|statistics
Gaurav Naidu 8526,devops_engineer,Senior,full,ci/cd|cloud|docker|kubernetes|linux
Dhruv Kaur 8527,data_engineer,Mid,abbr,ci/cd|cloud|excel|pandas|postgresql|python|sql|tableau
Naveen Kulkarni 8528,ml_engineer,Senior,full,deep learning|machine learning|pandas|python|pytorch|scikit-learn|sql|tensorflow
Aditi Mehta 8529,data_scientist,Junior,full,data analysis|machine learning|pandas|statistics
Sameer Subramanian 8530,nlp_engineer,Senior,mixed,artificial intelligence|cloud|deep learning|docker|natural language processing|python|pytorch|statistics|text classification
Farhan Shetty 8531,data_analyst,Intern,abbr,data analysis|postgresql|power bi|tableau
Bhavna Ghosh 8532,backend_developer,Intern,full,git|java|kubernetes|spring boot|sql
Yash Pillai 8533,frontend_developer,Intern,mixed,git|html/css|node.js
Rahul Nair 8534,devops_engineer,Intern,abbr,ci/cd|javascript|kubernetes|linux|rest api
Jaya Kumar 8535,data_engineer,Intern,mixed,docker|mongodb|python|sql
Jatin Joshi 8536,ml_engineer,Intern,mixed,deep learning|natural language processing|numpy|python|scikit-learn|sql|statistics
Zoya Naidu 8537,data_scientist,Senior,mixed,cloud|data analysis|deep learning|git|machine learning|pandas|python|scikit-learn|sql|statistics|tableau
Rakesh Iyer 8538,nlp_engineer,Junior,abbr,artificial intelligence|deep learning|java|natural language processing|python|pytorch
Indira Menon 8539,data_analyst,Senior,mixed,artificial intelligence|data analysis|excel|numpy|power bi|sql|tableau
Divya Deshpande 8540,backend_developer,Mid,mixed,docker|git|java|mongodb|rest api|spring boot|sql
Rohan Malhotra 8541,frontend_developer,Junior,full,html/css|javascript|node.js|postgresql|react|spring boot
Jatin Joshi 8542,devops_engineer,Junior,full,ci/cd|docker|git|java|kubernetes|linux|rest api
Sahana Kumar 8543,data_engineer,Senior,mixed,ci/cd|cloud|docker|html/css|mongodb|pandas|postgresql|python|sql
Sameer Kaur 8544,ml_engineer,Junior,full,cloud|machine learning|node.js|python|react|scikit-learn|sql|tensorflow
Lakshmi Hegde 8545,data_scientist,Mid,full,data analysis|machine learning|pandas|power bi|python|statistics|tableau
Gaurav Kaur 8546,nlp_engineer,Intern,mixed,artificial intelligence|machine learning|natural language processing|pytorch|text classification
Ritu Venkatesh 8547,data_analyst,Junior,abbr,excel|linux|power bi|python|sql|statistics|tableau
Yamini Pillai 8548,backend_developer,Intern,mixed,java|rest api|spring boot
Ritu Nair 8549,frontend_developer,Intern,full,git|javascript|kubernetes|node.js
Farhan Nair 8550,devops_engineer,Mid,abbr,cloud|docker|excel|kubernetes|linux|pandas
Vikram Patel 8551,data_engineer,Mid,full,cloud|docker|pandas|python|sql|statistics
Madhav Subramanian 8552,ml_engineer,Senior,mixed,deep learning|machine learning|python|pytorch|scikit-learn|tensorflow
Jaya Kumar 8553,data_scientist,Intern,mixed,data analysis|numpy|pandas|power bi|statistics
Pallavi Tiwari 8554,nlp_engineer,Intern,full,deep learning|docker|pytorch|text classification
Gaurav Malhotra 8555,data_analyst,Junior,abbr,computer vision|data analysis|postgresql|power bi|sql|statistics|tableau
Manish Rao 8556,backend_developer,Intern,abbr,docker|java|javascript|rest api|sql
Yash Bhatt 8557,frontend_developer,Mid,full,html/css|javascript|react|rest api
Pranav Shetty 8558,devops_engineer,Junior,full,cloud|docker|git|kubernetes|linux|postgresql|statistics
Divya Agarwal 8559,data_engineer,Junior,mixed,cloud|docker|python|sql
Darshan Raghavan 8560,ml_engineer,Intern,full,computer vision|deep learning|python|statistics|tensorflow
Sonal Venkatesh 8561,data_scientist,Intern,mixed,numpy|pandas|python|statistics
Dhruv Chandran 8562,nlp_engineer,Senior,mixed,deep learning|natural language processing|python|pytorch|text classification
Parvati Naidu 8563,data_analyst,Senior,abbr,cloud|data analysis|excel|natural language processing|power bi|python|sql|statistics|tableau
Swathi Verma 8564,backend_developer,Junior,mixed,git|java|python|rest api|spring boot|sql
Rajesh Jain 8565,frontend_developer,Junior,mixed,deep learning|git|javascript|react|sql
Abhay Tiwari 8566,devops_engineer,Mid,full,cloud|docker|kubernetes|linux|numpy|postgresql|text classification
Charu Patel 8567,data_engineer,Senior,full,ci/cd|cloud|docker|mongodb|postgresql|python|sql
Anjali Rao 8568,ml_engineer,Junior,abbr,data analysis|natural language processing|numpy|python|pytorch|scikit-learn|tensorflow
Uma Raghavan 8569,data_scientist,Senior,mixed,data analysis|machine learning|numpy|pandas|power bi|python|scikit-learn|sql|statistics|tableau
Yash Saxena 8570,nlp_engineer,Junior,full,artificial intelligence|natural language processing|python|pytorch|scikit-learn|text classification
Anjali Tiwari 8571,data_analyst,Senior,full,data analysis|excel|postgresql|power bi|sql|tableau
Parvati Shetty 8572,backend_developer,Senior,abbr,java|kubernetes|mongodb|postgresql|rest api|spring boot|sql
Rhea Nambiar 8573,frontend_developer,Mid,mixed,git|javascript|python|react|rest api|scikit-learn
Mohit Hegde 8574,devops_engineer,Intern,full,ci/cd|cloud|docker|java
Sanjay Sharma 8575,data_engineer,Mid,full,cloud|docker|postgresql|sql
Ishaan Dubey 8576,ml_engineer,Intern,full,machine learning|pytorch|scikit-learn
Rhea Gupta 8577,data_scientist,Junior,abbr,data analysis|pandas|sql|statistics
Rohan Jain 8578,nlp_engineer,Junior,full,deep learning|machine learning|natural language processing|pytorch|text classification
Manish Nambiar 8579,data_analyst,Mid,full,data analysis|excel|pandas|power bi|sql
Qamar Jain 8580,backend_developer,Junior,mixed,java|kubernetes|linux|pandas|python|rest api|spring boot|sql
Nisha Kumar 8581,frontend_developer,Senior,mixed,git|html/css|javascript|react
Darshan Raghavan 8582,devops_engineer,Senior,mixed,ci/cd|cloud|docker|kubernetes|linux|postgresql
Chetan Shetty 8583,data_engineer,Junior,full,cloud|data analysis|kubernetes|linux|postgresql|python|sql
Kavya Hegde 8584,ml_engineer,Senior,full,deep learning|machine learning|python|pytorch|scikit-learn|tensorflow
Priya Reddy,data_scientist,Mid,mixed,data analysis|git|machine learning|pandas|rest api|sql|statistics
Naveen Deshpande 8586,nlp_engineer,Junior,abbr,artificial intelligence|cloud|deep learning|docker|machine learning|natural language processing|pytorch|text classification
Farhan Naidu 8587,data_analyst,Junior,abbr,cloud|data analysis|deep learning|excel|power bi|tableau
Sameer Agarwal 8588,backend_developer,Mid,mixed,kubernetes|linux|mongodb|postgresql|rest api|spring boot|sql
Parvati Naidu 8589,frontend_developer,Mid,mixed,cloud|git|javascript|react
Trisha Deshpande 8590,devops_engineer,Senior,full,ci/cd|cloud|docker|excel|kubernetes|linux|postgresql|python
Vidya Chandran 8591,data_engineer,Senior,mixed,ci/cd|cloud|docker|linux|pandas|postgresql|python|sql|statistics
Ganesh Naidu 8592,ml_engineer,Mid,abbr,deep learning|docker|machine learning|python|pytorch|statistics|tensorflow
Bhargav Malhotra 8593,data_scientist,Mid,full,data analysis|machine learning|pandas|python|sql
Nandini Deshpande 8594,nlp_engineer,Junior,mixed,natural language processing|python|pytorch|scikit-learn|text classification
Mohit Hegde 8595,data_analyst,Mid,abbr,data analysis|postgresql|power bi|sql|statistics|tableau
Qamar Agarwal 8596,backend_developer,Mid,mixed,mongodb|pandas|postgresql|rest api|spring boot|sql|tableau
Esha Kumar 8597,frontend_developer,Intern,mixed,git|react
Ishaan Singh 8598,devops_engineer,Mid,mixed,cloud|docker|kubernetes|linux|postgresql|python
Tanvi Deshpande 8599,data_engineer,Mid,mixed,cloud|linux|mongodb|postgresql|python|sql
Yash Nambiar 8600,ml_engineer,Mid,mixed,computer vision|deep learning|docker|natural language processing|numpy|python|pytorch|scikit-learn|tensorflow
Rajesh Tiwari 8601,data_scientist,Junior,full,machine learning|pandas|python|sql
Ananya Varma 8602,nlp_engineer,Senior,mixed,artificial intelligence|cloud|deep learning|natural language processing|python|pytorch|scikit-learn|text classification
Uma Krishnan 8603,data_analyst,Senior,mixed,data analysis|excel|pandas|postgresql|power bi|sql|tableau
Esha Gupta 8604,backend_developer,Intern,mixed,docker|linux|postgresql|rest api|spring boot
Mohit Nair 8605,frontend_developer,Senior,full,deep learning|git|html/css|javascript|machine learning|react|rest api
Nandini Iyer 8606,devops_engineer,Junior,abbr,ci/cd|cloud|docker|linux
Arjun Menon 8607,data_engineer,Senior,abbr,cloud|docker|kubernetes|mongodb|postgresql|python|sql
Darshan Kaur 8608,ml_engineer,Intern,abbr,docker|python|scikit-learn|sql|tensorflow
Vinay Pillai 8609,data_scientist,Senior,full,data analysis|deep learning|docker|machine learning|numpy|pandas|python|scikit-learn|sql|statistics
Madhav Malhotra 8610,nlp_engineer,Junior,mixed,deep learning|docker|python|pytorch|scikit-learn|text classification
Manish Naidu 8611,data_analyst,Mid,mixed,data analysis|excel|postgresql|power bi|sql
Dhruv Jain 8612,backend_developer,Intern,abbr,java|linux|mongodb|postgresql|rest api
Pooja Hegde 8613,frontend_developer,Mid,full,html/css|javascript|react|rest api
Qamar Bhatt,devops_engineer,Senior,abbr,ci/cd|cloud|docker|git|kubernetes|linux
Aditi Menon 8615,data_engineer,Mid,abbr,cloud|docker|kubernetes|linux|mongodb|python|sql
Sneha Chandran 8616,ml_engineer,Mid,mixed,computer vision|machine learning|pandas|python|pytorch|scikit-learn|sql|statistics|tableau|tensorflow
Yash Dubey 8617,data_scientist,Mid,abbr,cloud|data analysis|deep learning|machine learning|numpy|pandas|power bi|sql|statistics
Ishaan Rao 8618,nlp_engineer,Junior,full,artificial intelligence|cloud|deep learning|machine learning|natural language processing|pytorch|text classification
Kabir Chandran 8619,data_analyst,Senior,mixed,data analysis|excel|power bi|sql|tableau
Nisha Krishnan 8620,backend_developer,Mid,mixed,git|java|mongodb|postgresql|python|rest api|spring boot
Rohan Kaur 8621,frontend_developer,Intern,mixed,docker|javascript|kubernetes|react|sql
Yash Verma 8622,devops_engineer,Senior,mixed,ci/cd|cloud|docker|java|kubernetes|linux
Lakshmi Tiwari 8623,data_engineer,Intern,abbr,docker|python|sql
Sneha Gupta 8624,ml_engineer,Junior,mixed,computer vision|deep learning|python|scikit-learn|tensorflow
Tanvi Kapoor 8625,data_scientist,Mid,abbr,data analysis|machine learning|numpy|power bi|python|sql|statistics
Vidya Kumar 8626,nlp_engineer,Mid,abbr,cloud|machine learning|natural language processing|python|pytorch|text classification
Ravi Nair 8627,data_analyst,Intern,full,data analysis|excel|scikit-learn|sql|statistics
Suresh Malhotra 8628,backend_developer,Senior,abbr,git|java|linux|postgresql|rest api|spring boot|sql
Lakshmi Kaur 8629,frontend_developer,Mid,full,docker|html/css|javascript|python|react|rest api|spring boot
Rohan Nair 8630,devops_engineer,Senior,full,ci/cd|cloud|docker|kubernetes|linux
Sanjay Menon 8631,data_engineer,Mid,full,ci/cd|docker|linux|mongodb|postgresql|python|sql
Arjun Desai 8632,ml_engineer,Junior,abbr,deep learning|docker|node.js|python|pytorch|tensorflow
Gaurav Tiwari,data_scientist,Mid,full,data analysis|mongodb|pandas|python|sql|statistics
Tanvi Desai 8634,nlp_engineer,Senior,full,artificial intelligence|deep learning|docker|natural language processing|python|pytorch|scikit-learn|text classification
Sahana Menon 8635,data_analyst,Junior,full,data analysis|excel|postgresql|power bi|sql
Ishaan Prasad 8636,backend_developer,Junior,mixed,git|java|linux|postgresql|python|rest api|spring boot
Dhruv Naidu 8637,frontend_developer,Intern,abbr,git|html/css|rest api
Vishal Naidu 8638,devops_engineer,Junior,abbr,cloud|docker|kubernetes|linux
Farhan Sharma 8639,data_engineer,Mid,full,cloud|docker|kubernetes|python|sql
Pranav Reddy 8640,ml_engineer,Intern,abbr,pytorch|scikit-learn|tensorflow
Rahul Deshpande 8641,data_scientist,Intern,mixed,machine learning|power bi|python|sql|statistics
Ishaan Sharma 8642,nlp_engineer,Mid,abbr,artificial intelligence|deep learning|docker|python|pytorch|scikit-learn|text classification
Aniket Raghavan 8643,data_analyst,Intern,mixed,excel|power bi|tableau
Trisha Patel 8644,backend_developer,Intern,mixed,linux|mongodb|postgresql|rest api|sql
Deepa Kaur 8645,frontend_developer,Senior,mixed,git|html/css|javascript|react
Deepa Hegde 8646,devops_engineer,Junior,full,ci/cd|cloud|docker|kubernetes
Rhea Gupta 8647,data_engineer,Senior,mixed,cloud|docker|numpy|postgresql|python|sql|tableau
Priya Prasad 8648,ml_engineer,Senior,abbr,deep learning|docker|machine learning|natural language processing|python|pytorch|scikit-learn|statistics|tensorflow
Dhruv Rao 8649,data_scientist,Senior,abbr,data analysis|machine learning|numpy|pandas|python|scikit-learn|sql|statistics|tableau
Rakesh Mehta 8650,nlp_engineer,Senior,mixed,artificial intelligence|cloud|deep learning|natural language processing|python|pytorch|text classification
Ritu Dubey 8651,data_analyst,Intern,full,excel|power bi|sql
Swathi Prasad 8652,backend_developer,Intern,full,postgresql|rest api|sql
Qamar Krishnan 8653,frontend_developer,Senior,full,git|html/css|javascript|node.js|python|react|rest api|tableau
Swathi Rao 8654,devops_engineer,Intern,full,ci/cd|cloud|java|kubernetes
Shreya Saxena 8655,data_engineer,Intern,mixed,cloud|linux|postgresql|python
Pallavi Jain 8656,ml_engineer,Mid,full,docker|machine learning|natural language processing|numpy|python|pytorch|rest api|scikit-learn|tensorflow
Vikram Subramanian 8657,data_scientist,Mid,full,data analysis|machine learning|pandas|scikit-learn|sql|statistics
Kavya Sharma 8658,nlp_engineer,Mid,mixed,cloud|deep learning|python|pytorch|text classification
Abhay Desai 8659,data_analyst,Intern,mixed,excel|power bi|tableau
Ravi Sharma 8660,backend_developer,Senior,abbr,git|java|postgresql|pytorch|rest api|spring boot|sql|text classification
Pranav Balan 8661,frontend_developer,Senior,mixed,git|html/css|java|javascript|react
Rhea Deshpande 8662,devops_engineer,Junior,abbr,ci/cd|docker|kubernetes|linux
Vinay Rao 8663,data_engineer,Intern,full,cloud|docker|javascript|node.js|python
Yash Rao 8664,ml_engineer,Mid,full,ci/cd|deep learning|linux|machine learning|python|scikit-learn|tensorflow
Varun Menon 8665,data_scientist,Intern,mixed,data analysis|mongodb|pandas|python|scikit-learn|statistics|text classification
Divya Nair 8666,nlp_engineer,Senior,full,deep learning|docker|machine learning|natural language processing|numpy|pandas|python|pytorch|scikit-learn|tableau|text classification
Siddharth Ghosh 8667,data_analyst,Senior,mixed,data analysis|excel|natural language processing|pandas|power bi|sql|statistics|tableau
Sneha Deshpande 8668,backend_developer,Intern,full,java|linux|postgresql|sql|text classification
Manish Chandran 8669,frontend_developer,Junior,abbr,git|javascript|react|rest api
Chetan Agarwal 8670,devops_engineer,Intern,full,ci/cd|cloud|kubernetes
Neha Venkatesh 8671,data_engineer,Intern,abbr,kubernetes|postgresql|python|sql
Kavya Tiwari 8672,ml_engineer,Senior,mixed,cloud|deep learning|linux|machine learning|natural language processing|pandas|python|pytorch|scikit-learn|statistics|tensorflow
Rohan Nambiar 8673,data_scientist,Junior,mixed,cloud|machine learning|pandas|scikit-learn|sql|statistics|text classification
Yamini Balan 8674,nlp_engineer,Junior,abbr,deep learning|natural language processing|pytorch|text classification
Parvati Kumar 8675,data_analyst,Senior,full,cloud|data analysis|deep learning|excel|power bi|sql|tableau
Rakesh Kaur 8676,backend_developer,Senior,mixed,docker|git|java|postgresql|python|rest api|spring boot|sql
Trisha Ghosh 8677,frontend_developer,Mid,abbr,html/css|javascript|node.js|react|rest api|sql
Nisha Desai 8678,devops_engineer,Junior,full,ci/cd|cloud|git|javascript|kubernetes|linux|postgresql
Omkar Mehta 8679,data_engineer,Intern,mixed,docker|kubernetes|linux|postgresql|python
Vidya Ghosh 8680,ml_engineer,Senior,full,cloud|deep learning|docker|linux|machine learning|mongodb|numpy|python|pytorch|scikit-learn|sql|statistics|tensorflow
Ramya Deshpande 8681,data_scientist,Intern,mixed,cloud|machine learning|pandas|statistics|text classification
Gaurav Shetty 8682,nlp_engineer,Senior,full,deep learning|natural language processing|python|pytorch|scikit-learn|text classification
Ritu Saxena 8683,data_analyst,Mid,mixed,data analysis|excel|power bi|python|tableau
Aarav Gupta 8684,backend_developer,Senior,abbr,java|kubernetes|mongodb|postgresql|python|pytorch|rest api|spring boot|sql|tensorflow
Kavya Desai 8685,frontend_developer,Mid,mixed,docker|git|html/css|javascript|rest api
Udhav Patel 8686,devops_engineer,Mid,abbr,ci/cd|cloud|kubernetes|linux
Rhea Raghavan 8687,data_engineer,Junior,mixed,docker|postgresql|python|sql
Rakesh Prasad 8688,ml_engineer,Junior,mixed,deep learning|machine learning|numpy|python|tensorflow
Pranav Varma 8689,data_scientist,Intern,mixed,data analysis|sql|statistics
Shreya Kapoor 8690,nlp_engineer,Intern,mixed,deep learning|linux|pytorch|text classification
Mohit Raghavan 8691,data_analyst,Mid,abbr,data analysis|excel|power bi|tableau
Vishal Joshi 8692,backend_developer,Junior,mixed,git|java|numpy|postgresql|python|rest api|spring boot
Yash Kaur 8693,frontend_developer,Junior,full,html/css|javascript|machine learning|react|scikit-learn
Vidya Kumar 8694,devops_engineer,Intern,abbr,ci/cd|cloud|java|kubernetes|pandas
Chetan Kumar 8695,data_engineer,Mid,mixed,cloud|docker|mongodb|numpy|postgresql|python
Dhruv Desai 8696,ml_engineer,Senior,abbr,deep learning|docker|machine learning|python|pytorch|scikit-learn|sql|statistics|tensorflow
Jatin Prasad 8697,data_scientist,Intern,mixed,data analysis|pandas|power bi|statistics|text classification
Sneha Menon 8698,nlp_engineer,Junior,full,deep learning|natural language processing|pytorch|text classification
Nandini Gupta 8699,data_analyst,Intern,mixed,data analysis|excel|python|sql|statistics
Rajesh Agarwal 8700,backend_developer,Mid,mixed,java|kubernetes|postgresql|python|spring boot|sql
Deepa Balan 8701,frontend_developer,Intern,full,docker|javascript|react|scikit-learn
Aarav Malhotra 8702,devops_engineer,Senior,mixed,ci/cd|cloud|docker|kubernetes|linux
Trisha Saxena 8703,data_engineer,Intern,abbr,cloud|java|kubernetes|pandas|postgresql|python
Rohan Kumar 8704,ml_engineer,Junior,abbr,deep learning|git|python|pytorch|scikit-learn
Varun Varma 8705,data_scientist,Senior,mixed,data analysis|excel|machine learning|pandas|python|sql|statistics|tableau|text classification
Rakesh Malhotra 8706,nlp_engineer,Junior,abbr,natural language processing|python|pytorch|text classification
Darshan Jain 8707,data_analyst,Mid,full,data analysis|excel|python|sql|tableau
Suresh Agarwal 8708,backend_developer,Mid,mixed,java|postgresql|python|react|spring boot|sql
Meera Chandran 8709,frontend_developer,Senior,mixed,git|html/css|javascript|node.js|react
Suresh Sharma 8710,devops_engineer,Mid,mixed,ci/cd|cloud|kubernetes|linux|machine learning|sql
Rakesh Kapoor 8711,data_engineer,Junior,mixed,docker|mongodb|pandas|postgresql|python|sql
Dhruv Chandran 8712,ml_engineer,Intern,mixed,cloud|deep learning|scikit-learn|tensorflow
Priya Verma 8713,data_scientist,Mid,mixed,data analysis|deep learning|docker|kubernetes|machine learning|numpy|pandas|power bi|python|scikit-learn|statistics
Madhav Hegde 8714,nlp_engineer,Junior,mixed,artificial intelligence|docker|natural language processing|postgresql|python|pytorch|sql|text classification
Qamar Joshi 8715,data_analyst,Mid,abbr,data analysis|excel|power bi|statistics|tableau
Shreya Dubey 8716,backend_developer,Junior,abbr,docker|linux|postgresql|python|rest api|spring boot|sql
Uma Varma 8717,frontend_developer,Mid,abbr,git|javascript|node.js|react|rest api
Darshan Chopra 8718,devops_engineer,Junior,mixed,ci/cd|cloud|docker|java|kubernetes|python
Mohit Raghavan 8719,data_engineer,Mid,mixed,ci/cd|cloud|linux|pandas|postgresql|python|sql
Vidya Chandran 8720,ml_engineer,Intern,full,deep learning|docker|numpy|python|statistics|tensorflow
Nandini Nambiar 8721,data_scientist,Intern,full,data analysis|pandas|postgresql|power bi|spring boot|statistics
Naveen Desai 8722,nlp_engineer,Junior,mixed,deep learning|python|pytorch|text classification
Tarun Gupta 8723,data_analyst,Intern,abbr,data analysis|excel|git|node.js|tableau
Yamini Nambiar 8724,backend_developer,Intern,mixed,cloud|computer vision|java|postgresql|spring boot
Kiran Prasad 8725,frontend_developer,Mid,full,git|javascript|react
Rahul Nair 8726,devops_engineer,Mid,full,ci/cd|docker|kubernetes|linux
Charu Sharma 8727,data_engineer,Junior,abbr,cloud|docker|python|sql
Farhan Sharma 8728,ml_engineer,Junior,mixed,cloud|computer vision|machine learning|numpy|python|pytorch|scikit-learn
Vinay Mehta 8729,data_scientist,Senior,abbr,cloud|data analysis|deep learning|machine learning|pandas|python|sql|statistics
Qamar Menon 8730,nlp_engineer,Mid,mixed,deep learning|docker|numpy|postgresql|python|pytorch|text classification
Sahana Shetty 8731,data_analyst,Mid,mixed,data analysis|power bi|python|sql|tableau
Trisha Verma 8732,backend_developer,Senior,mixed,java|kubernetes|linux|postgresql|rest api|spring boot|sql
Dhruv Gupta 8733,frontend_developer,Mid,full,git|html/css|react|text classification
Trisha Chandran 8734,devops_engineer,Intern,abbr,ci/cd|cloud|linux
Pranav Malhotra 8735,data_engineer,Senior,abbr,cloud|docker|kubernetes|mongodb|postgresql|python|sql
Rahul Verma 8736,ml_engineer,Mid,mixed,deep learning|natural language processing|numpy|postgresql|python|pytorch|scikit-learn|spring boot|tensorflow
Lakshmi Naidu 8737,data_scientist,Junior,mixed,data analysis|deep learning|machine learning|power bi|sql|statistics
Naveen Pillai 8738,nlp_engineer,Senior,abbr,cloud|deep learning|docker|natural language processing|python|pytorch|scikit-learn|text classification
Vishal Kapoor 8739,data_analyst,Intern,abbr,excel|sql|tableau
Suresh Jain 8740,backend_developer,Junior,abbr,docker|git|java|kubernetes|rest api|spring boot|sql
Deepa Nambiar 8741,frontend_developer,Junior,mixed,git|html/css|javascript
Mohit Kumar 8742,devops_engineer,Senior,full,ci/cd|cloud|docker|git|java|kubernetes|linux
Meera Gupta 8743,data_engineer,Junior,abbr,ci/cd|cloud|docker|python|sql
Dhruv Reddy 8744,ml_engineer,Junior,abbr,cloud|deep learning|machine learning|python|scikit-learn
Aditi Shetty 8745,data_scientist,Intern,full,cloud|docker|machine learning|sql|statistics
Akash Bhatt 8746,nlp_engineer,Intern,abbr,deep learning|machine learning|pytorch|text classification
Vikram Tiwari 8747,data_analyst,Junior,mixed,data analysis|excel|python|sql|statistics|tableau
Suresh Chopra 8748,backend_developer,Senior,mixed,git|java|kubernetes|postgresql|rest api|spring boot|sql
Ganesh Hegde 8749,frontend_developer,Senior,full,git|html/css|javascript|react|scikit-learn
Rhea Joshi 8750,devops_engineer,Senior,abbr,ci/cd|cloud|docker|kubernetes|linux
Chetan Pillai 8751,data_engineer,Intern,full,cloud|linux|mongodb|postgresql|sql
Sanjay Naidu 8752,ml_engineer,Intern,full,deep learning|machine learning|pandas|scikit-learn
Bhavna Iyer 8753,data_scientist,Senior,mixed,data analysis|machine learning|pandas|python|sql|statistics
Sonal Shetty 8754,nlp_engineer,Mid,mixed,deep learning|natural language processing|python|pytorch|text classification
Naveen Hegde 8755,data_analyst,Intern,mixed,data analysis|excel|sql
Kabir Singh 8756,backend_developer,Junior,abbr,docker|java|pandas|rest api|spring boot|sql|statistics
Farhan Bhatt 8757,frontend_developer,Intern,abbr,ci/cd|git|html/css|rest api
Rohan Chandran 8758,devops_engineer,Senior,abbr,ci/cd|cloud|docker|kubernetes|linux
Mohit Shetty 8759,data_engineer,Senior,mixed,ci/cd|cloud|data analysis|docker|mongodb|postgresql|python|sql
Divya Ghosh 8760,ml_engineer,Junior,abbr,deep learning|git|linux|machine learning|scikit-learn|sql|tensorflow
Siddharth Kaur 8761,data_scientist,Intern,mixed,numpy|python|sql|statistics|text classification
Ananya Shetty 8762,nlp_engineer,Mid,abbr,artificial intelligence|deep learning|natural language processing|python|pytorch
Harini Nair 8763,data_analyst,Mid,mixed,data analysis|excel|power bi|statistics|tableau
Dhruv Rao 8764,backend_developer,Intern,full,java|postgresql|python|sql
Zoya Jain 8765,frontend_developer,Intern,full,git|html/css|java|kubernetes
Ananya Iyer 8766,devops_engineer,Junior,mixed,cloud|docker|kubernetes|linux|postgresql
Vishal Subramanian 8767,data_engineer,Senior,mixed,cloud|docker|pandas|postgresql|python|sql
Nandini Pillai 8768,ml_engineer,Junior,full,deep learning|docker|natural language processing|postgresql|python|scikit-learn|sql|tensorflow
Meera Desai 8769,data_scientist,Mid,full,ci/cd|data analysis|deep learning|machine learning|python|scikit-learn|sql|statistics|tableau|text classification
Aarav Jain 8770,nlp_engineer,Senior,mixed,deep learning|natural language processing|python|pytorch|scikit-learn|text classification
Darshan Saxena 8771,data_analyst,Senior,abbr,data analysis|excel|pandas|postgresql|power bi|sql|tableau
Rajesh Kumar 8772,backend_developer,Intern,full,docker|mongodb|postgresql|rest api|sql
Nikhil Rao 8773,frontend_developer,Intern,full,docker|javascript|kubernetes|react
Udhav Kaur,devops_engineer,Intern,abbr,cloud|docker|java|linux
Anjali Joshi 8775,data_engineer,Intern,mixed,cloud|mongodb|python|sql
Esha Rao 8776,ml_engineer,Intern,full,cloud|computer vision|python|pytorch|scikit-learn
Rakesh Malhotra 8777,data_scientist,Intern,abbr,artificial intelligence|data analysis|pandas|pytorch|statistics
Pranav Rao 8778,nlp_engineer,Mid,full,deep learning|natural language processing|pytorch|scikit-learn|text classification
Gaurav Krishnan 8779,data_analyst,Intern,mixed,data analysis|excel|sql
Rohan Kumar 8780,backend_developer,Junior,full,java|python|rest api|spring boot|sql
Tarun Jain 8781,frontend_developer,Mid,mixed,html/css|javascript|node.js|react|rest api
Qamar Nair 8782,devops_engineer,Intern,mixed,ci/cd|cloud|kubernetes|python|sql
Indira Venkatesh 8783,data_engineer,Intern,full,ci/cd|cloud|linux|python|sql
Zoya Rao 8784,ml_engineer,Intern,mixed,computer vision|deep learning|docker|python|tensorflow
Ramya Kulkarni 8785,data_scientist,Junior,full,data analysis|python|pytorch|sql|statistics
Rakesh Joshi 8786,nlp_engineer,Mid,mixed,docker|kubernetes|machine learning|mongodb|natural language processing|python|pytorch|scikit-learn|text classification
Farhan Krishnan 8787,data_analyst,Mid,full,data analysis|kubernetes|power bi|spring boot|sql|tableau
Shreya Iyer 8788,backend_developer,Intern,abbr,java|mongodb|rest api|sql
Esha Deshpande 8789,frontend_developer,Mid,abbr,git|html/css|javascript|pandas|python
Nandini Kumar 8790,devops_engineer,Junior,mixed,ci/cd|cloud|docker|kubernetes|postgresql|python
Nisha Raghavan 8791,data_engineer,Intern,full,cloud|docker|linux|pandas|sql
Yash Menon 8792,ml_engineer,Intern,mixed,deep learning|machine learning|power bi|scikit-learn|tableau
Jaya Singh 8793,data_scientist,Junior,full,cloud|data analysis|machine learning|sql|statistics
Manish Varma 8794,nlp_engineer,Intern,mixed,natural language processing|python|pytorch
Naveen Joshi 8795,data_analyst,Junior,full,data analysis|docker|excel|pandas|postgresql|power bi|tableau
Tarun Mehta 8796,backend_developer,Intern,mixed,docker|java|postgresql|rest api
Jaya Nair 8797,frontend_developer,Mid,abbr,docker|git|html/css|java|javascript|postgresql
Aniket Rao 8798,devops_engineer,Mid,abbr,ci/cd|docker|kubernetes|linux|postgresql|python
Lakshmi Varma 8799,data_engineer,Senior,full,cloud|docker|pandas|postgresql|python|sql
Jaya Deshpande 8800,ml_engineer,Mid,abbr,deep learning|machine learning|python|pytorch|tensorflow|text classification
Pallavi Agarwal 8801,data_scientist,Intern,full,data analysis|machine learning|power bi|statistics|text classification
Ravi Menon 8802,nlp_engineer,Senior,full,artificial intelligence|cloud|deep learning|natural language processing|pandas|python|pytorch|text classification
Bhavna Ghosh 8803,data_analyst,Senior,mixed,cloud|data analysis|excel|numpy|power bi|sql|tableau
Pranav Agarwal 8804,backend_developer,Junior,abbr,docker|java|mongodb|postgresql|spring boot|sql
Neha Gupta 8805,frontend_developer,Senior,mixed,git|html/css|javascript|react
Zoya Mehta 8806,devops_engineer,Intern,abbr,ci/cd|kubernetes|linux|postgresql
Darshan Ghosh 8807,data_engineer,Senior,mixed,ci/cd|cloud|docker|postgresql|python|sql
Priya Varma 8808,ml_engineer,Mid,mixed,computer vision|deep learning|machine learning|natural language processing|numpy|pandas|python|pytorch|tensorflow|text classification
Madhav Dubey 8809,data_scientist,Intern,full,data analysis|docker|machine learning|statistics
Deepa Dubey 8810,nlp_engineer,Mid,mixed,artificial intelligence|cloud|deep learning|machine learning|python|pytorch|text classification
Arjun Kumar 8811,data_analyst,Intern,full,data analysis|power bi|tableau
Madhav Subramanian 8812,backend_developer,Mid,mixed,git|java|postgresql|rest api|sql
Deepa Bhatt 8813,frontend_developer,Senior,abbr,docker|git|html/css|javascript|react|rest api|sql
Kabir Jain 8814,devops_engineer,Intern,mixed,ci/cd|docker|html/css|javascript|linux
Suresh Patel 8815,data_engineer,Mid,full,cloud|docker|kubernetes|linux|postgresql|python
Aditi Menon 8816,ml_engineer,Senior,full,computer vision|deep learning|machine learning|natural language processing|pandas|python|pytorch|scikit-learn|tensorflow
Neha Patel 8817,data_scientist,Mid,abbr,machine learning|pandas|python|sql|statistics
Jatin Tiwari 8818,nlp_engineer,Mid,mixed,deep learning|natural language processing|pytorch|rest api|text classification
Trisha Hegde 8819,data_analyst,Junior,abbr,data analysis|pandas|power bi|sql|tableau
Farhan Naidu 8820,backend_developer,Intern,full,java|mongodb|rest api|sql
Tarun Jain 8821,frontend_developer,Senior,mixed,cloud|git|html/css|javascript|node.js|python|react
Arjun Bhatt,devops_engineer,Mid,mixed,cloud|docker|kubernetes|linux
Pooja Verma 8823,data_engineer,Mid,abbr,cloud|docker|linux|postgresql|python
Tarun Reddy 8824,ml_engineer,Junior,abbr,docker|machine learning|python|scikit-learn|tensorflow
Sahana Iyer 8825,data_scientist,Senior,full,data analysis|deep learning|machine learning|pandas|python|sql|statistics
Vinay Nambiar 8826,nlp_engineer,Mid,full,artificial intelligence|cloud|deep learning|natural language processing|numpy|python|pytorch
Sneha Pillai 8827,data_analyst,Mid,abbr,excel|git|node.js|power bi|sql|tableau
Tanvi Kumar 8828,backend_developer,Senior,full,java|postgresql|python|rest api|spring boot|sql
Mohit Kulkarni 8829,frontend_developer,Junior,abbr,docker|git|html/css|react
Sonal Hegde 8830,devops_engineer,Intern,abbr,artificial intelligence|cloud|docker|linux|numpy
Vikram Joshi 8831,data_engineer,Mid,abbr,cloud|docker|linux|postgresql|python|sql
Ritu Pillai 8832,ml_engineer,Mid,full,computer vision|data analysis|deep learning|python|pytorch|scikit-learn|statistics|tableau|tensorflow
Swathi Jain,data_scientist,Intern,mixed,deep learning|pandas|python|sql
Arjun Krishnan 8834,nlp_engineer,Senior,full,data analysis|deep learning|natural language processing|python|pytorch|text classification
Jaya Pillai 8835,data_analyst,Mid,abbr,data analysis|power bi|sql|statistics|tableau
Ritu Gupta 8836,backend_developer,Mid,mixed,java|mongodb|rest api|spring boot|sql
Sahana Kulkarni 8837,frontend_developer,Intern,mixed,git|html/css|numpy
Yamini Nambiar 8838,devops_engineer,Mid,mixed,ci/cd|cloud|kubernetes|linux
Udhav Nambiar 8839,data_engineer,Junior,abbr,cloud|docker|mongodb|pandas|python|sql
Shreya Nambiar 8840,ml_engineer,Mid,mixed,computer vision|deep learning|machine learning|natural language processing|python|scikit-learn|sql|tensorflow
Rahul Pillai 8841,data_scientist,Junior,mixed,data analysis|machine learning|numpy|scikit-learn|sql|statistics
Anjali Chandran 8842,nlp_engineer,Mid,mixed,artificial intelligence|cloud|data analysis|docker|natural language processing|postgresql|python|pytorch|text classification
Charu Nambiar 8843,data_analyst,Senior,full,data analysis|excel|power bi|sql|tableau
Aditi Kaur 8844,backend_developer,Mid,abbr,docker|excel|git|java|pandas|rest api|spring boot|sql
Zoya Menon 8845,frontend_developer,Mid,mixed,git|html/css|javascript|rest api
Gaurav Joshi 8846,devops_engineer,Junior,abbr,ci/cd|cloud|git|kubernetes|linux
Rajesh Kulkarni 8847,data_engineer,Intern,mixed,cloud|pandas|python|sql
Rakesh Joshi 8848,ml_engineer,Mid,mixed,deep learning|docker|python|pytorch|scikit-learn|tensorflow
Kabir Shetty 8849,data_scientist,Junior,abbr,data analysis|machine learning|numpy|pandas|power bi|python|statistics
Bhavna Saxena 8850,nlp_engineer,Senior,abbr,cloud|deep learning|machine learning|natural language processing|python|pytorch|scikit-learn|text classification
Abhay Bhatt 8851,data_analyst,Mid,mixed,data analysis|deep learning|excel|power bi|python|statistics|tableau
Madhav Naidu 8852,backend_developer,Intern,full,git|postgresql|spring boot|sql
Aarav Kaur 8853,frontend_developer,Mid,abbr,git|html/css|javascript
Esha Sharma 8854,devops_engineer,Senior,mixed,ci/cd|cloud|docker|kubernetes|linux|python|spring boot
Qamar Subramanian 8855,data_engineer,Junior,full,cloud|pandas|postgresql|python|sql
Rahul Subramanian 8856,ml_engineer,Junior,mixed,cloud|deep learning|python|scikit-learn|statistics|tensorflow
Sneha Malhotra 8857,data_scientist,Mid,full,cloud|data analysis|deep learning|machine learning|numpy|python|sql|statistics|text classification
Yash Pillai 8858,nlp_engineer,Mid,mixed,artificial intelligence|deep learning|machine learning|natural language processing|python|text classification
Sahana Shetty 8859,data_analyst,Intern,mixed,ci/cd|excel|python|sql|statistics|tableau
Farhan Agarwal 8860,backend_developer,Intern,full,java|kubernetes|pytorch|spring boot|sql
Darshan Singh 8861,frontend_developer,Intern,full,git|javascript
Vinay Balan 8862,devops_engineer,Junior,abbr,cloud|docker|git|kubernetes|linux|python
Anjali Shetty 8863,data_engineer,Mid,mixed,ci/cd|cloud|docker|kubernetes|python|sql
Vishal Singh 8864,ml_engineer,Mid,mixed,cloud|computer vision|deep learning|machine learning|python|pytorch|scikit-learn|sql|tensorflow
Abhay Saxena 8865,data_scientist,Junior,abbr,data analysis|machine learning|pandas|power bi|python
Mohit Hegde 8866,nlp_engineer,Mid,full,machine learning|natural language processing|numpy|python|pytorch|scikit-learn|text classification
Rohan Shetty 8867,data_analyst,Mid,mixed,excel|pandas|power bi|python|sql|tableau
Neha Krishnan 8868,backend_developer,Junior,mixed,docker|java|kubernetes|mongodb|postgresql|rest api|sql
Uma Jain 8869,frontend_developer,Intern,mixed,docker|html/css|javascript
Yash Balan 8870,devops_engineer,Senior,full,ci/cd|cloud|docker|java|kubernetes|linux
Trisha Tiwari 8871,data_engineer,Junior,full,cloud|docker|postgresql|sql
Nandini Balan 8872,ml_engineer,Senior,abbr,cloud|computer vision|deep learning|docker|git|machine learning|natural language processing|python|pytorch|scikit-learn|sql|tensorflow
Ananya Ghosh 8873,data_scientist,Junior,mixed,data analysis|machine learning|numpy|python|sql
Rhea Raghavan 8874,nlp_engineer,Mid,mixed,natural language processing|python|pytorch|sql|text classification
Sanjay Ghosh 8875,data_analyst,Mid,abbr,cloud|data analysis|power bi|sql|tableau
Ravi Menon 8876,backend_developer,Junior,abbr,deep learning|java|kubernetes|numpy|postgresql|rest api|spring boot
Gaurav Bhatt 8877,frontend_developer,Mid,mixed,docker|git|html/css|javascript|numpy
Nandini Agarwal 8878,devops_engineer,Mid,mixed,ci/cd|cloud|docker|kubernetes|linux
Aditi Raghavan 8879,data_engineer,Intern,full,docker|postgresql|sql
Harini Deshpande 8880,ml_engineer,Mid,full,deep learning|docker|machine learning|pandas|python|rest api|scikit-learn|tensorflow
Neha Shetty 8881,data_scientist,Intern,mixed,data analysis|docker|machine learning|python|scikit-learn|tableau
Rajesh Balan 8882,nlp_engineer,Mid,full,artificial intelligence|deep learning|machine learning|natural language processing|pytorch|text classification
Zoya Kapoor 8883,data_analyst,Senior,mixed,data analysis|excel|postgresql|power bi|sql|tableau
Uma Agarwal 8884,backend_developer,Intern,mixed,java|spring boot|sql
Qamar Dubey 8885,frontend_developer,Junior,abbr,git|html/css|javascript
Lalita Nair 8886,devops_engineer,Mid,mixed,ci/cd|cloud|java|kubernetes|linux|python|tableau
Rajesh Malhotra 8887,data_engineer,Mid,abbr,cloud|docker|linux|mongodb|pandas|postgresql|python|sql
Neha Varma 8888,ml_engineer,Senior,abbr,deep learning|machine learning|python|pytorch|scikit-learn|tensorflow
Abhay Venkatesh 8889,data_scientist,Senior,abbr,data analysis|deep learning|machine learning|numpy|pandas|power bi|python|sql|statistics|text classification
Tanvi Agarwal 8890,nlp_engineer,Mid,abbr,artificial intelligence|deep learning|machine learning|python|pytorch|text classification
Omkar Tiwari 8891,data_analyst,Senior,abbr,data analysis|excel|power bi|sql|statistics|tableau
Mohit Verma 8892,backend_developer,Intern,mixed,ci/cd|java|linux|postgresql|rest api
Esha Joshi 8893,frontend_developer,Junior,mixed,html/css|javascript|react
Hema Kaur 8894,devops_engineer,Intern,mixed,ci/cd|cloud|linux|node.js|rest api
Meera Balan 8895,data_engineer,Intern,full,cloud|data analysis|docker|sql
Zoya Chandran 8896,ml_engineer,Senior,full,deep learning|machine learning|python|pytorch|scikit-learn|tensorflow
Sahana Kapoor 8897,data_scientist,Intern,mixed,machine learning|numpy|pandas|python|scikit-learn
Rohan Saxena 8898,nlp_engineer,Mid,full,artificial intelligence|cloud|docker|natural language processing|python|pytorch|scikit-learn|text classification
Pallavi Iyer 8899,data_analyst,Junior,full,data analysis|excel|sql|tableau
Charu Bhatt 8900,backend_developer,Junior,abbr,git|java|postgresql|power bi|python|spring boot|sql
Nandini Mehta 8901,frontend_developer,Mid,mixed,git|html/css|node.js|react|rest api
Pallavi Joshi 8902,devops_engineer,Intern,abbr,ci/cd|cloud|java|linux|node.js
Abhay Prasad 8903,data_engineer,Junior,abbr,cloud|docker|node.js|python|sql
Siddharth Kapoor 8904,ml_engineer,Intern,abbr,computer vision|deep learning|power bi|pytorch|scikit-learn
Kavya Chandran 8905,data_scientist,Mid,full,ci/cd|data analysis|pandas|power bi|python|sql|statistics
Swathi Hegde 8906,nlp_engineer,Mid,abbr,artificial intelligence|deep learning|docker|machine learning|python|pytorch|text classification
Akash Deshpande 8907,data_analyst,Mid,mixed,cloud|data analysis|postgresql|power bi|sql|tableau
Harini Raghavan 8908,backend_developer,Senior,mixed,java|kubernetes|postgresql|rest api|spring boot|sql
Zoya Kumar 8909,frontend_developer,Mid,full,git|html/css|javascript|python
Kabir Singh 8910,devops_engineer,Mid,abbr,ci/cd|cloud|docker|linux|postgresql|python|scikit-learn
Omkar Mehta 8911,data_engineer,Mid,mixed,cloud|postgresql|python|sql
Gaurav Ghosh 8912,ml_engineer,Mid,full,machine learning|natural language processing|python|pytorch|scikit-learn|tensorflow
Lakshmi Kapoor 8913,data_scientist,Mid,mixed,git|java|machine learning|pandas|power bi|python|sql|statistics|tableau
Rohan Desai 8914,nlp_engineer,Intern,mixed,deep learning|python|text classification
Manish Varma 8915,data_analyst,Senior,mixed,data analysis|excel|power bi|sql|statistics|tableau
Arjun Venkatesh 8916,backend_developer,Intern,full,docker|postgresql|python|rest api|sql
Akash Chandran 8917,frontend_developer,Intern,full,html/css|kubernetes|python|react
Gaurav Chandran 8918,devops_engineer,Intern,abbr,ci/cd|cloud|kubernetes|node.js|postgresql
Dhruv Deshpande 8919,data_engineer,Junior,full,cloud|docker|kubernetes|pandas|postgresql|python
Jaya Rao 8920,ml_engineer,Senior,full,ci/cd|deep learning|docker|java|machine learning|numpy|python|pytorch|scikit-learn|tensorflow
Esha Hegde 8921,data_scientist,Junior,full,data analysis|machine learning|numpy|python|statistics
Darshan Krishnan 8922,nlp_engineer,Intern,abbr,natural language processing|python|text classification
Harini Nair 8923,data_analyst,Mid,abbr,data analysis|excel|pandas|postgresql|power bi|sql
Darshan Nair 8924,backend_developer,Junior,mixed,postgresql|python|rest api|spring boot|sql
Uma Subramanian 8925,frontend_developer,Senior,mixed,git|html/css|javascript|react
Darshan Subramanian,devops_engineer,Junior,full,ci/cd|cloud|docker|java|kubernetes|mongodb|postgresql
Hema Deshpande 8927,data_engineer,Intern,abbr,cloud|pandas|postgresql|python
Bhavna Sharma 8928,ml_engineer,Senior,mixed,computer vision|deep learning|docker|machine learning|python|pytorch|scikit-learn|sql|tensorflow
Nikhil Pillai 8929,data_scientist,Junior,mixed,machine learning|pandas|python|sql
Tarun Nambiar 8930,nlp_engineer,Mid,mixed,artificial intelligence|deep learning|docker|java|python|pytorch|text classification
Uma Tiwari 8931,data_analyst,Junior,full,excel|postgresql|power bi|python|sql|tableau
Aniket Ghosh 8932,backend_developer,Intern,mixed,docker|kubernetes|postgresql|rest api|spring boot
Sahana Menon 8933,frontend_developer,Junior,mixed,git|html/css|javascript|node.js
Bhavna Menon 8934,devops_engineer,Mid,mixed,ci/cd|cloud|docker|kubernetes
Ananya Raghavan 8935,data_engineer,Mid,full,ci/cd|cloud|docker|kubernetes|pandas|postgresql|python|pytorch
Lalita Prasad 8936,ml_engineer,Senior,full,cloud|computer vision|deep learning|machine learning|pandas|python|pytorch|scikit-learn|statistics|tensorflow
Bhavna Jain 8937,data_scientist,Intern,abbr,data analysis|deep learning|power bi|python|sql
Varun Menon 8938,nlp_engineer,Senior,full,deep learning|excel|natural language processing|python|pytorch|text classification
Aarav Kaur 8939,data_analyst,Intern,mixed,data analysis|deep learning|excel|postgresql|tableau
Ritu Shetty 8940,backend_developer,Intern,mixed,postgresql|spring boot|sql
Aarav Chopra,frontend_developer,Senior,mixed,git|html/css|javascript|react
Uma Venkatesh 8942,devops_engineer,Intern,full,docker|javascript|kubernetes|linux|postgresql
Mohit Iyer 8943,data_engineer,Senior,mixed,cloud|docker|mongodb|postgresql|python|sql
Chetan Kapoor 8944,ml_engineer,Junior,mixed,cloud|docker|pandas|python|pytorch|scikit-learn|tensorflow
Lalita Sharma 8945,data_scientist,Senior,abbr,data analysis|machine learning|pandas|python|sql|statistics|text classification
Kavya Patel 8946,nlp_engineer,Junior,full,artificial intelligence|deep learning|docker|natural language processing|numpy|python|pytorch
Sahana Chopra 8947,data_analyst,Senior,abbr,data analysis|docker|excel|pandas|power bi|sql|statistics|tableau
Mohit Varma 8948,backend_developer,Senior,abbr,git|java|postgresql|rest api|spring boot|sql
Udhav Malhotra 8949,frontend_developer,Intern,full,docker|git|react
Ananya Kaur 8950,devops_engineer,Senior,full,ci/cd|cloud|docker|git|java|kubernetes|linux
Arjun Desai 8951,data_engineer,Senior,mixed,cloud|docker|java|postgresql|python|sql
Trisha Menon 8952,ml_engineer,Junior,full,ci/cd|machine learning|mongodb|pytorch|scikit-learn|tensorflow
Darshan Nair 8953,data_scientist,Junior,full,data analysis|machine learning|power bi|python|statistics
Aarav Kulkarni 8954,nlp_engineer,Mid,full,artificial intelligence|cloud|deep learning|natural language processing|python|text classification
Divya Balan 8955,data_analyst,Senior,full,data analysis|excel|power bi|sql|statistics|tableau
Ravi Patel 8956,backend_developer,Junior,mixed,docker|java|kubernetes|linux|mongodb|rest api|spring boot|sql
Rhea Subramanian 8957,frontend_developer,Junior,abbr,docker|git|javascript|react|sql
Priya Gupta 8958,devops_engineer,Mid,mixed,ci/cd|cloud|docker|git|java|kubernetes|linux|postgresql
Trisha Kumar 8959,data_engineer,Intern,full,ci/cd|cloud|docker|sql
Varun Malhotra 8960,ml_engineer,Mid,full,cloud|machine learning|python|pytorch|scikit-learn|sql|statistics|tensorflow
Ganesh Jain 8961,data_scientist,Mid,mixed,data analysis|machine learning|pandas|python|sql
Qamar Desai 8962,nlp_engineer,Intern,abbr,artificial intelligence|cloud|deep learning|natural language processing|pandas|python
Neha Shetty 8963,data_analyst,Senior,abbr,data analysis|excel|power bi|python|sql|tableau
Udhav Kumar 8964,backend_developer,Mid,full,java|postgresql|rest api|sql
Darshan Dubey 8965,frontend_developer,Senior,mixed,docker|git|html/css|javascript|react|rest api
Sahana Varma 8966,devops_engineer,Junior,mixed,ci/cd|cloud|docker|kubernetes|postgresql
Sanjay Nair 8967,data_engineer,Mid,mixed,cloud|docker|mongodb|pandas|python|scikit-learn|sql|tensorflow
Rhea Patel 8968,ml_engineer,Junior,abbr,ci/cd|deep learning|kubernetes|machine learning|pandas|pytorch|scikit-learn
Rohan Nair 8969,data_scientist,Senior,full,data analysis|deep learning|machine learning|pandas|python|sql|statistics
Sahana Chopra 8970,nlp_engineer,Junior,mixed,deep learning|excel|natural language processing|power bi|python|text classification
Aniket Singh 8971,data_analyst,Senior,abbr,data analysis|excel|git|pandas|power bi|sql|tableau
Priya Sharma 8972,backend_developer,Senior,abbr,java|kubernetes|linux|mongodb|postgresql|python|rest api|spring boot|sql
Kabir Kapoor 8973,frontend_developer,Junior,abbr,git|html/css|react|sql
Rhea Naidu 8974,devops_engineer,Senior,mixed,ci/cd|cloud|docker|kubernetes|linux
Esha Chandran 8975,data_engineer,Mid,mixed,cloud|docker|kubernetes|pandas|postgresql|sql
Ramya Krishnan 8976,ml_engineer,Senior,abbr,cloud|deep learning|machine learning|pandas|python|pytorch|scikit-learn|statistics|tensorflow
Yamini Rao 8977,data_scientist,Mid,mixed,cloud|data analysis|deep learning|machine learning|pandas|power bi|python|scikit-learn|sql
Ramya Mehta 8978,nlp_engineer,Intern,mixed,artificial intelligence|deep learning|machine learning|natural language processing|text classification
Yash Chandran 8979,data_analyst,Mid,mixed,data analysis|excel|postgresql|python|sql|tableau
Sameer Varma 8980,backend_developer,Junior,full,docker|linux|postgresql|python|rest api|spring boot|sql
Ramya Desai 8981,frontend_developer,Senior,abbr,git|html/css|javascript|numpy|react|scikit-learn
Ganesh Gupta 8982,devops_engineer,Junior,mixed,ci/cd|cloud|docker|git|kubernetes|python
Rohan Singh 8983,data_engineer,Intern,abbr,cloud|docker|pandas|sql
Yash Venkatesh 8984,ml_engineer,Junior,abbr,cloud|deep learning|natural language processing|numpy|pytorch|scikit-learn|tensorflow
Farhan Desai 8985,data_scientist,Senior,abbr,data analysis|machine learning|pandas|power bi|python|sql|statistics|tableau
Sonal Dubey 8986,nlp_engineer,Junior,abbr,deep learning|natural language processing|python|pytorch|scikit-learn
Farhan Verma 8987,data_analyst,Senior,mixed,data analysis|excel|pandas|postgresql|power bi|sql|tableau
Dhruv Agarwal 8988,backend_developer,Mid,full,java|linux|rest api|spring boot|sql
Lalita Kaur 8989,frontend_developer,Intern,full,deep learning|git|pytorch|react
Darshan Deshpande 8990,devops_engineer,Intern,abbr,cloud|docker|linux|postgresql
Bhavna Agarwal 8991,data_engineer,Intern,mixed,cloud|docker|sql
Parvati Krishnan 8992,ml_engineer,Junior,full,java|machine learning|natural language processing|python|rest api|scikit-learn|statistics|tensorflow
Kavya Rao 8993,data_scientist,Intern,abbr,data analysis|git|machine learning|python|rest api
Rajesh Chopra 8994,nlp_engineer,Junior,abbr,deep learning|natural language processing|python|text classification
Tanvi Kaur 8995,data_analyst,Senior,mixed,data analysis|excel|power bi|sql|tableau
Rhea Kaur 8996,backend_developer,Intern,mixed,linux|postgresql|rest api|spring boot
Indira Tiwari 8997,frontend_developer,Junior,mixed,cloud|git|html/css|javascript|rest api
Parvati Malhotra 8998,devops_engineer,Intern,full,ci/cd|cloud|linux|python
Jaya Kulkarni 8999,data_engineer,Mid,abbr,ci/cd|cloud|docker|kubernetes|mongodb|pandas|postgresql|sql
Tanvi Kapoor 9000,ml_engineer,Intern,abbr,computer vision|deep learning|git|machine learning|numpy|pytorch
Ramya Verma 9001,data_scientist,Junior,full,data analysis|machine learning|power bi|pytorch|scikit-learn|sql|statistics
Tanvi Joshi,nlp_engineer,Senior,abbr,deep learning|docker|natural language processing|numpy|python|pytorch|text classification
Pranav Verma 9003,data_analyst,Senior,full,cloud|data analysis|docker|excel|pandas|power bi|sql|statistics|tableau
Darshan Dubey 9004,backend_developer,Intern,mixed,cloud|postgresql|spring boot|sql
Aniket Sharma 9005,frontend_developer,Senior,mixed,git|html/css|javascript|react
Aarav Kapoor 9006,devops_engineer,Mid,abbr,ci/cd|cloud|git|kubernetes|linux
Abhay Sharma 9007,data_engineer,Mid,abbr,ci/cd|cloud|docker|linux|machine learning|mongodb|postgresql|python
Madhav Kulkarni,ml_engineer,Intern,abbr,cloud|deep learning|docker|python|sql|tensorflow
Shreya Prasad 9009,data_scientist,Junior,full,data analysis|numpy|python|sql|statistics|text classification
Charu Dubey,nlp_engineer,Intern,mixed,cloud|deep learning|javascript|machine learning|natural language processing|text classification
Tanvi Jain 9011,data_analyst,Senior,mixed,data analysis|excel|pandas|power bi|python|sql|tableau
Uma Malhotra 9012,backend_developer,Senior,abbr,java|postgresql|rest api|spring boot|sql
Pallavi Venkatesh 9013,frontend_developer,Intern,mixed,html/css|react
Harini Saxena 9014,devops_engineer,Mid,full,ci/cd|cloud|docker|kubernetes
Tarun Balan 9015,data_engineer,Intern,mixed,docker|linux|postgresql|python
Aditi Krishnan 9016,ml_engineer,Mid,mixed,machine learning|numpy|pandas|python|pytorch|scikit-learn|sql|tensorflow
Yamini Malhotra 9017,data_scientist,Intern,abbr,machine learning|python|statistics
Kabir Mehta 9018,nlp_engineer,Junior,full,artificial intelligence|cloud|deep learning|natural language processing|python|text classification
Indira Bhatt 9019,data_analyst,Mid,mixed,data analysis|pandas|power bi|sql|statistics|tableau
Pooja Raghavan 9020,backend_developer,Mid,mixed,docker|java|postgresql|spring boot|sql
Ritu Tiwari 9021,frontend_developer,Junior,full,git|html/css|natural language processing|react
Parvati Patel 9022,devops_engineer,Senior,mixed,ci/cd|cloud|docker|git|kubernetes|linux
Shreya Chopra 9023,data_engineer,Intern,mixed,cloud|postgresql|python
Trisha Kumar 9024,ml_engineer,Senior,mixed,computer vision|deep learning|javascript|machine learning|node.js|python|pytorch|scikit-learn|tensorflow
Bhargav Malhotra 9025,data_scientist,Intern,full,pandas|python|statistics
Ramya Raghavan 9026,nlp_engineer,Junior,full,cloud|deep learning|machine learning|python|pytorch|scikit-learn|text classification
Darshan Iyer 9027,data_analyst,Junior,abbr,data analysis|excel|pandas|power bi|tableau
Vinay Gupta 9028,backend_developer,Senior,full,java|kubernetes|mongodb|postgresql|rest api|spring boot|sql
Deepa Shetty 9029,frontend_developer,Junior,abbr,git|html/css|javascript|machine learning|scikit-learn
Arjun Tiwari 9030,devops_engineer,Intern,abbr,cloud|computer vision|kubernetes|linux|postgresql
Qamar Shetty 9031,data_engineer,Junior,mixed,cloud|docker|postgresql|sql
Rajesh Dubey 9032,ml_engineer,Intern,mixed,cloud|deep learning|docker|python|scikit-learn|sql|tensorflow
Jaya Krishnan 9033,data_scientist,Junior,mixed,data analysis|machine learning|python|statistics
Madhav Hegde 9034,nlp_engineer,Intern,abbr,cloud|deep learning|natural language processing|numpy|pytorch|text classification
Pooja Pillai 9035,data_analyst,Intern,mixed,data analysis|kubernetes|postgresql|power bi|python|sql
Vidya Bhatt 9036,backend_developer,Mid,mixed,java|kubernetes|postgresql|rest api|sql
Divya Kapoor 9037,frontend_developer,Intern,abbr,html/css|react
Kabir Iyer 9038,devops_engineer,Intern,abbr,docker|kubernetes|linux
Divya Agarwal 9039,data_engineer,Senior,full,cloud|docker|postgresql|python|sql
Omkar Chandran 9040,ml_engineer,Intern,mixed,machine learning|pytorch|statistics|tensorflow
Omkar Desai 9041,data_scientist,Intern,abbr,python|sql|statistics
Arjun Agarwal 9042,nlp_engineer,Senior,mixed,cloud|deep learning|docker|natural language processing|python|pytorch|text classification
Jatin Subramanian 9043,data_analyst,Mid,mixed,data analysis|excel|sql|statistics|tableau
Sonal Kaur 9044,backend_developer,Junior,abbr,java|mongodb|postgresql|rest api|sql
Anjali Hegde 9045,frontend_developer,Junior,abbr,git|html/css|javascript
Pallavi Sharma,devops_engineer,Junior,abbr,ci/cd|cloud|docker|linux|python
Charu Mehta 9047,data_engineer,Senior,mixed,cloud|docker|kubernetes|linux|mongodb|postgresql|python|sql
Esha Dubey 9048,ml_engineer,Mid,mixed,computer vision|deep learning|excel|pandas|python|pytorch|scikit-learn|tensorflow
Pooja Bhatt 9049,data_scientist,Junior,mixed,data analysis|deep learning|docker|natural language processing|numpy|pandas|python|statistics|tableau
Lalita Krishnan 9050,nlp_engineer,Mid,mixed,docker|kubernetes|natural language processing|python|pytorch|text classification
Ishaan Deshpande 9051,data_analyst,Mid,abbr,data analysis|excel|python|sql|statistics|tableau
Charu Agarwal 9052,backend_developer,Intern,abbr,java|power bi|rest api|sql
Vikram Gupta 9053,frontend_developer,Intern,full,git|html/css
Rakesh Desai 9054,devops_engineer,Junior,full,ci/cd|computer vision|docker|kubernetes|linux|natural language processing
Siddharth Verma 9055,data_engineer,Junior,full,artificial intelligence|cloud|docker|linux|postgresql|sql
Charu Shetty,ml_engineer,Senior,mixed,cloud|deep learning|machine learning|natural language processing|power bi|python|pytorch|scikit-learn|tensorflow
Sneha Agarwal 9057,data_scientist,Junior,mixed,data analysis|numpy|python|sql|statistics|tableau
Parvati Desai 9058,nlp_engineer,Senior,full,cloud|deep learning|machine learning|natural language processing|numpy|python|pytorch|scikit-learn|text classification
Aarav Saxena 9059,data_analyst,Junior,full,data analysis|excel|sql|tableau
Indira Rao 9060,backend_developer,Intern,mixed,docker|git|java|kubernetes|postgresql|sql
Suresh Venkatesh 9061,frontend_developer,Intern,mixed,excel|javascript|node.js|react
Chetan Malhotra 9062,devops_engineer,Mid,mixed,cloud|docker|kubernetes|linux
Ravi Reddy 9063,data_engineer,Senior,mixed,cloud|docker|linux|mongodb|pandas|postgresql|python|sql
Charu Prasad 9064,ml_engineer,Junior,mixed,cloud|computer vision|machine learning|pytorch|scikit-learn|statistics|tensorflow
Akash Prasad 9065,data_scientist,Senior,full,data analysis|java|machine learning|pandas|postgresql|python|sql|statistics
Ishaan Venkatesh 9066,nlp_engineer,Intern,mixed,artificial intelligence|deep learning|python|pytorch
Ananya Agarwal 9067,data_analyst,Senior,mixed,data analysis|excel|pandas|postgresql|power bi|sql|tableau
Charu Gupta 9068,backend_developer,Mid,mixed,ci/cd|java|linux|mongodb|rest api|spring boot|sql
Varun Tiwari 9069,frontend_developer,Junior,mixed,computer vision|git|javascript|react
Nandini Mehta 9070,devops_engineer,Mid,abbr,ci/cd|cloud|docker|linux|natural language processing|python
Swathi Sharma 9071,data_engineer,Junior,mixed,docker|postgresql|python|sql
Madhav Ghosh,ml_engineer,Junior,full,cloud|deep learning|docker|python|pytorch|scikit-learn|sql|tensorflow
Pallavi Kapoor 9073,data_scientist,Senior,full,cloud|data analysis|machine learning|numpy|pandas|power bi|python|scikit-learn|sql|statistics
Pallavi Agarwal 9074,nlp_engineer,Senior,mixed,cloud|deep learning|machine learning|natural language processing|numpy|python|pytorch|scikit-learn|text classification
Rohan Hegde 9075,data_analyst,Senior,mixed,data analysis|excel|power bi|python|sql|statistics|tableau
Rhea Malhotra 9076,backend_developer,Junior,full,git|postgresql|python|rest api|spring boot|sql
Akash Raghavan 9077,frontend_developer,Mid,abbr,git|html/css|node.js|postgresql|react
Omkar Gupta 9078,devops_engineer,Junior,full,ci/cd|cloud|deep learning|docker|linux|statistics
Pooja Ghosh 9079,data_engineer,Senior,mixed,cloud|data analysis|docker|kubernetes|machine learning|mongodb|postgresql|python|sql
Parvati Kapoor 9080,ml_engineer,Senior,full,computer vision|deep learning|machine learning|pandas|python|pytorch|scikit-learn|tensorflow
Yash Rao 9081,data_scientist,Junior,full,data analysis|deep learning|machine learning|pandas|sql
Nandini Venkatesh 9082,nlp_engineer,Mid,abbr,cloud|deep learning|machine learning|pandas|python|pytorch|tensorflow|text classification
Abhay Naidu 9083,data_analyst,Intern,full,git|power bi|sql|tableau
Aditi Varma 9084,backend_developer,Mid,full,git|html/css|java|kubernetes|linux|python|rest api|spring boot|sql
Dhruv Rao 9085,frontend_developer,Mid,full,git|html/css|react
Aditi Tiwari 9086,devops_engineer,Mid,full,cloud|docker|git|java|kubernetes|linux
Hema Rao 9087,data_engineer,Junior,abbr,cloud|docker|postgresql|python
Bhavna Mehta 9088,ml_engineer,Intern,mixed,cloud|python|scikit-learn|tensorflow
Siddharth Hegde 9089,data_scientist,Mid,abbr,data analysis|docker|machine learning|pandas|power bi|rest api|scikit-learn|sql|statistics|text classification
Ritu Reddy 9090,nlp_engineer,Intern,abbr,cloud|mongodb|python|pytorch|rest api|text classification
Rahul Tiwari 9091,data_analyst,Intern,full,excel|sql|tableau
Sonal Bhatt 9092,backend_developer,Junior,full,docker|git|java|kubernetes|rest api|spring boot|sql
Bhavna Kumar 9093,frontend_developer,Senior,mixed,git|html/css|javascript|react
Sonal Prasad 9094,devops_engineer,Intern,abbr,ci/cd|cloud|docker|postgresql
Rajesh Bhatt 9095,data_engineer,Mid,full,cloud|docker|mongodb|python|sql
Ganesh Varma 9096,ml_engineer,Junior,abbr,cloud|deep learning|java|linux|numpy|python|pytorch|scikit-learn|statistics
Ananya Naidu 9097,data_scientist,Intern,mixed,data analysis|javascript|sql|statistics|text classification
Uma Kapoor 9098,nlp_engineer,Intern,mixed,natural language processing|power bi|python|pytorch
Rajesh Reddy 9099,data_analyst,Junior,full,data analysis|excel|sql|tableau
Esha Saxena 9100,backend_developer,Intern,full,git|linux|postgresql|rest api|sql
Anjali Naidu 9101,frontend_developer,Mid,full,html/css|javascript|react|rest api
Rohan Ghosh 9102,devops_engineer,Junior,mixed,ci/cd|docker|kubernetes|linux
Harini Balan,data_engineer,Senior,abbr,cloud|docker|kubernetes|linux|postgresql|python|sql
Manish Desai,ml_engineer,Junior,full,machine learning|python|pytorch|scikit-learn
Yamini Kulkarni 9105,data_scientist,Mid,abbr,data analysis|deep learning|machine learning|pandas|python|statistics
Aarav Subramanian,nlp_engineer,Mid,mixed,data analysis|deep learning|python|pytorch|statistics|text classification
Rakesh Balan 9107,data_analyst,Senior,mixed,data analysis|excel|java|postgresql|power bi|sql|tableau
Aditi Prasad 9108,backend_developer,Senior,abbr,docker|java|postgresql|rest api|spring boot|sql
Varun Jain 9109,frontend_developer,Intern,abbr,javascript|react
Tarun Naidu,devops_engineer,Senior,abbr,ci/cd|cloud|docker|kubernetes|linux
Swathi Mehta,data_engineer,Senior,mixed,ci/cd|cloud|docker|mongodb|postgresql|python|sql
Ganesh Sharma 9112,ml_engineer,Mid,abbr,deep learning|docker|machine learning|python|pytorch|tensorflow
Nandini Jain 9113,data_scientist,Mid,abbr,data analysis|machine learning|pandas|python|statistics
Anjali Iyer 9114,nlp_engineer,Mid,full,cloud|deep learning|pandas|python|pytorch|text classification
Shreya Nair 9115,data_analyst,Intern,abbr,power bi|sql|tableau
Ananya Joshi 9116,backend_developer,Intern,abbr,git|html/css|rest api|spring boot|sql
Divya Subramanian 9117,frontend_developer,Junior,full,docker|git|javascript|react
Naveen Agarwal 9118,devops_engineer,Junior,mixed,cloud|docker|java|kubernetes|linux
Zoya Deshpande 9119,data_engineer,Intern,abbr,cloud|mongodb|natural language processing|python|sql
Parvati Malhotra 9120,ml_engineer,Junior,abbr,docker|machine learning|numpy|pandas|postgresql|python|scikit-learn|tensorflow
Pranav Ghosh 9121,data_scientist,Senior,full,cloud|data analysis|deep learning|html/css|machine learning|pandas|python|sql|statistics
Charu Raghavan 9122,nlp_engineer,Intern,full,docker|python|pytorch|scikit-learn|spring boot|text classification
Sneha Kapoor 9123,data_analyst,Junior,mixed,data analysis|excel|pandas|sql|tableau
Omkar Subramanian 9124,backend_developer,Mid,abbr,java|linux|mongodb|node.js|python|react|rest api|spring boot|sql
Charu Nair 9125,frontend_developer,Junior,abbr,git|html/css|javascript|rest api
Madhav Chopra,devops_engineer,Intern,full,ci/cd|cloud|deep learning|docker|kubernetes|postgresql
Bhargav Patel 9127,data_engineer,Mid,full,cloud|docker|kubernetes|linux|python|sql
Sanjay Tiwari 9128,ml_engineer,Senior,abbr,cloud|computer vision|deep learning|docker|machine learning|python|pytorch|scikit-learn|sql|statistics|tensorflow
Vinay Dubey 9129,data_scientist,Senior,abbr,data analysis|machine learning|numpy|pandas|python|scikit-learn|sql|statistics
Sneha Kapoor 9130,nlp_engineer,Intern,mixed,deep learning|machine learning|natural language processing|text classification
Suresh Bhatt 9131,data_analyst,Junior,mixed,data analysis|excel|pandas|python|scikit-learn|sql|tableau|text classification
Vinay Mehta 9132,backend_developer,Mid,abbr,docker|java|natural language processing|numpy|postgresql|python|rest api|sql
Bhavna Verma 9133,frontend_developer,Intern,abbr,git|linux|node.js|react
Sonal Rao 9134,devops_engineer,Junior,full,cloud|docker|java|kubernetes|linux
Sameer Rao 9135,data_engineer,Senior,full,cloud|docker|postgresql|python|sql
Priya Sharma 9136,ml_engineer,Mid,mixed,deep learning|python|pytorch|scikit-learn|tensorflow
Nikhil Subramanian 9137,data_scientist,Senior,mixed,data analysis|machine learning|numpy|pandas|python|sql|statistics
Neha Tiwari 9138,nlp_engineer,Intern,abbr,deep learning|java|numpy|python|pytorch
Yash Patel 9139,data_analyst,Mid,full,data analysis|numpy|power bi|python|sql|tableau|tensorflow
Hema Ghosh 9140,backend_developer,Junior,full,cloud|docker|java|kubernetes|mongodb|rest api|spring boot|sql|statistics
Meera Rao 9141,frontend_developer,Senior,abbr,git|html/css|javascript|numpy|react|statistics
Parvati Ghosh 9142,devops_engineer,Intern,full,ci/cd|cloud|kubernetes
Lakshmi Deshpande 9143,data_engineer,Intern,mixed,docker|pandas|postgresql|sql
Rhea Reddy,ml_engineer,Junior,abbr,cloud|computer vision|deep learning|docker|python|scikit-learn|sql|tensorflow
Omkar Joshi 9145,data_scientist,Junior,abbr,artificial intelligence|machine learning|numpy|pandas|python|scikit-learn|sql|tableau
Harini Mehta 9146,nlp_engineer,Junior,full,deep learning|natural language processing|python|pytorch
Harini Pillai 9147,data_analyst,Junior,mixed,data analysis|excel|kubernetes|pandas|power bi|sql
Vikram Balan 9148,backend_developer,Mid,mixed,data analysis|java|postgresql|power bi|spring boot|sql
Farhan Saxena 9149,frontend_developer,Mid,mixed,ci/cd|git|html/css|linux|react
Madhav Varma 9150,devops_engineer,Senior,mixed,ci/cd|cloud|docker|kubernetes|linux|postgresql|python
Meera Agarwal,data_engineer,Junior,full,cloud|docker|kubernetes|python|sql
Lalita Jain 9152,ml_engineer,Intern,mixed,deep learning|mongodb|python|scikit-learn|sql
Qamar Chandran 9153,data_scientist,Junior,full,cloud|data analysis|machine learning|pandas|scikit-learn|sql|statistics
Shreya Kumar 9154,nlp_engineer,Mid,abbr,deep learning|python|pytorch|text classification
Nisha Mehta 9155,data_analyst,Mid,mixed,data analysis|pandas|power bi|python|sql|tableau
Darshan Kulkarni 9156,backend_developer,Junior,abbr,ci/cd|java|kubernetes|linux|mongodb|postgresql|rest api|spring boot
Rohan Dubey 9157,frontend_developer,Senior,mixed,git|html/css|javascript|node.js|react|rest api
Charu Deshpande 9158,devops_engineer,Mid,abbr,cloud|docker|git|java|kubernetes|linux
Lalita Saxena 9159,data_engineer,Mid,mixed,ci/cd|cloud|docker|mongodb|pandas|python|sql
Naveen Deshpande 9160,ml_engineer,Intern,full,machine learning|numpy|pandas|python|sql|tensorflow
Hema Agarwal 9161,data_scientist,Senior,mixed,data analysis|machine learning|pandas|power bi|python|sql|statistics
Manish Ghosh 9162,nlp_engineer,Intern,abbr,machine learning|natural language processing|python|text classification
Lakshmi Singh,data_analyst,Mid,full,data analysis|excel|sql|tableau
Shreya Chopra 9164,backend_developer,Mid,mixed,java|kubernetes|postgresql|spring boot|sql
Swathi Patel 9165,frontend_developer,Senior,abbr,docker|git|html/css|javascript|node.js|react
Anjali Sharma 9166,devops_engineer,Junior,full,ci/cd|cloud|docker|kubernetes|linux
Jaya Singh 9167,data_engineer,Intern,mixed,docker|postgresql|sql
Nisha Kulkarni 9168,ml_engineer,Senior,mixed,computer vision|deep learning|docker|machine learning|numpy|python|pytorch|scikit-learn|tensorflow
Naveen Dubey 9169,data_scientist,Junior,mixed,ci/cd|data analysis|deep learning|mongodb|pandas|python|statistics|tableau
Rahul Verma 9170,nlp_engineer,Intern,mixed,natural language processing|pandas|python|text classification
Bhavna Pillai 9171,data_analyst,Senior,abbr,data analysis|excel|power bi|sql|tableau
Rahul Kaur 9172,backend_developer,Intern,mixed,postgresql|spring boot|sql|statistics|tensorflow
Dhruv Kulkarni 9173,frontend_developer,Intern,full,git|react
Aditi Kapoor 9174,devops_engineer,Intern,full,ci/cd|cloud|docker|postgresql
Suresh Singh 9175,data_engineer,Senior,abbr,cloud|docker|mongodb|postgresql|python|sql
Manish Rao 9176,ml_engineer,Senior,full,computer vision|deep learning|machine learning|natural language processing|pandas|python|pytorch|scikit-learn|sql|tensorflow
Trisha Hegde 9177,data_scientist,Junior,full,data analysis|machine learning|sql|statistics
Sneha Menon 9178,nlp_engineer,Junior,full,artificial intelligence|deep learning|natural language processing|pytorch|scikit-learn|text classification
Anjali Joshi 9179,data_analyst,Senior,abbr,data analysis|excel|pandas|postgresql|power bi|sql|tableau
Rahul Pillai 9180,backend_developer,Junior,abbr,docker|java|javascript|linux|postgresql|rest api|spring boot
Lakshmi Prasad 9181,frontend_developer,Intern,abbr,docker|html/css|javascript|node.js
Rakesh Nair 9182,devops_engineer,Junior,mixed,cloud|docker|kubernetes|linux|python|text classification
Bhargav Singh 9183,data_engineer,Junior,mixed,cloud|docker|postgresql|pytorch|sql
Siddharth Deshpande 9184,ml_engineer,Intern,mixed,deep learning|machine learning|tensorflow
Vidya Nair 9185,data_scientist,Mid,full,cloud|data analysis|machine learning|numpy|pandas|python|sql|statistics|tableau
Ramya Tiwari 9186,nlp_engineer,Junior,mixed,deep learning|natural language processing|python|sql|text classification
Vikram Prasad 9187,data_analyst,Mid,abbr,data analysis|excel|pandas|power bi|sql
Manish Sharma 9188,backend_developer,Senior,full,docker|java|linux|machine learning|postgresql|python|rest api|spring boot|sql|tableau
Sanjay Sharma 9189,frontend_developer,Intern,abbr,docker|html/css|react
Uma Ghosh 9190,devops_engineer,Senior,mixed,ci/cd|cloud|docker|git|java|kubernetes|linux
Darshan Gupta 9191,data_engineer,Mid,mixed,cloud|docker|kubernetes|postgresql|python
Nikhil Patel 9192,ml_engineer,Mid,full,computer vision|html/css|machine learning|natural language processing|python|pytorch|scikit-learn|tensorflow
Nisha Menon 9193,data_scientist,Senior,mixed,data analysis|docker|machine learning|pandas|python|sql|statistics|text classification
Lakshmi Shetty 9194,nlp_engineer,Senior,abbr,artificial intelligence|cloud|deep learning|machine learning|natural language processing|python|pytorch|scikit-learn|text classification
Sneha Pillai 9195,data_analyst,Intern,mixed,data analysis|power bi|statistics|tableau
Lalita Hegde 9196,backend_developer,Mid,mixed,git|kubernetes|postgresql|rest api|spring boot|sql
Esha Ghosh 9197,frontend_developer,Intern,abbr,git|javascript|statistics
Vidya Singh 9198,devops_engineer,Mid,abbr,ci/cd|cloud|docker|java|linux
Arjun Malhotra 9199,data_engineer,Intern,full,docker|linux|mongodb|postgresql|python
Jatin Kapoor 9200,ml_engineer,Intern,mixed,cloud|docker|pandas|python|scikit-learn|tensorflow
Harini Malhotra,data_scientist,Intern,mixed,data analysis|pandas|power bi|scikit-learn|sql
Varun Bhatt 9202,nlp_engineer,Intern,abbr,artificial intelligence|deep learning|machine learning|python|text classification
Priya Raghavan 9203,data_analyst,Junior,full,data analysis|excel|numpy|power bi|python|tableau
Deepa Nambiar 9204,backend_developer,Mid,mixed,deep learning|docker|git|java|linux|postgresql|rest api|spring boot
Sonal Kumar 9205,frontend_developer,Senior,abbr,git|html/css|javascript|react|rest api
Dhruv Hegde 9206,devops_engineer,Intern,mixed,cloud|docker|kubernetes|postgresql
Darshan Agarwal 9207,data_engineer,Junior,abbr,cloud|docker|python|sql
Nisha Hegde 9208,ml_engineer,Intern,abbr,cloud|deep learning|python|rest api|tensorflow
Neha Kapoor 9209,data_scientist,Mid,abbr,data analysis|node.js|pandas|python|sql|statistics
Aniket Bhatt 9210,nlp_engineer,Junior,full,artificial intelligence|cloud|deep learning|docker|machine learning|natural language processing|python|pytorch
Shreya Chandran 9211,data_analyst,Senior,abbr,data analysis|excel|power bi|sql|tableau
Sanjay Venkatesh 9212,backend_developer,Mid,mixed,computer vision|java|kubernetes|postgresql|rest api|spring boot
Shreya Agarwal 9213,frontend_developer,Mid,abbr,html/css|javascript|node.js|react
Rohan Patel 9214,devops_engineer,Mid,abbr,ci/cd|cloud|kubernetes|linux|python
Sahana Nambiar 9215,data_engineer,Senior,mixed,cloud|docker|machine learning|postgresql|python|sql
Anjali Venkatesh 9216,ml_engineer,Senior,mixed,deep learning|machine learning|numpy|postgresql|python|pytorch|scikit-learn|tensorflow
Charu Malhotra 9217,data_scientist,Mid,mixed,data analysis|machine learning|numpy|pandas|python|scikit-learn|sql|text classification
Vinay Raghavan 9218,nlp_engineer,Intern,abbr,deep learning|python|pytorch
Suresh Kapoor 9219,data_analyst,Mid,full,data analysis|excel|linux|postgresql|power bi|python|tableau
Neha Chandran 9220,backend_developer,Mid,mixed,git|java|linux|machine learning|postgresql|python|spring boot|sql
Ananya Reddy 9221,frontend_developer,Junior,mixed,git|html/css|react|rest api
Sneha Nair 9222,devops_engineer,Senior,mixed,ci/cd|cloud|docker|kubernetes|linux
Dhruv Pillai 9223,data_engineer,Junior,abbr,cloud|docker|machine learning|mongodb|postgresql|sql
Hema Rao 9224,ml_engineer,Intern,full,cloud|linux|machine learning|pytorch|tensorflow
Kabir Varma 9225,data_scientist,Junior,mixed,data analysis|machine learning|node.js|numpy|sql|statistics|tableau|text classification
Qamar Chopra 9226,nlp_engineer,Junior,mixed,natural language processing|python|pytorch|text classification
Rohan Tiwari 9227,data_analyst,Intern,mixed,data analysis|excel|power bi
Siddharth Joshi 9228,backend_developer,Junior,full,kubernetes|linux|postgresql|rest api|spring boot|sql
Madhav Bhatt 9229,frontend_developer,Junior,full,html/css|javascript|node.js|react|sql
Neha Kulkarni 9230,devops_engineer,Intern,mixed,docker|java|kubernetes|linux
Indira Kulkarni 9231,data_engineer,Intern,mixed,cloud|postgresql|sql
Neha Kapoor 9232,ml_engineer,Senior,mixed,deep learning|machine learning|node.js|numpy|python|pytorch|scikit-learn|statistics|tensorflow
Suresh Kulkarni 9233,data_scientist,Junior,full,data analysis|numpy|pandas|power bi|sql|statistics
Abhay Subramanian 9234,nlp_engineer,Intern,mixed,cloud|deep learning|pytorch|text classification
Rakesh Subramanian 9235,data_analyst,Junior,mixed,data analysis|excel|machine learning|power bi|statistics|tableau
Harini Pillai 9236,backend_developer,Intern,abbr,mongodb|python|rest api|spring boot|sql
Sameer Kulkarni 9237,frontend_developer,Junior,mixed,git|html/css|javascript
Anjali Menon 9238,devops_engineer,Junior,full,ci/cd|cloud|kubernetes|linux|numpy
Vinay Venkatesh 9239,data_engineer,Intern,mixed,kubernetes|mongodb|postgresql|python|sql
Suresh Iyer 9240,ml_engineer,Junior,full,computer vision|machine learning|python|scikit-learn|statistics|tensorflow
Trisha Kumar 9241,data_scientist,Senior,mixed,data analysis|machine learning|pandas|python|sql|statistics
Charu Iyer 9242,nlp_engineer,Junior,abbr,cloud|deep learning|docker|natural language processing|python|pytorch|scikit-learn
Rajesh Gupta 9243,data_analyst,Junior,full,data analysis|excel|postgresql|power bi|sql
Vidya Naidu 9244,backend_developer,Intern,mixed,docker|git|java|kubernetes|linux|postgresql|sql
Vidya Reddy 9245,frontend_developer,Mid,abbr,html/css|javascript|react
Parvati Iyer 9246,devops_engineer,Junior,mixed,ci/cd|cloud|docker|linux|postgresql|python
Akash Verma 9247,data_engineer,Senior,abbr,cloud|docker|kubernetes|pandas|postgresql|python|sql
Sahana Gupta 9248,ml_engineer,Junior,mixed,computer vision|deep learning|pandas|pytorch|scikit-learn|sql|tensorflow
Hema Shetty 9249,data_scientist,Mid,mixed,ci/cd|data analysis|machine learning|pandas|python|statistics
Indira Kapoor 9250,nlp_engineer,Junior,full,cloud|deep learning|linux|numpy|python|pytorch|scikit-learn|text classification
Naveen Menon 9251,data_analyst,Senior,abbr,data analysis|excel|postgresql|power bi|sql|statistics|tableau
Mohit Desai,backend_developer,Senior,mixed,docker|html/css|java|postgresql|python|rest api|spring boot|sql
Sameer Nambiar 9253,frontend_developer,Junior,mixed,git|javascript|react
Arjun Chandran 9254,devops_engineer,Junior,abbr,ci/cd|cloud|docker|kubernetes
Omkar Joshi 9255,data_engineer,Senior,abbr,ci/cd|cloud|docker|linux|natural language processing|postgresql|python|sql|statistics
Madhav Dubey 9256,ml_engineer,Senior,mixed,cloud|computer vision|deep learning|machine learning|numpy|python|pytorch|scikit-learn|sql|statistics|tensorflow
Ganesh Kumar 9257,data_scientist,Mid,abbr,cloud|machine learning|numpy|pandas|python|sql|statistics|tableau
Dhruv Iyer 9258,nlp_engineer,Senior,mixed,artificial intelligence|deep learning|docker|natural language processing|python|pytorch|text classification
Esha Kaur 9259,data_analyst,Junior,abbr,data analysis|excel|pandas|sql|tableau
Charu Saxena,backend_developer,Junior,mixed,java|postgresql|rest api|sql
Bhavna Nair 9261,frontend_developer,Mid,full,git|javascript|node.js|react
Kiran Mehta 9262,devops_engineer,Senior,mixed,ci/cd|cloud|docker|kubernetes|linux|postgresql
Bhavna Nair 9263,data_engineer,Senior,mixed,ci/cd|cloud|docker|kubernetes|postgresql|python|sql
Nikhil Iyer 9264,ml_engineer,Mid,mixed,computer vision|deep learning|machine learning|natural language processing|python|scikit-learn|sql|statistics|tensorflow
Nandini Mehta 9265,data_scientist,Intern,full,pandas|python|statistics
Vidya Agarwal 9266,nlp_engineer,Junior,abbr,deep learning|natural language processing|numpy|python|pytorch|tableau
Ritu Hegde 9267,data_analyst,Mid,full,data analysis|docker|excel|power bi|tableau
Suresh Jain 9268,backend_developer,Intern,mixed,java|kubernetes|linux|postgresql|scikit-learn|spring boot
Ananya Saxena 9269,frontend_developer,Mid,mixed,git|html/css|javascript|node.js|postgresql
Priya Joshi 9270,devops_engineer,Junior,abbr,ci/cd|cloud|docker|git|kubernetes|linux
Divya Gupta 9271,data_engineer,Senior,abbr,cloud|docker|kubernetes|postgresql|python|sql
Yamini Jain 9272,ml_engineer,Junior,mixed,machine learning|python|pytorch|rest api|scikit-learn
Sahana Kapoor 9273,data_scientist,Mid,mixed,cloud|data analysis|machine learning|numpy|pandas|power bi|python|scikit-learn|statistics
Mohit Jain 9274,nlp_engineer,Senior,full,cloud|deep learning|docker|machine learning|natural language processing|python|pytorch|scikit-learn|text classification
Vikram Chopra 9275,data_analyst,Senior,full,data analysis|excel|power bi|sql|tableau
Vinay Deshpande 9276,backend_developer,Senior,full,docker|java|postgresql|rest api|spring boot|sql
Suresh Malhotra 9277,frontend_developer,Senior,mixed,docker|git|html/css|javascript|react|rest api
Rahul Nair 9278,devops_engineer,Intern,abbr,ci/cd|kubernetes|linux|python
Meera Tiwari 9279,data_engineer,Junior,full,docker|pandas|postgresql|python|sql|tableau
Tanvi Reddy 9280,ml_engineer,Mid,mixed,cloud|deep learning|machine learning|natural language processing|python|pytorch|scikit-learn|sql
Akash Hegde 9281,data_scientist,Senior,abbr,data analysis|machine learning|pandas|power bi|python|sql|statistics|tableau
Sameer Ghosh 9282,nlp_engineer,Senior,abbr,artificial intelligence|deep learning|machine learning|natural language processing|python|pytorch|text classification
Madhav Venkatesh 9283,data_analyst,Junior,abbr,data analysis|excel|machine learning|power bi|python|sql
Gaurav Patel 9284,backend_developer,Senior,abbr,java|postgresql|rest api|spring boot|sql
Rahul Varma 9285,frontend_developer,Junior,mixed,data analysis|git|html/css|react|tableau
Gaurav Ghosh 9286,devops_engineer,Junior,mixed,ci/cd|cloud|docker|javascript|linux
Uma Patel 9287,data_engineer,Intern,abbr,cloud|git|postgresql|python
Kabir Pillai 9288,ml_engineer,Junior,mixed,machine learning|postgresql|python|pytorch|scikit-learn
Sameer Deshpande 9289,data_scientist,Senior,abbr,data analysis|docker|machine learning|pandas|python|sql|statistics|tableau|text classification
Bhargav Krishnan 9290,nlp_engineer,Senior,abbr,deep learning|mongodb|natural language processing|python|pytorch|scikit-learn|sql|text classification
Harini Malhotra 9291,data_analyst,Senior,full,data analysis|excel|postgresql|power bi|sql|statistics|tableau
Nisha Kapoor,backend_developer,Senior,full,docker|java|linux|mongodb|postgresql|python|rest api|spring boot|sql
Esha Reddy 9293,frontend_developer,Mid,mixed,git|html/css|javascript
Chetan Joshi 9294,devops_engineer,Junior,full,ci/cd|cloud|git|kubernetes|linux|python
Sanjay Joshi 9295,data_engineer,Mid,mixed,cloud|docker|postgresql|sql
Dhruv Krishnan 9296,ml_engineer,Intern,full,computer vision|deep learning|numpy|pytorch|scikit-learn|sql
Jatin Hegde 9297,data_scientist,Intern,full,data analysis|pandas|python
Uma Krishnan 9298,nlp_engineer,Intern,mixed,deep learning|machine learning|natural language processing|scikit-learn|text classification
Shreya Desai 9299,data_analyst,Junior,abbr,data analysis|excel|postgresql|power bi|tableau
Vidya Jain 9300,backend_developer,Mid,abbr,docker|java|kubernetes|mongodb|rest api|spring boot|sql
Siddharth Balan 9301,frontend_developer,Mid,abbr,docker|git|html/css|node.js|react
Parvati Agarwal 9302,devops_engineer,Intern,abbr,ci/cd|cloud|kubernetes|python
Madhav Pillai 9303,data_engineer,Junior,full,cloud|docker|linux|numpy|python|sql|tensorflow
Arjun Shetty 9304,ml_engineer,Mid,full,cloud|deep learning|python|pytorch|scikit-learn|sql|tensorflow
Bhavna Kumar 9305,data_scientist,Intern,full,data analysis|machine learning|python|sql
Aarav Saxena 9306,nlp_engineer,Senior,mixed,deep learning|docker|natural language processing|numpy|python|pytorch|text classification
Ramya Hegde 9307,data_analyst,Junior,abbr,cloud|data analysis|power bi|sql|tableau
Vikram Shetty 9308,backend_developer,Senior,mixed,java|linux|postgresql|rest api|spring boot|sql
Rohan Saxena 9309,frontend_developer,Intern,abbr,git|html/css|rest api
Naveen Singh 9310,devops_engineer,Junior,mixed,ci/cd|cloud|git|kubernetes|linux|postgresql
Bhavna Ghosh 9311,data_engineer,Junior,mixed,cloud|docker|mongodb|postgresql|python
Rahul Tiwari 9312,ml_engineer,Senior,full,deep learning|docker|machine learning|python|pytorch|scikit-learn|tensorflow
Harini Agarwal 9313,data_scientist,Senior,full,data analysis|machine learning|pandas|python|sql|statistics|tableau
Suresh Menon 9314,nlp_engineer,Intern,mixed,cloud|deep learning|git|kubernetes|pytorch|scikit-learn|text classification
Farhan Iyer 9315,data_analyst,Senior,mixed,data analysis|excel|pandas|power bi|sql|statistics|tableau
Gaurav Ghosh 9316,backend_developer,Mid,full,docker|java|linux|postgresql|rest api|sql
Varun Pillai 9317,frontend_developer,Junior,abbr,git|javascript|react
Bhavna Iyer 9318,devops_engineer,Intern,mixed,cloud|docker|kubernetes|natural language processing|tensorflow
Anjali Deshpande 9319,data_engineer,Mid,mixed,ci/cd|cloud|linux|postgresql|python|sql
Kabir Sharma 9320,ml_engineer,Junior,mixed,java|kubernetes|python|pytorch|scikit-learn|sql|statistics|tensorflow
Parvati Deshpande 9321,data_scientist,Senior,mixed,data analysis|machine learning|pandas|python|sql|statistics|text classification
Nandini Sharma 9322,nlp_engineer,Mid,full,cloud|deep learning|docker|natural language processing|python|pytorch|scikit-learn
Yamini Sharma 9323,data_analyst,Junior,full,excel|pandas|power bi|python|sql|tableau
Charu Deshpande 9324,backend_developer,Mid,mixed,linux|mongodb|postgresql|rest api|spring boot|sql
Madhav Desai 9325,frontend_developer,Junior,full,html/css|javascript|react|rest api
Ananya Malhotra 9326,devops_engineer,Junior,full,cloud|docker|kubernetes|linux
Indira Iyer,data_engineer,Junior,abbr,ci/cd|computer vision|docker|mongodb|postgresql|python|sql
Nandini Kaur 9328,ml_engineer,Junior,full,deep learning|kubernetes|python|scikit-learn|tensorflow
Rohan Jain 9329,data_scientist,Junior,abbr,deep learning|pandas|power bi|python|sql|statistics|tableau
Darshan Reddy 9330,nlp_engineer,Senior,mixed,artificial intelligence|deep learning|natural language processing|numpy|python|pytorch|scikit-learn|text classification
Bhavna Desai 9331,data_analyst,Intern,mixed,data analysis|excel|linux|statistics|tableau
Ritu Pillai 9332,backend_developer,Mid,full,docker|java|python|rest api|spring boot|sql
Priya Raghavan 9333,frontend_developer,Senior,mixed,docker|git|html/css|javascript|node.js|python|react|sql
Udhav Patel 9334,devops_engineer,Intern,abbr,ci/cd|docker|linux|postgresql
Lakshmi Krishnan 9335,data_engineer,Mid,full,ci/cd|cloud|docker|kubernetes|pandas|python|sql
Farhan Subramanian 9336,ml_engineer,Intern,mixed,deep learning|scikit-learn|statistics|tensorflow
Ananya Raghavan 9337,data_scientist,Intern,abbr,pandas|python|scikit-learn|statistics|text classification
Ananya Tiwari,nlp_engineer,Junior,full,docker|natural language processing|numpy|python|pytorch|text classification
Pooja Reddy 9339,data_analyst,Senior,full,data analysis|excel|git|power bi|sql|tableau
Dhruv Chandran 9340,backend_developer,Intern,mixed,java|python|rest api|sql|tableau
Kabir Krishnan 9341,frontend_developer,Junior,mixed,cloud|html/css|javascript|linux|react|rest api
Pranav Bhatt 9342,devops_engineer,Intern,mixed,docker|kubernetes|linux
Jatin Subramanian 9343,data_engineer,Senior,full,ci/cd|cloud|docker|linux|postgresql|python|sql
Pooja Singh 9344,ml_engineer,Junior,mixed,deep learning|docker|javascript|pytorch|scikit-learn|tensorflow
Indira Singh,data_scientist,Intern,mixed,pandas|python|scikit-learn|statistics
Sanjay Patel 9346,nlp_engineer,Junior,full,artificial intelligence|deep learning|natural language processing|power bi|python|pytorch|scikit-learn
Lakshmi Reddy 9347,data_analyst,Mid,mixed,data analysis|pandas|power bi|sql|statistics|tableau
Abhay Kapoor 9348,backend_developer,Intern,full,docker|java|python|rest api|sql|text classification
Varun Rao 9349,frontend_developer,Mid,abbr,git|html/css|javascript|power bi|tableau
Kavya Hegde 9350,devops_engineer,Junior,full,cloud|deep learning|docker|kubernetes|linux
Kavya Naidu 9351,data_engineer,Senior,abbr,cloud|docker|kubernetes|mongodb|pandas|postgresql|python|sql
Nikhil Deshpande 9352,ml_engineer,Junior,full,deep learning|numpy|pandas|pytorch|scikit-learn|sql|tensorflow
Siddharth Dubey 9353,data_scientist,Junior,mixed,machine learning|python|sql|statistics
Ganesh Mehta 9354,nlp_engineer,Junior,full,cloud|deep learning|python|pytorch|text classification
Nikhil Varma 9355,data_analyst,Mid,full,docker|excel|power bi|python|sql|statistics|tableau
Vinay Hegde 9356,backend_developer,Senior,full,docker|git|java|linux|postgresql|rest api|spring boot|sql
Kabir Kaur 9357,frontend_developer,Mid,abbr,docker|git|html/css|kubernetes|node.js|react
Jaya Sharma 9358,devops_engineer,Senior,full,ci/cd|cloud|docker|kubernetes|linux
Priya Dubey,data_engineer,Mid,abbr,ci/cd|cloud|docker|node.js|python|react|sql
Kabir Rao 9360,ml_engineer,Junior,mixed,deep learning|machine learning|python|statistics|tensorflow
Qamar Verma 9361,data_scientist,Intern,full,deep learning|pandas|python|sql
Sneha Saxena 9362,nlp_engineer,Junior,full,cloud|machine learning|natural language processing|python|pytorch|text classification
Jaya Kumar 9363,data_analyst,Senior,mixed,data analysis|excel|power bi|sql|tableau
Ravi Kaur 9364,backend_developer,Junior,full,data analysis|docker|java|postgresql|rest api|sql
Sanjay Tiwari 9365,frontend_developer,Intern,full,javascript|postgresql|react|rest api
Rohan Malhotra 9366,devops_engineer,Senior,abbr,ci/cd|cloud|docker|excel|git|java|kubernetes|linux|python
Madhav Pillai 9367,data_engineer,Intern,mixed,cloud|postgresql|sql
Rakesh Gupta 9368,ml_engineer,Intern,mixed,natural language processing|python|pytorch|scikit-learn|statistics
Charu Balan 9369,data_scientist,Junior,full,data analysis|deep learning|numpy|pandas|sql|statistics|text classification
Jaya Prasad 9370,nlp_engineer,Mid,abbr,deep learning|natural language processing|pytorch|scikit-learn|text classification
Nisha Nambiar 9371,data_analyst,Intern,full,machine learning|pandas|power bi|scikit-learn|sql|tableau
Rahul Agarwal 9372,backend_developer,Intern,full,postgresql|rest api|spring boot
Vidya Gupta 9373,frontend_developer,Mid,mixed,cloud|git|html/css|javascript
Pranav Deshpande 9374,devops_engineer,Senior,mixed,ci/cd|cloud|docker|java|kubernetes|linux|postgresql
Nikhil Mehta 9375,data_engineer,Mid,abbr,docker|pandas|postgresql|python|sql
Hema Hegde 9376,ml_engineer,Intern,mixed,cloud|deep learning|docker|pytorch|scikit-learn|statistics|tensorflow
Vinay Bhatt 9377,data_scientist,Senior,mixed,data analysis|git|machine learning|numpy|pandas|power bi|python|scikit-learn|sql|statistics|text classification
Pooja Kaur 9378,nlp_engineer,Intern,full,cloud|deep learning|pytorch|scikit-learn|text classification
Nisha Chopra 9379,data_analyst,Intern,full,data analysis|mongodb|postgresql|power bi|tableau
Ravi Krishnan,backend_developer,Senior,full,docker|java|linux|natural language processing|pandas|postgresql|rest api|spring boot|sql
Nisha Ghosh 9381,frontend_developer,Junior,mixed,git|html/css|javascript|scikit-learn
Rajesh Jain 9382,devops_engineer,Senior,abbr,ci/cd|cloud|data analysis|docker|kubernetes|linux|postgresql
Mohit Dubey 9383,data_engineer,Mid,mixed,cloud|docker|python|sql
Meera Subramanian 9384,ml_engineer,Mid,mixed,deep learning|machine learning|python|pytorch|tensorflow
Suresh Naidu 9385,data_scientist,Senior,abbr,cloud|data analysis|deep learning|machine learning|pandas|python|sql|statistics
Esha Ghosh 9386,nlp_engineer,Intern,abbr,machine learning|natural language processing|python|pytorch
Sneha Agarwal 9387,data_analyst,Mid,mixed,data analysis|power bi|sql|tableau
Harini Nair 9388,backend_developer,Junior,mixed,java|kubernetes|linux|python|rest api|spring boot|sql
Dhruv Agarwal 9389,frontend_developer,Mid,abbr,git|html/css|react|rest api
Farhan Iyer 9390,devops_engineer,Junior,mixed,cloud|data analysis|docker|kubernetes|linux|python|statistics
Esha Nambiar 9391,data_engineer,Intern,full,ci/cd|cloud|kubernetes|postgresql|python|sql
Pooja Raghavan 9392,ml_engineer,Junior,mixed,deep learning|node.js|pandas|python|pytorch|statistics|tensorflow
Uma Shetty 9393,data_scientist,Mid,mixed,data analysis|machine learning|pandas|python|sql
Deepa Naidu 9394,nlp_engineer,Junior,full,docker|natural language processing|python|pytorch|text classification
Ganesh Chopra 9395,data_analyst,Junior,mixed,data analysis|excel|power bi|python|sql|statistics
Arjun Krishnan 9396,backend_developer,Junior,full,computer vision|docker|git|java|postgresql|scikit-learn|spring boot|sql
Uma Mehta 9397,frontend_developer,Junior,full,git|html/css|javascript|rest api
Darshan Naidu 9398,devops_engineer,Mid,abbr,ci/cd|cloud|git|java|kubernetes|linux
Aniket Iyer 9399,data_engineer,Senior,abbr,ci/cd|cloud|docker|pandas|postgresql|python|sql
Nandini Kaur 9400,ml_engineer,Senior,abbr,deep learning|machine learning|python|pytorch|scikit-learn|tensorflow
Sneha Chandran 9401,data_scientist,Mid,mixed,docker|kubernetes|machine learning|numpy|pandas|power bi|python|scikit-learn|sql|statistics|text classification
Nisha Agarwal 9402,nlp_engineer,Mid,abbr,natural language processing|python|pytorch|text classification
Tarun Shetty 9403,data_analyst,Intern,abbr,cloud|data analysis|excel|sql
Bhavna Venkatesh 9404,backend_developer,Mid,abbr,git|java|python|rest api|spring boot|sql
Ramya Kapoor 9405,frontend_developer,Mid,mixed,docker|git|html/css|javascript|natural language processing|pytorch
Chetan Saxena 9406,devops_engineer,Senior,full,ci/cd|cloud|docker|kubernetes|linux
Sonal Tiwari 9407,data_engineer,Junior,abbr,docker|linux|postgresql|python|sql
Rakesh Patel 9408,ml_engineer,Senior,mixed,deep learning|machine learning|python|pytorch|scikit-learn|tensorflow
Deepa Ghosh 9409,data_scientist,Mid,full,cloud|data analysis|deep learning|machine learning|numpy|python|sql|statistics|text classification
Tarun Nair 9410,nlp_engineer,Senior,mixed,artificial intelligence|deep learning|docker|natural language processing|numpy|python|pytorch|scikit-learn|text classification
Neha Varma 9411,data_analyst,Mid,full,data analysis|pandas|power bi|python|sql|tableau
Tarun Sharma 9412,backend_developer,Senior,mixed,java|kubernetes|mongodb|postgresql|python|rest api|spring boot|sql
Naveen Mehta 9413,frontend_developer,Junior,mixed,git|html/css|node.js|pandas|react
Vikram Iyer 9414,devops_engineer,Intern,full,docker|kubernetes|linux|python
Ramya Raghavan 9415,data_engineer,Junior,abbr,cloud|docker|kubernetes|postgresql|python|sql
Madhav Subramanian 9416,ml_engineer,Intern,abbr,docker|pandas|python|scikit-learn|statistics|tensorflow
Chetan Ghosh 9417,data_scientist,Mid,abbr,data analysis|deep learning|machine learning|numpy|pandas|python|statistics
Ravi Raghavan,nlp_engineer,Intern,full,artificial intelligence|deep learning|pytorch|scikit-learn|sql|tableau|text classification
Shreya Balan 9419,data_analyst,Mid,full,data analysis|deep learning|excel|pandas|sql|tableau
Meera Kapoor 9420,backend_developer,Senior,full,java|linux|mongodb|postgresql|rest api|spring boot|sql
Neha Tiwari 9421,frontend_developer,Mid,mixed,docker|git|javascript|python|react|rest api
Anjali Dubey 9422,devops_engineer,Junior,abbr,artificial intelligence|ci/cd|cloud|kubernetes|linux|natural language processing|postgresql
Chetan Kumar 9423,data_engineer,Mid,abbr,cloud|docker|pandas|postgresql|python
Anjali Reddy 9424,ml_engineer,Junior,full,cloud|deep learning|docker|machine learning|numpy|scikit-learn|tensorflow
Nandini Balan 9425,data_scientist,Senior,abbr,data analysis|machine learning|pandas|python|sql|statistics
Chetan Desai 9426,nlp_engineer,Junior,abbr,cloud|deep learning|docker|machine learning|mongodb|natural language processing|python|scikit-learn|text classification
Sneha Nair 9427,data_analyst,Intern,abbr,excel|power bi|python|tableau
Harini Kulkarni 9428,backend_developer,Intern,mixed,java|postgresql|rest api|sql
Sahana Chandran 9429,frontend_developer,Intern,abbr,javascript|node.js|react
Bhargav Agarwal 9430,devops_engineer,Mid,abbr,ci/cd|cloud|git|kubernetes|linux|machine learning|postgresql
Nandini Kaur 9431,data_engineer,Senior,full,cloud|docker|postgresql|python|sql
Kavya Gupta 9432,ml_engineer,Junior,abbr,git|linux|machine learning|pandas|python|pytorch|scikit-learn
Nisha Sharma 9433,data_scientist,Senior,full,data analysis|machine learning|numpy|pandas|power bi|python|scikit-learn|sql|statistics|text classification
Nandini Agarwal 9434,nlp_engineer,Senior,abbr,deep learning|natural language processing|numpy|python|pytorch|text classification
Lakshmi Chandran 9435,data_analyst,Junior,abbr,data analysis|excel|python|sql|statistics|tableau
Tanvi Patel 9436,backend_developer,Intern,mixed,docker|git|kubernetes|postgresql|python|rest api|spring boot
Omkar Ghosh 9437,frontend_developer,Junior,mixed,git|javascript|python|react|rest api
Pooja Agarwal 9438,devops_engineer,Senior,mixed,ci/cd|cloud|docker|kubernetes|linux
Tarun Joshi 9439,data_engineer,Intern,full,docker|mongodb|pandas|postgresql|sql
Vishal Patel 9440,ml_engineer,Senior,mixed,deep learning|machine learning|pandas|postgresql|python|pytorch|scikit-learn|sql|tensorflow
Varun Reddy 9441,data_scientist,Senior,mixed,data analysis|machine learning|pandas|python|sql|statistics
Charu Kumar 9442,nlp_engineer,Mid,mixed,artificial intelligence|deep learning|docker|natural language processing|pytorch|text classification
Omkar Prasad 9443,data_analyst,Intern,abbr,data analysis|excel|postgresql|sql
Zoya Kaur 9444,backend_developer,Junior,mixed,java|rest api|spring boot|sql
Ramya Shetty 9445,frontend_developer,Senior,mixed,git|html/css|javascript|react
Anjali Jain 9446,devops_engineer,Senior,full,ci/cd|cloud|docker|kubernetes|linux
Sahana Dubey 9447,data_engineer,Senior,mixed,cloud|docker|kubernetes|linux|pandas|postgresql|python|rest api|sql
Nikhil Ghosh 9448,ml_engineer,Junior,full,html/css|machine learning|python|pytorch|scikit-learn
Bhavna Kulkarni,data_scientist,Intern,mixed,artificial intelligence|pandas|python|sql
Aniket Deshpande 9450,nlp_engineer,Intern,mixed,cloud|natural language processing|python|text classification
Manish Raghavan 9451,data_analyst,Junior,full,excel|power bi|python|sql|tableau
Nandini Bhatt 9452,backend_developer,Intern,full,git|java|rest api|sql
Ishaan Kumar 9453,frontend_developer,Mid,abbr,git|html/css|node.js|react|rest api
Sonal Kumar 9454,devops_engineer,Senior,abbr,ci/cd|cloud|docker|kubernetes|linux
Akash Joshi 9455,data_engineer,Junior,mixed,cloud|docker|linux|pandas|postgresql|rest api|sql
Darshan Gupta 9456,ml_engineer,Senior,mixed,cloud|computer vision|deep learning|kubernetes|machine learning|natural language processing|pandas|python|pytorch|scikit-learn|statistics|tensorflow
Varun Malhotra 9457,data_scientist,Senior,mixed,data analysis|deep learning|machine learning|numpy|pandas|power bi|python|sql|statistics|text classification
Sameer Gupta 9458,nlp_engineer,Intern,mixed,natural language processing|numpy|pytorch|scikit-learn|text classification
Deepa Jain 9459,data_analyst,Senior,full,data analysis|excel|pandas|power bi|python|sql|tableau
Shreya Rao 9460,backend_developer,Intern,full,computer vision|java|rest api|sql|statistics
Harini Prasad 9461,frontend_developer,Junior,mixed,git|html/css|javascript|rest api
Aditi Hegde 9462,devops_engineer,Senior,full,ci/cd|cloud|docker|kubernetes|linux|python
Sameer Raghavan 9463,data_engineer,Mid,mixed,ci/cd|docker|kubernetes|postgresql|python|sql
Gaurav Nambiar 9464,ml_engineer,Senior,mixed,computer vision|deep learning|java|machine learning|natural language processing|numpy|pandas|python|pytorch|scikit-learn|sql|tensorflow
Ishaan Menon 9465,data_scientist,Intern,full,machine learning|numpy|pandas|statistics|tableau
Chetan Bhatt 9466,nlp_engineer,Intern,full,artificial intelligence|cloud|natural language processing|python|text classification
Aarav Gupta 9467,data_analyst,Senior,abbr,data analysis|excel|power bi|sql|tableau
Yamini Chopra 9468,backend_developer,Mid,mixed,linux|postgresql|python|rest api|spring boot|sql
Shreya Subramanian,frontend_developer,Intern,mixed,javascript|kubernetes|linux|node.js|react
Swathi Krishnan 9470,devops_engineer,Intern,mixed,ci/cd|docker|kubernetes
Ganesh Reddy 9471,data_engineer,Junior,full,docker|numpy|postgresql|python|sql
Yamini Chandran 9472,ml_engineer,Intern,abbr,deep learning|machine learning|pandas|scikit-learn|sql
Divya Pillai 9473,data_scientist,Junior,mixed,data analysis|kubernetes|pandas|postgresql|python|sql
Siddharth Prasad,nlp_engineer,Intern,abbr,deep learning|docker|numpy|python|text classification
Pallavi Chopra 9475,data_analyst,Intern,mixed,excel|power bi|sql
Yash Gupta 9476,backend_developer,Mid,full,data analysis|java|mongodb|postgresql|power bi|spring boot|sql
Pallavi Mehta,frontend_developer,Mid,abbr,git|html/css|python|react
Harini Balan 9478,devops_engineer,Junior,mixed,ci/cd|docker|kubernetes|linux
Shreya Kapoor 9479,data_engineer,Intern,mixed,linux|mongodb|postgresql|python|sql
Omkar Ghosh 9480,ml_engineer,Intern,abbr,machine learning|python|tensorflow
Nikhil Singh,data_scientist,Senior,abbr,data analysis|machine learning|pandas|python|sql|statistics
Harini Mehta 9482,nlp_engineer,Junior,mixed,deep learning|docker|natural language processing|pytorch|text classification
Jatin Mehta,data_analyst,Senior,mixed,data analysis|excel|pandas|power bi|sql|statistics|tableau
Akash Subramanian 9484,backend_developer,Senior,full,cloud|java|linux|mongodb|postgresql|rest api|spring boot|sql
Varun Dubey 9485,frontend_developer,Mid,full,html/css|javascript|power bi|react|sql
Lakshmi Mehta 9486,devops_engineer,Mid,mixed,cloud|docker|kubernetes|linux|pandas|sql
Lalita Venkatesh 9487,data_engineer,Junior,mixed,ci/cd|cloud|postgresql|python|sql
Ritu Hegde 9488,ml_engineer,Intern,full,docker|numpy|python|scikit-learn|tensorflow
Ravi Kaur 9489,data_scientist,Mid,full,cloud|data analysis|machine learning|pandas|python|sql
Manish Kaur 9490,nlp_engineer,Junior,abbr,deep learning|docker|python|pytorch|text classification
Aniket Patel 9491,data_analyst,Junior,mixed,data analysis|power bi|pytorch|scikit-learn|sql|tableau
Nisha Chandran 9492,backend_developer,Intern,mixed,pandas|rest api|spring boot|sql|statistics
Trisha Chandran 9493,frontend_developer,Senior,mixed,git|html/css|javascript|react
Vikram Desai 9494,devops_engineer,Senior,full,ci/cd|cloud|docker|git|kubernetes|linux
Hema Dubey 9495,data_engineer,Intern,mixed,postgresql|python|sql
Swathi Nambiar,ml_engineer,Intern,full,cloud|computer vision|machine learning|python|pytorch|sql
Nikhil Verma 9497,data_scientist,Mid,full,machine learning|pandas|power bi|python|sql|statistics
Kiran Nair 9498,nlp_engineer,Junior,mixed,deep learning|docker|java|python|pytorch|scikit-learn|text classification
Nikhil Tiwari 9499,data_analyst,Mid,mixed,excel|pandas|power bi|sql|tableau
Rhea Singh 9500,backend_developer,Senior,mixed,java|mongodb|postgresql|rest api|spring boot|sql
Aniket Prasad 9501,frontend_developer,Mid,mixed,docker|git|html/css|react|sql
Ananya Balan,devops_engineer,Senior,abbr,ci/cd|cloud|docker|kubernetes|linux
Ishaan Iyer 9503,data_engineer,Junior,full,docker|postgresql|python|sql
Priya Venkatesh 9504,ml_engineer,Senior,full,cloud|deep learning|docker|machine learning|python|pytorch|scikit-learn|tensorflow
Abhay Krishnan 9505,data_scientist,Mid,abbr,machine learning|numpy|pandas|python|sql|statistics
Sonal Raghavan 9506,nlp_engineer,Junior,full,deep learning|natural language processing|pytorch|text classification
Divya Subramanian 9507,data_analyst,Mid,full,data analysis|excel|spring boot|sql|tableau
Vinay Joshi 9508,backend_developer,Junior,full,docker|java|postgresql|react|spring boot|sql
Swathi Shetty 9509,frontend_developer,Junior,full,cloud|docker|html/css|javascript|react
Rakesh Varma 9510,devops_engineer,Intern,abbr,docker|kubernetes|linux|postgresql
Yash Nair 9511,data_engineer,Senior,abbr,ci/cd|cloud|docker|linux|mongodb|postgresql|python|sql|tensorflow
Madhav Patel 9512,ml_engineer,Intern,mixed,computer vision|java|machine learning|mongodb|pytorch|scikit-learn
Dhruv Reddy 9513,data_scientist,Mid,abbr,machine learning|numpy|pandas|python|sql|statistics|tableau|text classification
Parvati Sharma 9514,nlp_engineer,Junior,mixed,artificial intelligence|cloud|deep learning|docker|natural language processing|python|pytorch
Indira Krishnan 9515,data_analyst,Senior,abbr,data analysis|excel|power bi|python|sql|statistics|tableau
Shreya Mehta 9516,backend_developer,Junior,mixed,java|kubernetes|mongodb|postgresql|rest api|sql
Dhruv Tiwari 9517,frontend_developer,Mid,full,deep learning|docker|html/css|javascript|pytorch|react
Sonal Desai,devops_engineer,Junior,mixed,ci/cd|cloud|docker|linux|spring boot
Lalita Reddy 9519,data_engineer,Junior,full,cloud|docker|postgresql|power bi|sql
Ritu Menon,ml_engineer,Intern,mixed,deep learning|pytorch|statistics|tensorflow
Rakesh Nair 9521,data_scientist,Mid,full,data analysis|machine learning|python|sql|statistics
Chetan Bhatt 9522,nlp_engineer,Junior,mixed,deep learning|natural language processing|python|scikit-learn|text classification
Esha Singh 9523,data_analyst,Mid,mixed,data analysis|power bi|sql|tableau
Tarun Raghavan 9524,backend_developer,Senior,mixed,docker|git|java|kubernetes|postgresql|python|rest api|spring boot|sql
Sanjay Sharma 9525,frontend_developer,Senior,full,docker|git|html/css|javascript|kubernetes|node.js|react
Ananya Sharma 9526,devops_engineer,Junior,mixed,cloud|docker|git|kubernetes|linux
Ritu Tiwari 9527,data_engineer,Intern,full,ci/cd|cloud|docker|pandas|python|sql
Nikhil Kulkarni 9528,ml_engineer,Senior,abbr,cloud|deep learning|docker|machine learning|python|pytorch|scikit-learn|sql|statistics|tensorflow
Parvati Bhatt 9529,data_scientist,Senior,abbr,cloud|data analysis|machine learning|pandas|python|sql|statistics
Nandini Rao 9530,nlp_engineer,Senior,abbr,deep learning|docker|natural language processing|python|pytorch|scikit-learn|text classification
Vishal Ghosh 9531,data_analyst,Mid,abbr,data analysis|excel|python|scikit-learn|sql|tableau
Kiran Patel 9532,backend_developer,Senior,full,git|java|kubernetes|mongodb|postgresql|python|rest api|spring boot|sql
Madhav Menon 9533,frontend_developer,Intern,abbr,docker|git|html/css|text classification
Varun Patel,devops_engineer,Mid,abbr,ci/cd|cloud|docker|linux
Sonal Rao 9535,data_engineer,Senior,full,cloud|docker|postgresql|python|sql
Ishaan Bhatt 9536,ml_engineer,Junior,mixed,cloud|machine learning|python|pytorch|statistics|tensorflow
Aditi Malhotra 9537,data_scientist,Intern,abbr,kubernetes|machine learning|sql|statistics
Jaya Venkatesh 9538,nlp_engineer,Intern,mixed,deep learning|numpy|python|pytorch
Sonal Malhotra 9539,data_analyst,Mid,mixed,data analysis|pandas|power bi|sql|statistics|tableau
Nandini Gupta 9540,backend_developer,Junior,mixed,java|postgresql|rest api|spring boot
Deepa Kulkarni 9541,frontend_developer,Senior,mixed,git|html/css|javascript|react|rest api
Omkar Bhatt 9542,devops_engineer,Mid,abbr,ci/cd|cloud|docker|java|linux|python
Aarav Krishnan 9543,data_engineer,Mid,full,docker|kubernetes|linux|mongodb|postgresql|python|sql
Dhruv Chopra 9544,ml_engineer,Mid,abbr,deep learning|docker|javascript|machine learning|numpy|python|pytorch|scikit-learn|sql
Aarav Nair 9545,data_scientist,Senior,full,cloud|data analysis|excel|machine learning|numpy|pandas|python|sql|statistics|text classification
Sanjay Deshpande 9546,nlp_engineer,Senior,mixed,cloud|deep learning|docker|git|machine learning|natural language processing|node.js|numpy|python|pytorch|text classification
Divya Menon 9547,data_analyst,Mid,abbr,data analysis|excel|power bi|python|tableau
Sonal Singh 9548,backend_developer,Junior,abbr,postgresql|python|rest api|spring boot|sql
Qamar Saxena 9549,frontend_developer,Senior,full,git|html/css|javascript|node.js|react|rest api
Rakesh Pillai 9550,devops_engineer,Junior,abbr,ci/cd|docker|kubernetes|linux
Aniket Jain 9551,data_engineer,Mid,abbr,cloud|docker|linux|mongodb|pandas|postgresql|python|sql
Sahana Kaur 9552,ml_engineer,Intern,abbr,docker|natural language processing|numpy|pytorch|scikit-learn|tensorflow
Ganesh Ghosh 9553,data_scientist,Senior,mixed,data analysis|machine learning|pandas|python|sql|statistics|tableau
Lakshmi Ghosh 9554,nlp_engineer,Senior,mixed,artificial intelligence|deep learning|javascript|natural language processing|node.js|numpy|python|pytorch|scikit-learn|text classification
Akash Pillai 9555,data_analyst,Junior,abbr,data analysis|docker|pandas|power bi|sql|tableau
Anjali Kumar,backend_developer,Junior,mixed,java|rest api|spring boot|sql
Kavya Venkatesh 9557,frontend_developer,Senior,full,ci/cd|git|html/css|java|javascript|react
Kavya Kumar 9558,devops_engineer,Senior,full,ci/cd|cloud|docker|java|kubernetes|linux
Sonal Menon 9559,data_engineer,Mid,mixed,ci/cd|cloud|docker|mongodb|postgresql|sql
Tarun Tiwari 9560,ml_engineer,Senior,abbr,deep learning|machine learning|python|pytorch|scikit-learn|tensorflow
Mohit Hegde 9561,data_scientist,Intern,mixed,data analysis|postgresql|python|statistics|text classification
Jatin Subramanian 9562,nlp_engineer,Mid,mixed,natural language processing|python|pytorch|text classification
Kabir Menon 9563,data_analyst,Mid,mixed,data analysis|excel|power bi|sql|statistics
Sanjay Nair 9564,backend_developer,Senior,abbr,java|linux|mongodb|postgresql|python|rest api|spring boot|sql
Zoya Verma 9565,frontend_developer,Junior,abbr,html/css|javascript|react|rest api
Udhav Naidu 9566,devops_engineer,Junior,mixed,ci/cd|cloud|docker|java|linux|tableau
Madhav Gupta 9567,data_engineer,Mid,abbr,docker|pandas|postgresql|python|sql
Ramya Chandran 9568,ml_engineer,Intern,full,deep learning|docker|pandas|pytorch|tensorflow
Nikhil Krishnan 9569,data_scientist,Senior,abbr,data analysis|machine learning|pandas|python|pytorch|sql|statistics
Sneha Saxena 9570,nlp_engineer,Junior,full,computer vision|deep learning|natural language processing|python|pytorch|text classification
Hema Pillai 9571,data_analyst,Mid,abbr,data analysis|excel|postgresql|power bi|sql
Ritu Nair 9572,backend_developer,Mid,full,java|mongodb|postgresql|rest api|spring boot
Ishaan Pillai 9573,frontend_developer,Intern,full,git|node.js|react
Tarun Krishnan 9574,devops_engineer,Mid,mixed,ci/cd|cloud|kubernetes|linux|sql
Hema Malhotra 9575,data_engineer,Junior,mixed,ci/cd|cloud|docker|kubernetes|postgresql|python|pytorch
Vidya Pillai 9576,ml_engineer,Intern,full,deep learning|machine learning|python|scikit-learn
Nandini Reddy 9577,data_scientist,Mid,full,cloud|data analysis|machine learning|numpy|python|scikit-learn|sql|statistics
Sahana Varma 9578,nlp_engineer,Senior,full,cloud|deep learning|natural language processing|postgresql|python|pytorch|scikit-learn|text classification
Esha Hegde 9579,data_analyst,Senior,full,data analysis|excel|linux|pandas|power bi|python|sql|tableau
Omkar Pillai 9580,backend_developer,Senior,full,docker|java|kubernetes|linux|postgresql|rest api|spring boot|sql
Darshan Singh 9581,frontend_developer,Senior,mixed,git|html/css|javascript|react
Rhea Gupta 9582,devops_engineer,Mid,full,ci/cd|cloud|kubernetes|linux
Ravi Varma 9583,data_engineer,Junior,mixed,ci/cd|cloud|docker|git|kubernetes|postgresql|python
Ananya Shetty 9584,ml_engineer,Junior,mixed,deep learning|linux|machine learning|pandas|pytorch|scikit-learn|sql
Harini Menon 9585,data_scientist,Senior,full,data analysis|deep learning|machine learning|numpy|pandas|python|scikit-learn|sql|statistics|text classification
Lakshmi Prasad 9586,nlp_engineer,Senior,mixed,deep learning|java|machine learning|natural language processing|python|pytorch|text classification
Rajesh Subramanian 9587,data_analyst,Senior,full,data analysis|excel|kubernetes|postgresql|power bi|python|sql|tableau
Aditi Saxena 9588,backend_developer,Intern,mixed,git|java|python|rest api|scikit-learn|sql
Aniket Prasad 9589,frontend_developer,Intern,full,git|node.js|react
Ramya Kapoor 9590,devops_engineer,Senior,abbr,ci/cd|cloud|docker|git|java|kubernetes|linux|postgresql
Bhavna Nambiar 9591,data_engineer,Intern,mixed,docker|java|kubernetes|postgresql|python
Madhav Rao 9592,ml_engineer,Intern,abbr,computer vision|machine learning|natural language processing|pandas|pytorch|scikit-learn
Pallavi Desai 9593,data_scientist,Intern,mixed,deep learning|machine learning|postgresql|python|sql|statistics
Sanjay Pillai 9594,nlp_engineer,Intern,abbr,deep learning|natural language processing|python
Mohit Shetty 9595,data_analyst,Senior,mixed,data analysis|excel|power bi|sql|statistics|tableau
Indira Kapoor 9596,backend_developer,Intern,abbr,docker|java|rest api|sql
Ganesh Chopra 9597,frontend_developer,Junior,mixed,git|html/css|javascript|statistics
Deepa Jain 9598,devops_engineer,Junior,abbr,cloud|docker|kubernetes|linux
Aniket Singh 9599,data_engineer,Junior,abbr,cloud|mongodb|postgresql|python|sql
Rakesh Agarwal 9600,ml_engineer,Senior,abbr,cloud|computer vision|deep learning|docker|machine learning|natural language processing|python|pytorch|scikit-learn|tensorflow
Omkar Venkatesh 9601,data_scientist,Intern,mixed,java|machine learning|numpy|pandas|statistics|text classification
Sameer Subramanian 9602,nlp_engineer,Intern,mixed,natural language processing|python|text classification
Priya Menon 9603,data_analyst,Senior,mixed,data analysis|excel|postgresql|power bi|spring boot|sql|tableau
Lakshmi Naidu 9604,backend_developer,Junior,full,java|postgresql|rest api|spring boot
Trisha Venkatesh 9605,frontend_developer,Mid,mixed,docker|git|html/css|node.js|postgresql|python|react
Neha Iyer 9606,devops_engineer,Senior,abbr,ci/cd|cloud|docker|git|kubernetes|linux
Pooja Iyer 9607,data_engineer,Junior,mixed,cloud|linux|natural language processing|pandas|postgresql|python|sql
Meera Rao 9608,ml_engineer,Junior,mixed,deep learning|machine learning|natural language processing|pytorch|sql|statistics|tableau|tensorflow
Rhea Balan 9609,data_scientist,Mid,mixed,machine learning|numpy|pandas|python|sql|statistics
Sneha Rao 9610,nlp_engineer,Senior,mixed,artificial intelligence|cloud|deep learning|natural language processing|numpy|python|pytorch|scikit-learn|text classification
Lalita Kumar 9611,data_analyst,Senior,abbr,cloud|data analysis|excel|power bi|python|sql|tableau
Neha Dubey 9612,backend_developer,Intern,abbr,java|linux|postgresql|sql
Manish Bhatt 9613,frontend_developer,Junior,mixed,html/css|javascript|postgresql|react|rest api|spring boot
Omkar Kapoor 9614,devops_engineer,Intern,mixed,cloud|kubernetes|linux|postgresql
Farhan Hegde 9615,data_engineer,Junior,mixed,ci/cd|cloud|docker|kubernetes|python|sql
Varun Kulkarni 9616,ml_engineer,Junior,mixed,computer vision|deep learning|natural language processing|python|pytorch|scikit-learn
Ramya Krishnan 9617,data_scientist,Junior,full,data analysis|machine learning|sql|statistics|text classification
Farhan Kulkarni 9618,nlp_engineer,Junior,mixed,natural language processing|python|pytorch|text classification
Anjali Kaur 9619,data_analyst,Intern,full,data analysis|docker|postgresql|sql|tableau
Ananya Mehta 9620,backend_developer,Junior,mixed,git|java|postgresql|python|spring boot|sql
Rohan Menon 9621,frontend_developer,Senior,mixed,cloud|git|html/css|javascript|react|statistics
Rajesh Kapoor 9622,devops_engineer,Senior,abbr,ci/cd|cloud|docker|git|kubernetes|linux|mongodb
Nikhil Pillai 9623,data_engineer,Senior,full,cloud|docker|mongodb|postgresql|python|sql
Siddharth Krishnan 9624,ml_engineer,Senior,mixed,cloud|deep learning|machine learning|numpy|python|pytorch|scikit-learn|tensorflow
Ramya Verma 9625,data_scientist,Intern,mixed,data analysis|pandas|spring boot|statistics|tableau
Lalita Krishnan 9626,nlp_engineer,Intern,mixed,deep learning|pandas|python|pytorch
Sanjay Chopra 9627,data_analyst,Intern,mixed,excel|power bi|tableau
Nisha Saxena 9628,backend_developer,Mid,mixed,docker|java|kubernetes|python|rest api|spring boot|sql
Vidya Venkatesh 9629,frontend_developer,Intern,abbr,git|html/css|node.js|python|statistics
Priya Krishnan 9630,devops_engineer,Junior,mixed,ci/cd|cloud|docker|linux
Divya Singh 9631,data_engineer,Mid,mixed,cloud|deep learning|docker|python|sql|text classification
Zoya Desai 9632,ml_engineer,Junior,abbr,cloud|computer vision|deep learning|machine learning|power bi|pytorch|scikit-learn|sql|statistics
Nisha Hegde 9633,data_scientist,Mid,abbr,machine learning|pandas|python|sql|statistics
Dhruv Menon 9634,nlp_engineer,Senior,mixed,artificial intelligence|deep learning|natural language processing|python|pytorch|scikit-learn|text classification
Vidya Subramanian 9635,data_analyst,Intern,mixed,data analysis|excel|rest api|statistics|tableau
Varun Bhatt 9636,backend_developer,Junior,abbr,docker|git|java|mongodb|postgresql|python|rest api|spring boot
Rahul Kapoor 9637,frontend_developer,Mid,full,cloud|html/css|javascript|machine learning|node.js|react|rest api
Sanjay Saxena 9638,devops_engineer,Junior,full,ci/cd|docker|kubernetes|linux
Abhay Chandran 9639,data_engineer,Mid,mixed,cloud|docker|mongodb|postgresql|python
Divya Malhotra 9640,ml_engineer,Intern,abbr,deep learning|natural language processing|scikit-learn|tensorflow
Dhruv Varma 9641,data_scientist,Senior,mixed,data analysis|deep learning|machine learning|numpy|pandas|python|sql|statistics|tableau
Ravi Sharma 9642,nlp_engineer,Intern,full,deep learning|mongodb|python|pytorch
Pranav Tiwari 9643,data_analyst,Intern,abbr,pandas|power bi|sql|tableau
Bhargav Gupta 9644,backend_developer,Senior,mixed,docker|java|kubernetes|mongodb|postgresql|rest api|spring boot|sql
Aniket Kumar 9645,frontend_developer,Mid,full,git|html/css|javascript
Abhay Sharma 9646,devops_engineer,Senior,full,ci/cd|cloud|docker|kubernetes|linux|postgresql
Dhruv Deshpande 9647,data_engineer,Intern,full,cloud|docker|linux|sql
Vikram Joshi 9648,ml_engineer,Senior,mixed,deep learning|machine learning|python|pytorch|scikit-learn|tensorflow
Anjali Jain 9649,data_scientist,Senior,full,data analysis|machine learning|numpy|pandas|python|sql|statistics
Rahul Verma 9650,nlp_engineer,Mid,abbr,natural language processing|python|pytorch|text classification
Lakshmi Iyer 9651,data_analyst,Senior,mixed,data analysis|excel|power bi|python|sql|statistics|tableau
Deepa Mehta 9652,backend_developer,Mid,full,git|java|linux|mongodb|numpy|postgresql|rest api|sql
Jatin Gupta 9653,frontend_developer,Senior,abbr,git|html/css|javascript|node.js|react
Farhan Varma 9654,devops_engineer,Senior,mixed,ci/cd|cloud|docker|kubernetes|linux
Rajesh Deshpande 9655,data_engineer,Senior,abbr,cloud|docker|kubernetes|postgresql|python|sql
Bhargav Nambiar 9656,ml_engineer,Senior,abbr,deep learning|machine learning|python|pytorch|scikit-learn|tensorflow
Esha Bhatt,data_scientist,Intern,abbr,machine learning|pandas|python|tableau
Madhav Iyer 9658,nlp_engineer,Mid,abbr,cloud|deep learning|docker|natural language processing|numpy|python|pytorch
Abhay Rao 9659,data_analyst,Junior,mixed,data analysis|excel|power bi|sql
Chetan Venkatesh 9660,backend_developer,Junior,mixed,git|java|kubernetes|linux|postgresql|rest api|spring boot
Charu Kumar 9661,frontend_developer,Intern,mixed,git|python|react
Uma Naidu 9662,devops_engineer,Junior,mixed,ci/cd|cloud|docker|kubernetes|postgresql|python
Zoya Saxena 9663,data_engineer,Mid,full,cloud|docker|linux|pandas|postgresql|python
Meera Chandran 9664,ml_engineer,Intern,mixed,machine learning|natural language processing|scikit-learn|tensorflow
Varun Joshi 9665,data_scientist,Mid,full,data analysis|pandas|power bi|python|scikit-learn|sql|statistics|text classification
Yamini Jain 9666,nlp_engineer,Mid,mixed,ci/cd|cloud|deep learning|numpy|pandas|python|pytorch|text classification
Rakesh Tiwari 9667,data_analyst,Junior,abbr,data analysis|excel|git|html/css|pandas|power bi|tableau
Vidya Deshpande 9668,backend_developer,Junior,abbr,java|numpy|postgresql|rest api|spring boot|sql
Vinay Kapoor 9669,frontend_developer,Senior,mixed,git|html/css|javascript|node.js|react
Farhan Prasad 9670,devops_engineer,Junior,abbr,ci/cd|cloud|docker|git|kubernetes|postgresql
Bhavna Raghavan 9671,data_engineer,Senior,abbr,ci/cd|cloud|docker|kubernetes|postgresql|python|sql
Shreya Prasad 9672,ml_engineer,Mid,abbr,cloud|deep learning|git|machine learning|python|pytorch|tensorflow
Bhargav Tiwari 9673,data_scientist,Junior,abbr,data analysis|python|sql|statistics|tableau|text classification
Farhan Deshpande 9674,nlp_engineer,Senior,full,deep learning|docker|machine learning|natural language processing|postgresql|python|pytorch|scikit-learn|text classification
Ramya Naidu 9675,data_analyst,Senior,mixed,data analysis|excel|power bi|python|sql|statistics|tableau|text classification
Charu Desai 9676,backend_developer,Intern,abbr,docker|html/css|javascript|postgresql|rest api|sql
Abhay Nair 9677,frontend_developer,Intern,mixed,html/css|javascript|rest api
Mohit Naidu 9678,devops_engineer,Junior,full,ci/cd|cloud|docker|linux|postgresql|python
Ritu Gupta 9679,data_engineer,Senior,full,cloud|docker|kubernetes|linux|pandas|postgresql|python|sql
Hema Reddy 9680,ml_engineer,Senior,abbr,computer vision|deep learning|machine learning|python|pytorch|scikit-learn|tensorflow
Kiran Malhotra 9681,data_scientist,Junior,mixed,deep learning|machine learning|pandas|python|statistics
Rajesh Gupta 9682,nlp_engineer,Junior,full,deep learning|natural language processing|numpy|python|text classification
Lakshmi Nair 9683,data_analyst,Intern,full,data analysis|docker|postgresql|power bi|sql
Vikram Menon 9684,backend_developer,Senior,abbr,data analysis|java|postgresql|rest api|spring boot|sql
Tarun Kulkarni 9685,frontend_developer,Mid,mixed,git|html/css|node.js|pytorch|react|rest api|sql
Omkar Saxena 9686,devops_engineer,Mid,abbr,ci/cd|cloud|kubernetes|linux
Varun Krishnan 9687,data_engineer,Mid,full,cloud|mongodb|postgresql|python|sql
Varun Verma 9688,ml_engineer,Junior,abbr,deep learning|pandas|python|react|scikit-learn|tensorflow
Vinay Gupta 9689,data_scientist,Junior,abbr,git|java|machine learning|numpy|pandas|python|sql
Vidya Chopra 9690,nlp_engineer,Mid,mixed,artificial intelligence|cloud|deep learning|git|python|pytorch|scikit-learn|text classification
Nandini Krishnan 9691,data_analyst,Intern,full,data analysis|sql|tableau
Hema Raghavan 9692,backend_developer,Senior,mixed,java|postgresql|rest api|spring boot|sql
Jaya Desai 9693,frontend_developer,Junior,full,git|javascript|linux|react
Ananya Singh 9694,devops_engineer,Mid,mixed,ci/cd|cloud|deep learning|git|java|kubernetes|linux
Nisha Kaur 9695,data_engineer,Mid,mixed,docker|kubernetes|mongodb|pandas|postgresql|python|sql
Vikram Desai 9696,ml_engineer,Intern,mixed,artificial intelligence|machine learning|natural language processing|pytorch|scikit-learn|sql
Nisha Pillai 9697,data_scientist,Junior,full,data analysis|machine learning|sql|statistics
Harini Bhatt 9698,nlp_engineer,Senior,abbr,cloud|deep learning|docker|machine learning|natural language processing|power bi|python|pytorch|text classification
Bhargav Venkatesh 9699,data_analyst,Intern,full,data analysis|excel|python|sql
Charu Agarwal 9700,backend_developer,Mid,full,git|java|linux|postgresql|rest api|sql
Siddharth Menon,frontend_developer,Senior,abbr,git|html/css|javascript|node.js|react|rest api
Jatin Varma 9702,devops_engineer,Intern,full,docker|kubernetes|linux|postgresql|react
Bhavna Pillai 9703,data_engineer,Mid,full,ci/cd|cloud|docker|kubernetes|pandas|python|sql
Sahana Patel 9704,ml_engineer,Intern,abbr,deep learning|docker|scikit-learn|sql|tensorflow
Rakesh Bhatt 9705,data_scientist,Junior,mixed,cloud|data analysis|machine learning|numpy|python|scikit-learn|statistics
Darshan Bhatt 9706,nlp_engineer,Junior,mixed,deep learning|machine learning|python|pytorch|scikit-learn|text classification
Priya Varma 9707,data_analyst,Junior,full,artificial intelligence|cloud|data analysis|excel|pandas|power bi|python|tableau
Farhan Nambiar,backend_developer,Mid,full,java|linux|mongodb|postgresql|python|rest api|spring boot|text classification
Pranav Agarwal 9709,frontend_developer,Intern,abbr,data analysis|html/css|power bi|react
Nikhil Kaur 9710,devops_engineer,Junior,full,ci/cd|docker|java|kubernetes|linux
Parvati Kulkarni 9711,data_engineer,Junior,mixed,docker|linux|postgresql|python|sql
Jaya Saxena 9712,ml_engineer,Senior,mixed,computer vision|deep learning|machine learning|natural language processing|numpy|python|pytorch|scikit-learn|sql|tensorflow
Bhargav Bhatt 9713,data_scientist,Intern,abbr,machine learning|pandas|statistics
Uma Desai 9714,nlp_engineer,Senior,full,artificial intelligence|cloud|deep learning|kubernetes|natural language processing|numpy|python|pytorch|scikit-learn|text classification
Qamar Tiwari 9715,data_analyst,Mid,abbr,data analysis|power bi|sql|tableau
Rohan Kulkarni 9716,backend_developer,Senior,mixed,docker|java|postgresql|rest api|spring boot|sql
Udhav Balan 9717,frontend_developer,Junior,mixed,git|html/css|javascript|sql
Tarun Singh 9718,devops_engineer,Junior,mixed,cloud|docker|git|kubernetes|linux|postgresql|python
Ravi Malhotra 9719,data_engineer,Junior,mixed,cloud|kubernetes|mongodb|postgresql|python|sql
Dhruv Chandran 9720,ml_engineer,Intern,full,ci/cd|deep learning|docker|machine learning|natural language processing|python
Jatin Hegde 9721,data_scientist,Intern,full,machine learning|python|statistics
Varun Kapoor 9722,nlp_engineer,Intern,mixed,deep learning|natural language processing|python
Rahul Chopra 9723,data_analyst,Intern,mixed,excel|sql|tableau|text classification
Indira Naidu 9724,backend_developer,Mid,full,docker|java|linux|rest api|spring boot|sql
Neha Kumar 9725,frontend_developer,Junior,mixed,docker|git|html/css|javascript
Sanjay Sharma 9726,devops_engineer,Mid,mixed,ci/cd|cloud|docker|kubernetes
Ravi Kumar 9727,data_engineer,Senior,full,cloud|docker|postgresql|python|sql
Abhay Subramanian 9728,ml_engineer,Junior,full,machine learning|python|pytorch|tensorflow
Varun Kaur 9729,data_scientist,Intern,abbr,computer vision|machine learning|pandas|statistics
Hema Subramanian 9730,nlp_engineer,Intern,full,deep learning|natural language processing|text classification
Darshan Dubey 9731,data_analyst,Junior,full,data analysis|docker|postgresql|power bi|python|react|sql|tableau
Indira Deshpande 9732,backend_developer,Intern,mixed,postgresql|rest api|spring boot|sql|text classification
Trisha Raghavan 9733,frontend_developer,Senior,mixed,git|html/css|javascript|node.js|react|rest api
Akash Deshpande 9734,devops_engineer,Senior,mixed,ci/cd|cloud|docker|kubernetes|linux
Trisha Varma 9735,data_engineer,Intern,full,ci/cd|docker|pandas|postgresql|python
Shreya Gupta 9736,ml_engineer,Mid,mixed,computer vision|deep learning|natural language processing|python|pytorch|scikit-learn|sql|tensorflow
Rhea Deshpande 9737,data_scientist,Senior,abbr,cloud|data analysis|machine learning|pandas|python|sql|statistics
Nikhil Venkatesh 9738,nlp_engineer,Senior,mixed,deep learning|natural language processing|numpy|python|pytorch|text classification
Indira Krishnan 9739,data_analyst,Junior,full,data analysis|excel|postgresql|power bi|tableau
Uma Prasad 9740,backend_developer,Intern,full,java|linux|spring boot|sql
Rajesh Rao 9741,frontend_developer,Junior,abbr,git|html/css|javascript|pandas
Gaurav Shetty 9742,devops_engineer,Senior,abbr,ci/cd|cloud|docker|java|kubernetes|linux
Esha Varma 9743,data_engineer,Junior,abbr,ci/cd|cloud|docker|linux|numpy|postgresql|sql
Naveen Pillai 9744,ml_engineer,Intern,mixed,computer vision|docker|machine learning|pandas|python|tensorflow
Anjali Nair 9745,data_scientist,Junior,mixed,cloud|machine learning|pandas|python|sql|tableau
Rohan Chopra 9746,nlp_engineer,Senior,full,artificial intelligence|cloud|deep learning|html/css|natural language processing|python|pytorch|scikit-learn|text classification
Jaya Sharma 9747,data_analyst,Junior,mixed,data analysis|excel|postgresql|power bi|python|tableau
Ishaan Reddy 9748,backend_developer,Senior,full,cloud|java|postgresql|rest api|spring boot|sql
Dhruv Malhotra 9749,frontend_developer,Senior,abbr,docker|git|html/css|javascript|react|rest api
Manish Varma 9750,devops_engineer,Mid,abbr,cloud|docker|git|kubernetes|linux|sql
Naveen Singh 9751,data_engineer,Mid,abbr,cloud|docker|postgresql|sql
Priya Nambiar 9752,ml_engineer,Junior,mixed,deep learning|python|scikit-learn|tensorflow
Manish Kumar,data_scientist,Intern,abbr,data analysis|git|power bi|python|sql|statistics|tableau
Ritu Joshi 9754,nlp_engineer,Junior,mixed,deep learning|numpy|python|pytorch|text classification
Pallavi Shetty 9755,data_analyst,Mid,mixed,excel|power bi|sql|tableau
Uma Singh 9756,backend_developer,Intern,full,java|machine learning|mongodb|postgresql|python|spring boot
Vidya Balan 9757,frontend_developer,Junior,abbr,html/css|javascript|react
Uma Raghavan 9758,devops_engineer,Senior,mixed,ci/cd|cloud|docker|java|kubernetes|linux|python|statistics
Esha Saxena 9759,data_engineer,Intern,full,machine learning|postgresql|python|sql
Vinay Kumar 9760,ml_engineer,Intern,full,deep learning|machine learning|pandas|power bi|scikit-learn
Akash Joshi 9761,data_scientist,Intern,full,artificial intelligence|cloud|data analysis|pandas|sql|tableau
Rohan Venkatesh 9762,nlp_engineer,Junior,abbr,deep learning|natural language processing|python|text classification
Naveen Reddy 9763,data_analyst,Junior,full,data analysis|excel|pandas|postgresql|power bi|tableau
Gaurav Raghavan 9764,backend_developer,Intern,mixed,excel|postgresql|rest api|spring boot|sql
Lalita Deshpande 9765,frontend_developer,Mid,mixed,docker|git|javascript|node.js|react
Harini Kumar 9766,devops_engineer,Senior,full,ci/cd|cloud|docker|kubernetes|linux|python
Charu Venkatesh 9767,data_engineer,Senior,abbr,cloud|docker|kubernetes|linux|postgresql|python|sql
Trisha Gupta 9768,ml_engineer,Mid,abbr,machine learning|mongodb|pandas|python|pytorch|rest api|scikit-learn|tensorflow
Ravi Tiwari 9769,data_scientist,Intern,mixed,data analysis|machine learning|pandas
Divya Kaur 9770,nlp_engineer,Mid,full,deep learning|natural language processing|python|pytorch|tableau|text classification
Trisha Menon 9771,data_analyst,Junior,mixed,data analysis|git|pandas|postgresql|power bi|sql|tableau
Kavya Iyer 9772,backend_developer,Senior,mixed,docker|java|kubernetes|linux|mongodb|postgresql|rest api|spring boot|sql
Ramya Chopra,frontend_developer,Intern,abbr,javascript|react|rest api
Farhan Malhotra 9774,devops_engineer,Junior,full,ci/cd|cloud|data analysis|docker|linux
Anjali Kaur 9775,data_engineer,Junior,abbr,deep learning|docker|linux|pandas|postgresql|python|scikit-learn|sql
Vikram Singh 9776,ml_engineer,Senior,full,computer vision|deep learning|machine learning|natural language processing|numpy|pandas|python|pytorch|scikit-learn|sql|tensorflow
Kavya Jain 9777,data_scientist,Senior,abbr,data analysis|machine learning|pandas|python|sql|statistics
Manish Deshpande 9778,nlp_engineer,Junior,full,deep learning|docker|natural language processing|numpy|pytorch|text classification
Swathi Venkatesh 9779,data_analyst,Mid,abbr,data analysis|excel|html/css|javascript|sql|tableau
Varun Malhotra 9780,backend_developer,Junior,full,cloud|docker|git|java|mongodb|postgresql|spring boot|sql
Ritu Singh 9781,frontend_developer,Senior,full,git|html/css|javascript|node.js|react|rest api
Divya Prasad 9782,devops_engineer,Mid,full,ci/cd|docker|excel|java|kubernetes|linux|pandas
Charu Naidu 9783,data_engineer,Mid,full,docker|kubernetes|linux|pandas|postgresql|python|rest api|sql
Sameer Deshpande 9784,ml_engineer,Mid,mixed,deep learning|docker|machine learning|natural language processing|pandas|python|scikit-learn|sql|statistics|tensorflow
Trisha Sharma 9785,data_scientist,Junior,full,data analysis|machine learning|pandas|sql
Pooja Kapoor 9786,nlp_engineer,Junior,full,git|java|natural language processing|python|pytorch|text classification
Rohan Raghavan 9787,data_analyst,Mid,mixed,data analysis|pandas|power bi|sql|tableau
Kiran Bhatt 9788,backend_developer,Senior,full,java|postgresql|rest api|spring boot|sql
Rhea Nair 9789,frontend_developer,Mid,mixed,cloud|html/css|javascript|react|rest api
Bhargav Saxena 9790,devops_engineer,Senior,abbr,ci/cd|cloud|data analysis|docker|git|java|kubernetes|linux|tableau
Ganesh Saxena 9791,data_engineer,Mid,full,ci/cd|cloud|kubernetes|postgresql|python|spring boot|sql
Chetan Venkatesh 9792,ml_engineer,Junior,mixed,cloud|machine learning|python|scikit-learn|tensorflow
Aditi Tiwari 9793,data_scientist,Intern,abbr,deep learning|machine learning|python|sql
Jaya Deshpande 9794,nlp_engineer,Intern,abbr,artificial intelligence|deep learning|git|mongodb|natural language processing|pytorch
Farhan Desai 9795,data_analyst,Intern,full,data analysis|pandas|postgresql|power bi|statistics|tableau
Anjali Bhatt 9796,backend_developer,Intern,full,docker|git|rest api|spring boot|sql
Nisha Balan 9797,frontend_developer,Intern,full,docker|javascript|react|rest api
Gaurav Patel 9798,devops_engineer,Senior,mixed,ci/cd|cloud|data analysis|docker|java|kubernetes|linux|python|sql
Dhruv Rao 9799,data_engineer,Senior,abbr,cloud|docker|postgresql|python|sql
Meera Kumar 9800,ml_engineer,Mid,mixed,cloud|computer vision|docker|machine learning|node.js|pandas|python|pytorch|rest api|scikit-learn|tensorflow
Tanvi Gupta 9801,data_scientist,Mid,mixed,data analysis|machine learning|numpy|pandas|power bi|python|statistics
Neha Prasad 9802,nlp_engineer,Intern,full,deep learning|javascript|node.js|python|pytorch
Charu Subramanian 9803,data_analyst,Senior,full,data analysis|excel|pandas|power bi|sql|tableau
Neha Kaur 9804,backend_developer,Junior,abbr,deep learning|java|postgresql|python|spring boot|sql
Ananya Chopra 9805,frontend_developer,Intern,full,docker|javascript|react
Priya Saxena,devops_engineer,Mid,full,ci/cd|cloud|kubernetes|linux|python
Sahana Agarwal 9807,data_engineer,Mid,full,cloud|postgresql|python|sql
Rhea Hegde 9808,ml_engineer,Junior,mixed,cloud|machine learning|natural language processing|python|pytorch|scikit-learn
Pallavi Naidu 9809,data_scientist,Intern,mixed,data analysis|deep learning|pandas|sql
Dhruv Venkatesh 9810,nlp_engineer,Mid,abbr,cloud|deep learning|java|numpy|python|pytorch|text classification
Vishal Prasad 9811,data_analyst,Senior,abbr,cloud|data analysis|excel|power bi|sql|tableau|text classification
Hema Sharma 9812,backend_developer,Junior,mixed,docker|java|linux|postgresql|spring boot|sql
Aarav Prasad 9813,frontend_developer,Intern,abbr,git|kubernetes|linux|node.js|react
Rohan Nambiar 9814,devops_engineer,Senior,abbr,ci/cd|cloud|docker|git|kubernetes|linux
Aniket Bhatt 9815,data_engineer,Junior,full,cloud|docker|postgresql|sql
Varun Singh 9816,ml_engineer,Senior,abbr,cloud|deep learning|docker|machine learning|numpy|pandas|python|pytorch|scikit-learn|statistics|tensorflow
Priya Raghavan 9817,data_scientist,Intern,mixed,machine learning|numpy|pandas|statistics
Sneha Chandran 9818,nlp_engineer,Intern,abbr,deep learning|docker|natural language processing|numpy|pytorch|sql
Ananya Naidu 9819,data_analyst,Senior,full,data analysis|excel|postgresql|power bi|sql|tableau
Akash Tiwari 9820,backend_developer,Junior,abbr,java|postgresql|spring boot|sql
Lakshmi Agarwal 9821,frontend_developer,Junior,full,git|html/css|javascript
Suresh Kapoor 9822,devops_engineer,Junior,mixed,ci/cd|docker|git|java|kubernetes|linux|python
Ritu Patel 9823,data_engineer,Junior,full,cloud|docker|javascript|postgresql|python|sql
Kabir Joshi 9824,ml_engineer,Junior,abbr,computer vision|machine learning|pytorch|scikit-learn|tensorflow
Kiran Reddy 9825,data_scientist,Junior,full,data analysis|machine learning|python|sql
Kabir Krishnan 9826,nlp_engineer,Intern,full,python|pytorch|text classification
Yash Gupta 9827,data_analyst,Intern,mixed,data analysis|power bi|sql
Siddharth Chopra 9828,backend_developer,Intern,mixed,excel|postgresql|spring boot|sql|tableau
Uma Raghavan 9829,frontend_developer,Senior,abbr,git|html/css|javascript|react
Charu Shetty 9830,devops_engineer,Junior,full,ci/cd|docker|kubernetes|linux|postgresql
Varun Patel 9831,data_engineer,Senior,full,ci/cd|cloud|docker|kubernetes|pandas|postgresql|python|sql
Nikhil Iyer 9832,ml_engineer,Junior,mixed,deep learning|machine learning|python|tensorflow
Suresh Menon 9833,data_scientist,Intern,mixed,artificial intelligence|cloud|data analysis|machine learning|statistics|text classification
Indira Bhatt 9834,nlp_engineer,Intern,mixed,numpy|python|pytorch|text classification
Lalita Mehta 9835,data_analyst,Intern,mixed,data analysis|power bi|tableau
Rakesh Jain 9836,backend_developer,Intern,abbr,java|linux|postgresql|spring boot
Vinay Varma 9837,frontend_developer,Junior,abbr,git|html/css|react
Parvati Kulkarni 9838,devops_engineer,Senior,full,ci/cd|cloud|docker|kubernetes|linux|sql
Sneha Naidu 9839,data_engineer,Intern,abbr,cloud|docker|kubernetes|python
Aarav Desai 9840,ml_engineer,Intern,mixed,deep learning|machine learning|python|sql|tensorflow
Lalita Patel 9841,data_scientist,Senior,full,cloud|data analysis|html/css|machine learning|pandas|python|sql|statistics|tableau|text classification
Sahana Kapoor 9842,nlp_engineer,Senior,full,deep learning|docker|natural language processing|python|pytorch|text classification
Ritu Verma 9843,data_analyst,Mid,mixed,data analysis|excel|power bi|tableau
Zoya Kulkarni 9844,backend_developer,Senior,mixed,docker|git|java|kubernetes|mongodb|postgresql|rest api|spring boot|sql
Vidya Pillai 9845,frontend_developer,Intern,abbr,html/css|react
Sneha Subramanian 9846,devops_engineer,Intern,mixed,ci/cd|cloud|docker|git
Vidya Kaur 9847,data_engineer,Junior,mixed,cloud|docker|postgresql|python
Kiran Verma 9848,ml_engineer,Mid,mixed,deep learning|docker|machine learning|natural language processing|python|scikit-learn|sql|statistics|tensorflow
Trisha Venkatesh 9849,data_scientist,Intern,abbr,data analysis|sql|statistics|tableau
Dhruv Balan 9850,nlp_engineer,Junior,mixed,deep learning|natural language processing|python|pytorch
Darshan Balan 9851,data_analyst,Junior,abbr,excel|pandas|power bi|python|scikit-learn|sql|tableau
Jaya Chopra 9852,backend_developer,Junior,abbr,java|postgresql|rest api|spring boot
Madhav Ghosh 9853,frontend_developer,Mid,full,docker|html/css|javascript|react|rest api|tableau
Ananya Rao 9854,devops_engineer,Intern,mixed,cloud|docker|linux|pandas|postgresql
Pranav Verma 9855,data_engineer,Intern,abbr,cloud|pandas|postgresql|python
Priya Raghavan 9856,ml_engineer,Junior,mixed,deep learning|machine learning|natural language processing|pandas|python|scikit-learn|sql|tableau|tensorflow
Naveen Kaur 9857,data_scientist,Intern,full,data analysis|git|pandas|sql
Ishaan Subramanian 9858,nlp_engineer,Mid,mixed,natural language processing|python|pytorch|scikit-learn|text classification
Suresh Menon 9859,data_analyst,Intern,abbr,data analysis|node.js|pandas|power bi|sql
Abhay Menon 9860,backend_developer,Intern,mixed,html/css|postgresql|react|rest api|spring boot
Sneha Mehta 9861,frontend_developer,Mid,abbr,git|html/css|react
Suresh Kumar 9862,devops_engineer,Mid,full,ci/cd|cloud|docker|kubernetes
Omkar Menon 9863,data_engineer,Senior,full,cloud|docker|postgresql|python|sql
Siddharth Kaur 9864,ml_engineer,Intern,abbr,git|javascript|machine learning|natural language processing|python|tensorflow
Hema Mehta 9865,data_scientist,Junior,mixed,data analysis|machine learning|numpy|pandas|statistics
Pranav Naidu 9866,nlp_engineer,Mid,mixed,deep learning|python|pytorch|sql|text classification
Vidya Patel 9867,data_analyst,Junior,full,data analysis|power bi|sql|tableau
Gaurav Shetty 9868,backend_developer,Mid,full,java|postgresql|python|rest api|sql
Ishaan Nair 9869,frontend_developer,Junior,full,cloud|git|html/css|javascript
Jatin Patel 9870,devops_engineer,Senior,abbr,ci/cd|cloud|docker|kubernetes|linux|sql
Pooja Varma 9871,data_engineer,Senior,full,cloud|docker|linux|pandas|postgresql|python|sql
Siddharth Malhotra 9872,ml_engineer,Junior,abbr,deep learning|kubernetes|linux|machine learning|python|pytorch
Pranav Krishnan 9873,data_scientist,Intern,full,machine learning|pandas|statistics
Anjali Agarwal 9874,nlp_engineer,Junior,abbr,cloud|deep learning|machine learning|natural language processing|pytorch|text classification
Uma Bhatt 9875,data_analyst,Junior,mixed,artificial intelligence|data analysis|excel|pytorch|sql|tableau
Tanvi Nambiar 9876,backend_developer,Intern,mixed,java|mongodb|postgresql|spring boot
Tanvi Saxena 9877,frontend_developer,Mid,mixed,docker|git|html/css|react
Yash Iyer 9878,devops_engineer,Junior,abbr,ci/cd|cloud|docker|linux
Kabir Reddy 9879,data_engineer,Senior,mixed,ci/cd|cloud|docker|kubernetes|linux|postgresql|python|sql
Ananya Chandran,ml_engineer,Senior,mixed,cloud|deep learning|machine learning|natural language processing|pandas|postgresql|python|pytorch|scikit-learn|statistics|tensorflow
Ravi Jain 9881,data_scientist,Intern,abbr,cloud|data analysis|machine learning|sql
Charu Pillai 9882,nlp_engineer,Junior,abbr,cloud|deep learning|natural language processing|pytorch|text classification
Manish Patel 9883,data_analyst,Senior,abbr,data analysis|excel|linux|power bi|python|sql|tableau
Rhea Tiwari 9884,backend_developer,Mid,full,docker|java|postgresql|python|rest api|spring boot
Zoya Patel 9885,frontend_developer,Mid,mixed,html/css|javascript|react|rest api
Nandini Sharma 9886,devops_engineer,Intern,full,ci/cd|docker|kubernetes|python
Shreya Tiwari,data_engineer,Senior,full,ci/cd|cloud|docker|excel|kubernetes|pandas|postgresql|power bi|python|sql
Darshan Mehta 9888,ml_engineer,Mid,abbr,ci/cd|cloud|machine learning|natural language processing|python|pytorch|scikit-learn|sql|statistics|tensorflow
Rajesh Rao 9889,data_scientist,Junior,mixed,data analysis|machine learning|pandas|power bi|sql|statistics
Suresh Dubey 9890,nlp_engineer,Senior,mixed,deep learning|natural language processing|python|pytorch|text classification
Udhav Bhatt,data_analyst,Intern,mixed,excel|power bi|tableau
Indira Raghavan 9892,backend_developer,Mid,abbr,java|kubernetes|rest api|spring boot|sql
Gaurav Varma,frontend_developer,Senior,full,git|html/css|javascript|react
Ramya Singh 9894,devops_engineer,Intern,mixed,ci/cd|cloud|docker|natural language processing|postgresql|scikit-learn
Anjali Verma 9895,data_engineer,Intern,full,deep learning|docker|mongodb|python|sql
Vidya Ghosh 9896,ml_engineer,Junior,abbr,machine learning|natural language processing|python|scikit-learn|sql|tensorflow
Tanvi Venkatesh 9897,data_scientist,Intern,abbr,machine learning|pandas|python
Madhav Venkatesh 9898,nlp_engineer,Mid,full,docker|machine learning|natural language processing|python|pytorch|text classification
Nisha Kapoor 9899,data_analyst,Senior,abbr,data analysis|excel|pandas|power bi|python|sql|tableau
Parvati Joshi 9900,backend_developer,Senior,mixed,computer vision|java|postgresql|python|rest api|spring boot|sql
Aniket Hegde 9901,frontend_developer,Senior,mixed,git|html/css|javascript|react
Ritu Mehta 9902,devops_engineer,Mid,mixed,ci/cd|docker|git|kubernetes|linux|pandas|postgresql|tableau
Divya Sharma,data_engineer,Junior,mixed,cloud|docker|pandas|postgresql|sql
Sameer Agarwal 9904,ml_engineer,Senior,full,cloud|deep learning|machine learning|numpy|pandas|python|pytorch|scikit-learn|tensorflow
Udhav Desai 9905,data_scientist,Senior,mixed,data analysis|deep learning|machine learning|pandas|power bi|python|sql|statistics|tableau|text classification
Akash Kulkarni 9906,nlp_engineer,Senior,abbr,deep learning|natural language processing|python|pytorch|text classification
Deepa Prasad 9907,data_analyst,Junior,abbr,data analysis|pandas|power bi|sql|tableau
Madhav Naidu 9908,backend_developer,Intern,mixed,java|kubernetes|postgresql|python|sql
Gaurav Reddy 9909,frontend_developer,Junior,full,html/css|javascript|node.js|react
Kavya Tiwari 9910,devops_engineer,Senior,full,ci/cd|cloud|docker|java|kubernetes|linux|postgresql
Harini Bhatt 9911,data_engineer,Junior,full,cloud|docker|pandas|python|sql
Neha Nambiar 9912,ml_engineer,Mid,full,cloud|computer vision|deep learning|docker|machine learning|pandas|python|pytorch|scikit-learn|statistics
Sameer Varma 9913,data_scientist,Senior,full,cloud|data analysis|deep learning|machine learning|pandas|python|scikit-learn|sql|statistics
Tanvi Chopra 9914,nlp_engineer,Intern,mixed,artificial intelligence|deep learning|natural language processing|sql|text classification
Bhargav Chopra 9915,data_analyst,Senior,full,data analysis|excel|pandas|power bi|sql|tableau
Yamini Varma 9916,backend_developer,Senior,abbr,git|java|linux|postgresql|python|rest api|spring boot|sql
Kabir Patel 9917,frontend_developer,Intern,abbr,cloud|docker|git|react|tensorflow
Sahana Subramanian 9918,devops_engineer,Mid,abbr,ci/cd|cloud|docker|git|kubernetes|statistics
Mohit Iyer 9919,data_engineer,Senior,abbr,cloud|docker|pandas|postgresql|python|sql
Vinay Shetty 9920,ml_engineer,Intern,full,computer vision|deep learning|git|pytorch|sql|tensorflow
Ananya Ghosh 9921,data_scientist,Senior,full,data analysis|kubernetes|linux|machine learning|pandas|python|scikit-learn|sql|statistics|text classification
Omkar Nambiar 9922,nlp_engineer,Intern,full,deep learning|natural language processing|text classification
Kiran Kumar 9923,data_analyst,Mid,mixed,cloud|data analysis|excel|power bi|tableau
Swathi Menon 9924,backend_developer,Intern,mixed,git|rest api|spring boot|sql
Qamar Menon 9925,frontend_developer,Mid,mixed,git|html/css|javascript|machine learning
Trisha Balan 9926,devops_engineer,Junior,mixed,ci/cd|cloud|docker|git|linux
Zoya Rao 9927,data_engineer,Mid,abbr,ci/cd|docker|linux|postgresql|python|sql
Suresh Mehta 9928,ml_engineer,Senior,abbr,deep learning|machine learning|python|pytorch|scikit-learn|statistics|tensorflow
Aarav Bhatt 9929,data_scientist,Junior,mixed,cloud|data analysis|deep learning|machine learning|power bi|python|statistics
Sanjay Desai 9930,nlp_engineer,Intern,mixed,deep learning|numpy|python|text classification
Harini Raghavan 9931,data_analyst,Mid,mixed,data analysis|excel|power bi|sql
Hema Kumar 9932,backend_developer,Mid,mixed,docker|java|postgresql|rest api|spring boot
Indira Deshpande 9933,frontend_developer,Senior,mixed,git|html/css|javascript|node.js|react
Abhay Chandran 9934,devops_engineer,Senior,mixed,ci/cd|cloud|docker|kubernetes|linux|sql
Trisha Menon 9935,data_engineer,Intern,abbr,cloud|data analysis|docker|excel|linux|sql
Chetan Verma 9936,ml_engineer,Junior,full,computer vision|deep learning|python|pytorch|scikit-learn
Indira Raghavan 9937,data_scientist,Senior,mixed,cloud|data analysis|machine learning|pandas|python|sql|statistics
Sonal Varma 9938,nlp_engineer,Senior,full,artificial intelligence|cloud|deep learning|docker|natural language processing|python|pytorch|scikit-learn|text classification
Madhav Singh 9939,data_analyst,Intern,mixed,data analysis|excel|sql|statistics
Rakesh Pillai 9940,backend_developer,Intern,abbr,docker|java|spring boot|sql
Kiran Joshi 9941,frontend_developer,Junior,mixed,git|javascript|node.js|react
Rhea Agarwal 9942,devops_engineer,Intern,mixed,cloud|docker|git|linux
Zoya Prasad 9943,data_engineer,Mid,mixed,docker|mongodb|pandas|postgresql|python|sql
Varun Hegde 9944,ml_engineer,Senior,abbr,computer vision|data analysis|deep learning|docker|machine learning|numpy|python|pytorch|scikit-learn|sql|statistics|tensorflow
Indira Mehta 9945,data_scientist,Senior,mixed,artificial intelligence|data analysis|deep learning|machine learning|numpy|pandas|python|scikit-learn|sql|statistics
Zoya Verma 9946,nlp_engineer,Junior,mixed,cloud|deep learning|natural language processing|python|pytorch
Arjun Tiwari 9947,data_analyst,Senior,abbr,data analysis|excel|pandas|power bi|sql|tableau
Nisha Sharma 9948,backend_developer,Junior,abbr,java|linux|postgresql|python|spring boot|sql
Vinay Patel 9949,frontend_developer,Mid,abbr,html/css|javascript|linux|node.js|pandas|react
Neha Balan 9950,devops_engineer,Junior,full,ci/cd|cloud|docker|java|kubernetes|linux|machine learning|python
Farhan Balan 9951,data_engineer,Senior,full,cloud|docker|kubernetes|postgresql|python|sql
Lakshmi Sharma 9952,ml_engineer,Junior,full,deep learning|numpy|python|pytorch|sql|tensorflow
Tanvi Hegde 9953,data_scientist,Intern,mixed,pandas|postgresql|sql|statistics
Sneha Malhotra 9954,nlp_engineer,Mid,abbr,artificial intelligence|docker|machine learning|natural language processing|python|pytorch|text classification
Ramya Balan 9955,data_analyst,Junior,full,data analysis|excel|javascript|postgresql|sql|tableau
Ramya Shetty 9956,backend_developer,Mid,abbr,git|java|postgresql|spring boot|sql|tableau
Ananya Iyer 9957,frontend_developer,Intern,mixed,html/css|react
Mohit Ghosh 9958,devops_engineer,Senior,full,ci/cd|cloud|docker|git|kubernetes|linux|postgresql
Vidya Kumar 9959,data_engineer,Junior,mixed,cloud|docker|python|sql
Sanjay Kumar 9960,ml_engineer,Junior,mixed,deep learning|docker|natural language processing|pandas|python|pytorch|tensorflow
Ravi Singh 9961,data_scientist,Senior,abbr,data analysis|machine learning|pandas|python|sql|statistics
Swathi Mehta 9962,nlp_engineer,Senior,mixed,cloud|deep learning|natural language processing|python|pytorch|text classification
Mohit Venkatesh 9963,data_analyst,Junior,full,excel|linux|postgresql|power bi|sql|tableau
Charu Krishnan,backend_developer,Intern,abbr,cloud|java|postgresql|python|rest api
Dhruv Kumar 9965,frontend_developer,Intern,full,git|react
Nikhil Desai 9966,devops_engineer,Mid,abbr,ci/cd|cloud|docker|linux|postgresql
Sonal Hegde 9967,data_engineer,Mid,full,cloud|kubernetes|postgresql|python|sql
Hema Dubey 9968,ml_engineer,Junior,abbr,excel|machine learning|pandas|pytorch|scikit-learn|tensorflow
Rahul Kulkarni 9969,data_scientist,Senior,mixed,cloud|data analysis|docker|machine learning|pandas|python|rest api|scikit-learn|sql|statistics|text classification
Nikhil Kumar 9970,nlp_engineer,Intern,mixed,cloud|deep learning|docker|natural language processing|text classification
Kiran Gupta 9971,data_analyst,Senior,abbr,data analysis|excel|power bi|sql|tableau
Siddharth Jain 9972,backend_developer,Senior,mixed,java|postgresql|rest api|spring boot|sql
Charu Dubey 9973,frontend_developer,Mid,full,git|html/css|javascript
Dhruv Ghosh 9974,devops_engineer,Junior,full,ci/cd|cloud|docker|linux
Qamar Chopra 9975,data_engineer,Intern,mixed,cloud|docker|kubernetes|linux|postgresql|python
Trisha Kumar 9976,ml_engineer,Mid,abbr,cloud|deep learning|docker|machine learning|pytorch|scikit-learn|sql|tensorflow
Bhavna Venkatesh 9977,data_scientist,Mid,abbr,data analysis|pandas|power bi|python|sql|statistics|text classification
Farhan Jain,nlp_engineer,Junior,abbr,artificial intelligence|cloud|natural language processing|python|pytorch|statistics|text classification
Ramya Chopra 9979,data_analyst,Mid,mixed,data analysis|postgresql|power bi|sql|tableau
Yash Agarwal 9980,backend_developer,Senior,mixed,git|java|linux|postgresql|rest api|spring boot|sql
Vikram Prasad 9981,frontend_developer,Senior,mixed,git|html/css|javascript|react|rest api
Mohit Rao 9982,devops_engineer,Junior,mixed,ci/cd|docker|kubernetes|linux|pandas|python|sql
Ishaan Jain 9983,data_engineer,Senior,mixed,cloud|docker|postgresql|python|sql
Jaya Nambiar 9984,ml_engineer,Junior,mixed,cloud|computer vision|deep learning|numpy|python|pytorch|tensorflow
Deepa Ghosh 9985,data_scientist,Junior,abbr,pandas|python|sql|statistics
Jaya Nambiar 9986,nlp_engineer,Mid,abbr,deep learning|natural language processing|numpy|python|pytorch
Chetan Prasad 9987,data_analyst,Intern,full,data analysis|power bi|statistics|tableau
Charu Desai 9988,backend_developer,Intern,full,mongodb|postgresql|python|rest api|sql|statistics
Gaurav Nambiar 9989,frontend_developer,Mid,abbr,docker|git|html/css|javascript|node.js
Nikhil Krishnan 9990,devops_engineer,Mid,abbr,ci/cd|cloud|docker|git|html/css|java|javascript|linux
Udhav Balan 9991,data_engineer,Mid,abbr,cloud|docker|kubernetes|python|sql
Aditi Balan 9992,ml_engineer,Intern,abbr,computer vision|excel|natural language processing|python|pytorch|scikit-learn|sql
Darshan Saxena 9993,data_scientist,Junior,mixed,ci/cd|cloud|data analysis|pandas|sql|statistics|tableau
Nandini Desai 9994,nlp_engineer,Senior,mixed,deep learning|natural language processing|python|pytorch|scikit-learn|text classification
Trisha Kapoor 9995,data_analyst,Junior,mixed,data analysis|excel|linux|power bi|python|tableau
Rhea Chopra 9996,backend_developer,Senior,abbr,docker|git|java|linux|postgresql|rest api|spring boot|sql
Trisha Tiwari 9997,frontend_developer,Intern,mixed,docker|html/css|javascript
Neha Jain 9998,devops_engineer,Junior,mixed,ci/cd|cloud|docker|linux
Swathi Saxena 9999,data_engineer,Senior,full,ci/cd|cloud|docker|postgresql|python|sql|statistics|tableau
